ma_ho_so,ma_kh,ngay_bao_cao,so_tctd_khac_dang_vay,du_no_tctd_khac,nghia_vu_tra_no_thang_tctd_khac,nhom_no_hien_tai,nhom_no_cao_nhat_con_luu,so_lan_hoi_tin_6_thang
HSCN00001,KH000002,2026-12-31,0,0.0,0.0,1,1,2
HSCN00002,KH000004,2026-12-31,0,0.0,0.0,1,1,1
HSCN00003,KH000006,2026-12-31,1,53000000.0,1370000.0,1,1,0
HSCN00004,KH000008,2026-12-31,0,0.0,0.0,1,2,1
HSCN00005,KH000010,2026-12-31,2,119000000.0,5790000.0,1,1,1
HSCN00006,KH000011,2026-12-31,0,0.0,0.0,1,1,3
HSCN00007,KH000012,2026-12-31,3,36000000.0,1640000.0,1,1,1
HSCN00008,KH000013,2026-12-31,1,111000000.0,4420000.0,1,1,0
HSCN00009,KH000014,2026-12-31,0,0.0,0.0,1,1,0
HSCN00010,KH000015,2026-12-31,0,0.0,0.0,1,1,2
HSCN00011,KH000016,2026-12-31,1,54000000.0,2630000.0,1,1,1
HSCN00012,KH000017,2026-12-31,0,0.0,0.0,1,1,0
HSCN00013,KH000019,2026-12-31,3,211000000.0,10570000.0,1,1,2
HSCN00014,KH000021,2026-12-31,0,0.0,0.0,1,1,1
HSCN00015,KH000025,2026-12-31,3,133000000.0,6430000.0,1,1,1
HSCN00016,KH000026,2026-12-31,0,0.0,0.0,1,1,0
HSCN00017,KH000027,2026-12-31,0,0.0,0.0,1,1,5
HSCN00018,KH000030,2026-12-31,2,39000000.0,1710000.0,1,1,3
HSCN00019,KH000031,2026-12-31,0,0.0,0.0,1,1,2
HSCN00020,KH000032,2026-12-31,0,0.0,0.0,1,1,0
HSCN00021,KH000033,2026-12-31,2,112000000.0,4560000.0,1,1,3
HSCN00022,KH000035,2026-12-31,0,0.0,0.0,1,1,0
HSCN00023,KH000037,2026-12-31,0,0.0,0.0,1,1,1
HSCN00024,KH000038,2026-12-31,0,0.0,0.0,2,2,4
HSCN00025,KH000039,2026-12-31,0,0.0,0.0,1,1,2
HSCN00026,KH000040,2026-12-31,1,99000000.0,3730000.0,1,1,0
HSCN00027,KH000041,2026-12-31,0,0.0,0.0,1,1,0
HSCN00028,KH000042,2026-12-31,2,259000000.0,7370000.0,1,1,2
HSCN00029,KH000044,2026-12-31,0,0.0,0.0,1,1,0
HSCN00030,KH000045,2026-12-31,0,0.0,0.0,1,2,3
HSCN00031,KH000047,2026-12-31,0,0.0,0.0,1,1,2
HSCN00032,KH000048,2026-12-31,0,0.0,0.0,1,1,0
HSCN00033,KH000049,2026-12-31,0,0.0,0.0,1,1,1
HSCN00034,KH000053,2026-12-31,0,0.0,0.0,1,2,4
HSCN00035,KH000054,2026-12-31,2,128000000.0,3380000.0,1,1,1
HSCN00036,KH000056,2026-12-31,0,0.0,0.0,1,1,1
HSCN00037,KH000059,2026-12-31,3,2055000000.0,85980000.0,3,3,0
HSCN00038,KH000060,2026-12-31,0,0.0,0.0,1,1,2
HSCN00039,KH000062,2026-12-31,1,616000000.0,16140000.0,3,3,2
HSCN00040,KH000063,2026-12-31,0,0.0,0.0,1,2,1
HSCN00041,KH000064,2026-12-31,0,0.0,0.0,1,1,4
HSCN00042,KH000066,2026-12-31,0,0.0,0.0,1,1,1
HSCN00043,KH000067,2026-12-31,0,0.0,0.0,1,1,5
HSCN00044,KH000068,2026-12-31,0,0.0,0.0,1,1,2
HSCN00045,KH000070,2026-12-31,0,0.0,0.0,1,1,2
HSCN00046,KH000071,2026-12-31,0,0.0,0.0,1,1,3
HSCN00047,KH000073,2026-12-31,0,0.0,0.0,1,1,0
HSCN00048,KH000075,2026-12-31,0,0.0,0.0,1,1,1
HSCN00049,KH000076,2026-12-31,0,0.0,0.0,1,1,2
HSCN00050,KH000078,2026-12-31,1,137000000.0,7520000.0,1,1,2
HSCN00051,KH000079,2026-12-31,3,412000000.0,23960000.0,1,1,2
HSCN00052,KH000080,2026-12-31,2,209000000.0,11580000.0,1,1,0
HSCN00053,KH000082,2026-12-31,3,85000000.0,2970000.0,1,1,1
HSCN00054,KH000083,2026-12-31,3,111000000.0,4740000.0,1,1,0
HSCN00055,KH000084,2026-12-31,0,0.0,0.0,3,3,1
HSCN00056,KH000085,2026-12-31,0,0.0,0.0,1,1,0
HSCN00057,KH000086,2026-12-31,0,0.0,0.0,1,2,0
HSCN00058,KH000087,2026-12-31,0,0.0,0.0,1,2,0
HSCN00059,KH000091,2026-12-31,1,345000000.0,16790000.0,1,1,0
HSCN00060,KH000092,2026-12-31,2,1577000000.0,82790000.0,1,1,1
HSCN00061,KH000093,2026-12-31,1,213000000.0,6820000.0,1,1,1
HSCN00062,KH000094,2026-12-31,0,0.0,0.0,1,2,2
HSCN00063,KH000096,2026-12-31,0,0.0,0.0,1,2,1
HSCN00064,KH000097,2026-12-31,0,0.0,0.0,1,1,0
HSCN00065,KH000099,2026-12-31,2,39000000.0,1240000.0,1,1,0
HSCN00066,KH000101,2026-12-31,2,79000000.0,3840000.0,1,1,3
HSCN00067,KH000103,2026-12-31,2,69000000.0,3930000.0,1,1,1
HSCN00068,KH000106,2026-12-31,0,0.0,0.0,1,1,1
HSCN00069,KH000107,2026-12-31,0,0.0,0.0,1,2,0
HSCN00070,KH000108,2026-12-31,1,48000000.0,1410000.0,1,1,2
HSCN00071,KH000109,2026-12-31,3,74000000.0,1980000.0,2,2,4
HSCN00072,KH000110,2026-12-31,3,139000000.0,5150000.0,1,1,3
HSCN00073,KH000111,2026-12-31,0,0.0,0.0,1,1,0
HSCN00074,KH000112,2026-12-31,0,0.0,0.0,1,1,4
HSCN00075,KH000113,2026-12-31,0,0.0,0.0,1,1,1
HSCN00076,KH000115,2026-12-31,1,119000000.0,4710000.0,2,2,1
HSCN00077,KH000117,2026-12-31,0,0.0,0.0,1,2,1
HSCN00078,KH000118,2026-12-31,0,0.0,0.0,1,1,1
HSCN00079,KH000120,2026-12-31,0,0.0,0.0,1,1,1
HSCN00080,KH000122,2026-12-31,0,0.0,0.0,1,1,1
HSCN00081,KH000123,2026-12-31,0,0.0,0.0,1,2,0
HSCN00082,KH000124,2026-12-31,2,247000000.0,14580000.0,1,1,1
HSCN00083,KH000125,2026-12-31,0,0.0,0.0,1,2,4
HSCN00084,KH000128,2026-12-31,0,0.0,0.0,1,1,1
HSCN00085,KH000129,2026-12-31,0,0.0,0.0,1,1,1
HSCN00086,KH000130,2026-12-31,3,82000000.0,3620000.0,1,1,2
HSCN00087,KH000131,2026-12-31,2,75000000.0,2730000.0,1,1,2
HSCN00088,KH000132,2026-12-31,2,438000000.0,19760000.0,1,1,0
HSCN00089,KH000133,2026-12-31,0,0.0,0.0,1,1,1
HSCN00090,KH000135,2026-12-31,0,0.0,0.0,1,1,1
HSCN00091,KH000136,2026-12-31,3,120000000.0,6570000.0,1,1,2
HSCN00092,KH000139,2026-12-31,3,302000000.0,11290000.0,1,1,2
HSCN00093,KH000140,2026-12-31,1,330000000.0,10460000.0,1,1,0
HSCN00094,KH000141,2026-12-31,1,18000000.0,1020000.0,1,1,0
HSCN00095,KH000142,2026-12-31,0,0.0,0.0,1,1,0
HSCN00096,KH000145,2026-12-31,1,424000000.0,20140000.0,3,3,2
HSCN00097,KH000147,2026-12-31,0,0.0,0.0,1,1,0
HSCN00098,KH000148,2026-12-31,0,0.0,0.0,1,1,2
HSCN00099,KH000149,2026-12-31,3,680000000.0,30070000.0,1,1,4
HSCN00100,KH000150,2026-12-31,1,653000000.0,37290000.0,1,2,1
HSCN00101,KH000151,2026-12-31,0,0.0,0.0,1,2,5
HSCN00102,KH000152,2026-12-31,2,75000000.0,3670000.0,1,1,1
HSCN00103,KH000153,2026-12-31,1,309000000.0,15430000.0,1,1,1
HSCN00104,KH000156,2026-12-31,0,0.0,0.0,1,1,1
HSCN00105,KH000158,2026-12-31,0,0.0,0.0,1,1,0
HSCN00106,KH000159,2026-12-31,1,1054000000.0,61370000.0,1,1,2
HSCN00107,KH000160,2026-12-31,0,0.0,0.0,1,2,3
HSCN00108,KH000163,2026-12-31,0,0.0,0.0,1,1,0
HSCN00109,KH000164,2026-12-31,0,0.0,0.0,1,1,1
HSCN00110,KH000165,2026-12-31,3,117000000.0,3700000.0,1,1,2
HSCN00111,KH000167,2026-12-31,0,0.0,0.0,3,3,0
HSCN00112,KH000168,2026-12-31,0,0.0,0.0,1,1,4
HSCN00113,KH000170,2026-12-31,2,234000000.0,13700000.0,1,2,3
HSCN00114,KH000171,2026-12-31,3,26000000.0,1310000.0,1,1,0
HSCN00115,KH000172,2026-12-31,1,332000000.0,15390000.0,1,1,1
HSCN00116,KH000174,2026-12-31,0,0.0,0.0,1,1,0
HSCN00117,KH000176,2026-12-31,2,45000000.0,1360000.0,1,1,3
HSCN00118,KH000177,2026-12-31,0,0.0,0.0,1,1,1
HSCN00119,KH000178,2026-12-31,0,0.0,0.0,1,1,3
HSCN00120,KH000180,2026-12-31,2,696000000.0,28080000.0,1,1,0
HSCN00121,KH000182,2026-12-31,3,39000000.0,2220000.0,1,1,0
HSCN00122,KH000183,2026-12-31,1,1675000000.0,54660000.0,1,1,0
HSCN00123,KH000184,2026-12-31,0,0.0,0.0,1,1,2
HSCN00124,KH000185,2026-12-31,0,0.0,0.0,1,1,1
HSCN00125,KH000186,2026-12-31,1,131000000.0,4300000.0,1,1,1
HSCN00126,KH000188,2026-12-31,0,0.0,0.0,1,1,1
HSCN00127,KH000190,2026-12-31,1,240000000.0,11860000.0,1,1,3
HSCN00128,KH000191,2026-12-31,0,0.0,0.0,1,1,0
HSCN00129,KH000194,2026-12-31,0,0.0,0.0,1,1,1
HSCN00130,KH000198,2026-12-31,0,0.0,0.0,1,1,0
HSCN00131,KH000200,2026-12-31,0,0.0,0.0,1,1,1
