so_giay_to,ly_do_canh_bao,ngay_cap_nhat
69362803714,Liên quan tài khoản nhận tiền lừa đảo,2026-08-05
31059818759,Liên quan tài khoản nhận tiền lừa đảo,2026-05-25
27849824799,Liên quan tài khoản nhận tiền lừa đảo,2026-06-19
87741199230,"Có tranh chấp, khởi kiện liên quan đến khoản vay",2026-06-18
68179543282,Liên quan tài khoản nhận tiền lừa đảo,2026-09-28
92897779259,Nghi ngờ giả mạo giấy tờ,2026-10-29
53336720354,Liên quan tài khoản nhận tiền lừa đảo,2026-10-24
66727975630,Liên quan tài khoản nhận tiền lừa đảo,2026-10-30
03637865776,"Có tranh chấp, khởi kiện liên quan đến khoản vay",2026-03-23
52976179706,Liên quan tài khoản nhận tiền lừa đảo,2026-10-18
61806645554,Nghi ngờ giả mạo giấy tờ,2026-11-23
