ma_ho_so,ma_kh,ngay_de_nghi,san_pham,muc_dich,so_tien_de_nghi,ky_han_thang,lai_suat_nam_pct,thu_nhap_khai_bao,thu_nhap_khac_xac_minh,hinh_thuc_xac_minh
HSCN00001,KH000002,2026-11-27,Vay tiêu dùng tín chấp,Chi phí học tập,70000000.0,24,13.82,11300000.0,0.0,Lương qua FTA
HSCN00002,KH000004,2026-12-19,Vay mua nhà,Mua nhà ở riêng lẻ,750000000.0,180,9.82,24800000.0,0.0,Lương qua FTA
HSCN00003,KH000006,2026-12-14,Vay cầm cố sổ tiết kiệm,Bổ sung vốn kinh doanh ngắn hạn,301000000.0,3,7.54,5300000.0,3400000.0,Sao kê ngân hàng khác
HSCN00004,KH000008,2026-12-04,Vay cầm cố sổ tiết kiệm,Bổ sung vốn kinh doanh ngắn hạn,1437000000.0,6,7.81,42700000.0,0.0,Lương qua FTA
HSCN00005,KH000010,2026-12-01,Vay tiêu dùng tín chấp,Mua sắm đồ dùng gia đình,20000000.0,12,14.01,25700000.0,8900000.0,Lương qua FTA và sao kê ngân hàng khác
HSCN00006,KH000011,2026-12-12,Vay tiêu dùng tín chấp,Sửa chữa nhà,25000000.0,12,12.2,26000000.0,10600000.0,Lương qua FTA và sao kê ngân hàng khác
HSCN00007,KH000012,2026-12-04,Vay mua nhà,Mua nhà ở riêng lẻ,610000000.0,300,9.0,25900000.0,0.0,Lương qua FTA
HSCN00008,KH000013,2026-12-22,Vay tiêu dùng tín chấp,Chi phí học tập,20000000.0,24,12.93,20700000.0,10700000.0,Sao kê ngân hàng khác
HSCN00009,KH000014,2026-12-24,Vay tiêu dùng tín chấp,Chi phí học tập,1685000000.0,60,11.81,76200000.0,0.0,Lương qua FTA
HSCN00010,KH000015,2026-11-22,Vay mua nhà,Mua nhà ở riêng lẻ,1370000000.0,180,10.7,73200000.0,0.0,Lương qua FTA
HSCN00011,KH000016,2026-11-29,Vay tiêu dùng tín chấp,Chi phí khám chữa bệnh,115000000.0,24,12.32,36800000.0,29800000.0,"Giấy tờ kinh doanh, sổ sách thuế"
HSCN00012,KH000017,2026-11-28,Vay mua ô tô,Mua ô tô mới phục vụ đi lại,425000000.0,60,8.67,30100000.0,8800000.0,Lương qua FTA và sao kê ngân hàng khác
HSCN00013,KH000019,2026-11-22,Vay tiêu dùng tín chấp,Mua sắm đồ dùng gia đình,20000000.0,36,14.42,11800000.0,0.0,Lương qua FTA
HSCN00014,KH000021,2026-12-07,Vay tiêu dùng tín chấp,Chi phí học tập,30000000.0,60,13.84,9200000.0,0.0,Lương qua FTA
HSCN00015,KH000025,2026-12-10,Vay mua ô tô,Mua ô tô mới phục vụ đi lại,295000000.0,48,11.16,26700000.0,23600000.0,Sao kê ngân hàng khác
HSCN00016,KH000026,2026-11-26,Vay tiêu dùng tín chấp,Sửa chữa nhà,35000000.0,60,13.9,8000000.0,0.0,Chưa xác minh
HSCN00017,KH000027,2026-12-14,Vay mua nhà,Nhận chuyển nhượng quyền sử dụng đất ở,530000000.0,120,10.73,18900000.0,0.0,Lương qua FTA
HSCN00018,KH000030,2026-11-27,Vay sản xuất kinh doanh,Mua hàng hóa kinh doanh,310000000.0,24,9.17,13800000.0,0.0,Lương qua FTA
HSCN00019,KH000031,2026-12-23,Vay tiêu dùng tín chấp,Mua sắm đồ dùng gia đình,30000000.0,60,13.86,8400000.0,0.0,Chưa xác minh
HSCN00020,KH000032,2026-12-18,Vay mua ô tô,Mua ô tô mới phục vụ đi lại,275000000.0,36,10.18,14100000.0,0.0,Lương qua FTA
HSCN00021,KH000033,2026-12-10,Vay cầm cố sổ tiết kiệm,Nhu cầu tiêu dùng ngắn hạn,19000000.0,6,7.06,11900000.0,0.0,Lương qua FTA
HSCN00022,KH000035,2026-12-21,Vay cầm cố sổ tiết kiệm,Bổ sung vốn kinh doanh ngắn hạn,124000000.0,6,7.91,26000000.0,22600000.0,Sao kê ngân hàng khác
HSCN00023,KH000037,2026-12-28,Vay mua nhà,Mua căn hộ chung cư,790000000.0,300,10.1,32000000.0,28600000.0,Sao kê ngân hàng khác
HSCN00024,KH000038,2026-12-16,Vay mua nhà,Mua căn hộ chung cư,420000000.0,180,9.06,12100000.0,0.0,Lương qua FTA
HSCN00025,KH000039,2026-12-12,Vay sản xuất kinh doanh,Mua hàng hóa kinh doanh,520000000.0,12,9.66,9900000.0,0.0,Lương qua FTA
HSCN00026,KH000040,2026-12-26,Vay mua nhà,Mua nhà ở riêng lẻ,520000000.0,240,9.68,11100000.0,0.0,Lương qua FTA
HSCN00027,KH000041,2026-12-17,Vay mua nhà,Nhận chuyển nhượng quyền sử dụng đất ở,730000000.0,300,9.97,55600000.0,0.0,Lương qua FTA
HSCN00028,KH000042,2026-12-25,Vay sản xuất kinh doanh,Mua hàng hóa kinh doanh,90000000.0,36,11.11,11900000.0,0.0,Lương qua FTA
HSCN00029,KH000044,2026-11-24,Vay tiêu dùng tín chấp,Chi phí học tập,115000000.0,12,12.26,28700000.0,23500000.0,Sao kê ngân hàng khác
HSCN00030,KH000045,2026-11-30,Vay sản xuất kinh doanh,Bổ sung vốn kinh doanh hộ gia đình,130000000.0,12,11.85,12200000.0,0.0,Lương qua FTA
HSCN00031,KH000047,2026-12-24,Vay tiêu dùng tín chấp,Chi phí học tập,310000000.0,36,14.57,30500000.0,11400000.0,Lương qua FTA và sao kê ngân hàng khác
HSCN00032,KH000048,2026-12-10,Vay tiêu dùng tín chấp,Chi phí học tập,20000000.0,24,12.41,5800000.0,3300000.0,Sao kê ngân hàng khác
HSCN00033,KH000049,2026-12-23,Vay mua nhà,Nhận chuyển nhượng quyền sử dụng đất ở,470000000.0,180,10.73,13300000.0,3400000.0,Lương qua FTA và sao kê ngân hàng khác
HSCN00034,KH000053,2026-12-08,Vay sản xuất kinh doanh,Mua hàng hóa kinh doanh,950000000.0,36,9.68,72000000.0,8000000.0,Lương qua FTA và sao kê ngân hàng khác
HSCN00035,KH000054,2026-11-30,Vay tiêu dùng tín chấp,Sửa chữa nhà,55000000.0,36,14.62,57200000.0,14300000.0,Lương qua FTA và sao kê ngân hàng khác
HSCN00036,KH000056,2026-12-06,Vay tiêu dùng tín chấp,Chi phí học tập,85000000.0,24,14.17,21600000.0,6300000.0,Lương qua FTA và sao kê ngân hàng khác
HSCN00037,KH000059,2026-11-30,Vay mua nhà,Mua nhà ở riêng lẻ,760000000.0,300,9.11,97600000.0,0.0,Lương qua FTA
HSCN00038,KH000060,2026-12-08,Vay tiêu dùng tín chấp,Chi phí khám chữa bệnh,35000000.0,12,13.48,17700000.0,0.0,Lương qua FTA
HSCN00039,KH000062,2026-12-09,Vay sản xuất kinh doanh,Bổ sung vốn kinh doanh hộ gia đình,350000000.0,36,9.27,29600000.0,24900000.0,Sao kê ngân hàng khác
HSCN00040,KH000063,2026-11-23,Vay mua nhà,Nhận chuyển nhượng quyền sử dụng đất ở,410000000.0,180,8.92,41400000.0,13900000.0,Lương qua FTA và sao kê ngân hàng khác
HSCN00041,KH000064,2026-11-22,Vay mua ô tô,Mua ô tô mới phục vụ đi lại,305000000.0,84,8.94,14800000.0,12500000.0,Sao kê ngân hàng khác
HSCN00042,KH000066,2026-11-29,Vay tiêu dùng tín chấp,Mua sắm đồ dùng gia đình,20000000.0,12,15.04,11600000.0,0.0,Lương qua FTA
HSCN00043,KH000067,2026-11-25,Vay tiêu dùng tín chấp,Sửa chữa nhà,305000000.0,48,12.29,22700000.0,21800000.0,Sao kê ngân hàng khác
HSCN00044,KH000068,2026-11-25,Vay mua ô tô,Mua ô tô mới phục vụ đi lại,350000000.0,84,10.74,6900000.0,0.0,Chưa xác minh
HSCN00045,KH000070,2026-12-26,Vay tiêu dùng tín chấp,Sửa chữa nhà,30000000.0,12,15.3,32200000.0,6700000.0,Lương qua FTA và sao kê ngân hàng khác
HSCN00046,KH000071,2026-12-19,Vay tiêu dùng tín chấp,Mua sắm đồ dùng gia đình,280000000.0,60,14.23,23800000.0,21000000.0,Sao kê ngân hàng khác
HSCN00047,KH000073,2026-12-22,Vay mua ô tô,Mua ô tô mới phục vụ đi lại,345000000.0,36,9.09,107300000.0,3200000.0,Lương qua FTA và sao kê ngân hàng khác
HSCN00048,KH000075,2026-12-05,Vay mua ô tô,Mua ô tô mới phục vụ đi lại,270000000.0,72,10.3,11500000.0,0.0,Lương qua FTA
HSCN00049,KH000076,2026-12-09,Vay cầm cố sổ tiết kiệm,Nhu cầu tiêu dùng ngắn hạn,34000000.0,12,6.32,60800000.0,27000000.0,Sao kê ngân hàng khác
HSCN00050,KH000078,2026-12-10,Vay mua ô tô,Mua ô tô mới phục vụ đi lại,335000000.0,60,10.89,22900000.0,0.0,Lương qua FTA
HSCN00051,KH000079,2026-12-25,Vay tiêu dùng tín chấp,Chi phí học tập,75000000.0,36,11.87,53200000.0,0.0,Lương qua FTA
HSCN00052,KH000080,2026-12-22,Vay tiêu dùng tín chấp,Mua sắm đồ dùng gia đình,35000000.0,48,11.8,13700000.0,0.0,Lương qua FTA
HSCN00053,KH000082,2026-11-23,Vay mua nhà,Mua nhà ở riêng lẻ,480000000.0,180,10.39,11200000.0,0.0,Lương qua FTA
HSCN00054,KH000083,2026-12-19,Vay tiêu dùng tín chấp,Chi phí khám chữa bệnh,20000000.0,24,14.14,16600000.0,0.0,Lương qua FTA
HSCN00055,KH000084,2026-12-03,Vay mua ô tô,Mua ô tô mới phục vụ đi lại,190000000.0,36,8.82,15400000.0,0.0,Lương qua FTA
HSCN00056,KH000085,2026-11-30,Vay sản xuất kinh doanh,Mua hàng hóa kinh doanh,320000000.0,24,11.17,31400000.0,19200000.0,"Giấy tờ kinh doanh, sổ sách thuế"
HSCN00057,KH000086,2026-12-20,Vay sản xuất kinh doanh,Bổ sung vốn kinh doanh hộ gia đình,530000000.0,36,11.41,44400000.0,0.0,Lương qua FTA
HSCN00058,KH000087,2026-12-19,Vay cầm cố sổ tiết kiệm,Nhu cầu tiêu dùng ngắn hạn,145000000.0,3,6.39,8800000.0,0.0,Chưa xác minh
HSCN00059,KH000092,2026-11-24,Vay mua ô tô,Mua ô tô mới phục vụ đi lại,275000000.0,60,9.54,13400000.0,0.0,Lương qua FTA
HSCN00060,KH000093,2026-12-11,Vay sản xuất kinh doanh,Bổ sung vốn kinh doanh hộ gia đình,280000000.0,36,10.54,5600000.0,0.0,Chưa xác minh
HSCN00061,KH000094,2026-12-18,Vay tiêu dùng tín chấp,Sửa chữa nhà,115000000.0,36,12.3,8400000.0,0.0,Lương qua FTA
HSCN00062,KH000096,2026-11-30,Vay mua ô tô,Mua ô tô mới phục vụ đi lại,265000000.0,72,8.03,35200000.0,0.0,Lương qua FTA
HSCN00063,KH000097,2026-12-14,Vay tiêu dùng tín chấp,Chi phí khám chữa bệnh,45000000.0,24,11.66,30000000.0,27000000.0,Sao kê ngân hàng khác
HSCN00064,KH000099,2026-11-29,Vay sản xuất kinh doanh,Mua hàng hóa kinh doanh,450000000.0,36,11.38,16100000.0,0.0,Lương qua FTA
HSCN00065,KH000101,2026-12-22,Vay sản xuất kinh doanh,Bổ sung vốn kinh doanh hộ gia đình,130000000.0,12,10.11,24900000.0,4500000.0,Lương qua FTA và sao kê ngân hàng khác
HSCN00066,KH000103,2026-12-05,Vay tiêu dùng tín chấp,Mua sắm đồ dùng gia đình,25000000.0,12,15.08,5900000.0,0.0,Chưa xác minh
HSCN00067,KH000106,2026-12-26,Vay tiêu dùng tín chấp,Chi phí khám chữa bệnh,30000000.0,60,15.47,10500000.0,0.0,Lương qua FTA
HSCN00068,KH000107,2026-12-11,Vay mua nhà,Mua căn hộ chung cư,420000000.0,120,10.02,14100000.0,0.0,Lương qua FTA
HSCN00069,KH000108,2026-11-25,Vay tiêu dùng tín chấp,Mua sắm đồ dùng gia đình,205000000.0,48,14.62,23500000.0,0.0,Lương qua FTA
HSCN00070,KH000109,2026-12-07,Vay mua ô tô,Mua ô tô mới phục vụ đi lại,270000000.0,84,9.31,9200000.0,8000000.0,Sao kê ngân hàng khác
HSCN00071,KH000110,2026-11-30,Vay tiêu dùng tín chấp,Chi phí học tập,20000000.0,24,14.02,10800000.0,0.0,Lương qua FTA
HSCN00072,KH000111,2026-12-06,Vay mua ô tô,Mua ô tô mới phục vụ đi lại,300000000.0,48,8.12,58500000.0,7900000.0,Lương qua FTA và sao kê ngân hàng khác
HSCN00073,KH000112,2026-12-07,Vay sản xuất kinh doanh,Bổ sung vốn kinh doanh hộ gia đình,110000000.0,12,11.62,10200000.0,0.0,Lương qua FTA
HSCN00074,KH000113,2026-12-15,Vay tiêu dùng tín chấp,Sửa chữa nhà,140000000.0,60,11.94,17900000.0,0.0,Lương qua FTA
HSCN00075,KH000115,2026-12-17,Vay tiêu dùng tín chấp,Sửa chữa nhà,65000000.0,60,15.25,48300000.0,8200000.0,Lương qua FTA và sao kê ngân hàng khác
HSCN00076,KH000117,2026-11-26,Vay tiêu dùng tín chấp,Chi phí khám chữa bệnh,20000000.0,12,11.96,19100000.0,0.0,Lương qua FTA
HSCN00077,KH000118,2026-12-15,Vay tiêu dùng tín chấp,Chi phí khám chữa bệnh,50000000.0,60,13.68,22800000.0,0.0,Lương qua FTA
HSCN00078,KH000120,2026-12-21,Vay sản xuất kinh doanh,Mua máy móc phục vụ sản xuất,270000000.0,12,10.79,20100000.0,0.0,Lương qua FTA
HSCN00079,KH000122,2026-12-27,Vay tiêu dùng tín chấp,Chi phí học tập,35000000.0,24,11.58,22300000.0,0.0,Lương qua FTA
HSCN00080,KH000123,2026-11-25,Vay tiêu dùng tín chấp,Mua sắm đồ dùng gia đình,965000000.0,60,11.74,87800000.0,0.0,Lương qua FTA
HSCN00081,KH000124,2026-12-04,Vay tiêu dùng tín chấp,Chi phí khám chữa bệnh,40000000.0,24,12.99,5400000.0,0.0,Chưa xác minh
HSCN00082,KH000125,2026-12-08,Vay cầm cố sổ tiết kiệm,Nhu cầu tiêu dùng ngắn hạn,145000000.0,3,7.69,9400000.0,8200000.0,Sao kê ngân hàng khác
HSCN00083,KH000128,2026-12-22,Vay sản xuất kinh doanh,Mua máy móc phục vụ sản xuất,130000000.0,36,10.34,16900000.0,0.0,Lương qua FTA
HSCN00084,KH000129,2026-12-17,Vay tiêu dùng tín chấp,Sửa chữa nhà,65000000.0,24,15.29,22000000.0,18200000.0,Sao kê ngân hàng khác
HSCN00085,KH000130,2026-12-17,Vay tiêu dùng tín chấp,Chi phí khám chữa bệnh,25000000.0,36,14.98,11600000.0,0.0,Lương qua FTA
HSCN00086,KH000131,2026-12-05,Vay tiêu dùng tín chấp,Chi phí học tập,140000000.0,24,14.29,41400000.0,18300000.0,Sao kê ngân hàng khác
HSCN00087,KH000132,2026-12-06,Vay tiêu dùng tín chấp,Chi phí học tập,25000000.0,12,14.14,34700000.0,6100000.0,Lương qua FTA và sao kê ngân hàng khác
HSCN00088,KH000133,2026-12-05,Vay tiêu dùng tín chấp,Chi phí học tập,45000000.0,24,12.08,5100000.0,0.0,Chưa xác minh
HSCN00089,KH000135,2026-12-11,Vay mua ô tô,Mua ô tô mới phục vụ đi lại,230000000.0,36,9.45,25000000.0,20900000.0,Sao kê ngân hàng khác
HSCN00090,KH000136,2026-12-16,Vay mua nhà,Nhận chuyển nhượng quyền sử dụng đất ở,390000000.0,240,10.87,41800000.0,0.0,Lương qua FTA
HSCN00091,KH000139,2026-12-23,Vay tiêu dùng tín chấp,Mua sắm đồ dùng gia đình,305000000.0,60,15.29,21500000.0,19800000.0,Sao kê ngân hàng khác
HSCN00092,KH000140,2026-12-28,Vay tiêu dùng tín chấp,Sửa chữa nhà,90000000.0,12,14.89,27700000.0,22400000.0,Sao kê ngân hàng khác
HSCN00093,KH000141,2026-12-27,Vay sản xuất kinh doanh,Mua máy móc phục vụ sản xuất,380000000.0,36,10.41,9600000.0,0.0,Lương qua FTA
HSCN00094,KH000142,2026-11-29,Vay sản xuất kinh doanh,Bổ sung vốn kinh doanh hộ gia đình,240000000.0,12,10.92,61100000.0,0.0,Lương qua FTA
HSCN00095,KH000145,2026-12-17,Vay tiêu dùng tín chấp,Chi phí khám chữa bệnh,65000000.0,36,14.04,11800000.0,0.0,Lương qua FTA
HSCN00096,KH000147,2026-11-22,Vay cầm cố sổ tiết kiệm,Bổ sung vốn kinh doanh ngắn hạn,29000000.0,3,6.99,17600000.0,0.0,Lương qua FTA
HSCN00097,KH000148,2026-11-23,Vay mua ô tô,Mua ô tô mới phục vụ đi lại,250000000.0,48,9.5,9900000.0,0.0,Lương qua FTA
HSCN00098,KH000149,2026-12-10,Vay tiêu dùng tín chấp,Chi phí khám chữa bệnh,75000000.0,60,14.78,15200000.0,0.0,Lương qua FTA
HSCN00099,KH000150,2026-12-06,Vay tiêu dùng tín chấp,Mua sắm đồ dùng gia đình,390000000.0,60,13.82,25300000.0,0.0,Lương qua FTA
HSCN00100,KH000151,2026-12-15,Vay mua nhà,Nhận chuyển nhượng quyền sử dụng đất ở,440000000.0,300,9.73,15500000.0,15200000.0,Sao kê ngân hàng khác
HSCN00101,KH000152,2026-12-01,Vay tiêu dùng tín chấp,Chi phí học tập,20000000.0,12,13.57,12000000.0,0.0,Lương qua FTA
HSCN00102,KH000153,2026-12-02,Vay cầm cố sổ tiết kiệm,Bổ sung vốn kinh doanh ngắn hạn,311000000.0,3,6.94,6000000.0,0.0,Chưa xác minh
HSCN00103,KH000156,2026-12-12,Vay sản xuất kinh doanh,Mua máy móc phục vụ sản xuất,310000000.0,12,8.65,25000000.0,21400000.0,Sao kê ngân hàng khác
HSCN00104,KH000158,2026-12-22,Vay tiêu dùng tín chấp,Sửa chữa nhà,20000000.0,12,14.35,20200000.0,0.0,Lương qua FTA
HSCN00105,KH000159,2026-12-27,Vay tiêu dùng tín chấp,Mua sắm đồ dùng gia đình,45000000.0,24,14.46,17800000.0,0.0,Lương qua FTA
HSCN00106,KH000160,2026-12-12,Vay cầm cố sổ tiết kiệm,Bổ sung vốn kinh doanh ngắn hạn,47000000.0,3,6.64,13900000.0,0.0,Lương qua FTA
HSCN00107,KH000163,2026-11-25,Vay tiêu dùng tín chấp,Chi phí khám chữa bệnh,380000000.0,36,12.47,68100000.0,0.0,Lương qua FTA
HSCN00108,KH000164,2026-12-21,Vay mua nhà,Nhận chuyển nhượng quyền sử dụng đất ở,410000000.0,180,10.22,10400000.0,0.0,Lương qua FTA
HSCN00109,KH000165,2026-12-14,Vay sản xuất kinh doanh,Bổ sung vốn kinh doanh hộ gia đình,230000000.0,36,8.91,22700000.0,5800000.0,Lương qua FTA và sao kê ngân hàng khác
HSCN00110,KH000167,2026-11-23,Vay tiêu dùng tín chấp,Chi phí khám chữa bệnh,20000000.0,12,12.29,7200000.0,0.0,Chưa xác minh
HSCN00111,KH000168,2026-12-28,Vay mua ô tô,Mua ô tô mới phục vụ đi lại,300000000.0,60,8.19,34900000.0,28200000.0,"Giấy tờ kinh doanh, sổ sách thuế"
HSCN00112,KH000170,2026-12-04,Vay mua nhà,Mua nhà ở riêng lẻ,560000000.0,240,7.68,12500000.0,10200000.0,Sao kê ngân hàng khác
HSCN00113,KH000171,2026-12-21,Vay mua nhà,Mua căn hộ chung cư,480000000.0,300,9.42,33500000.0,29200000.0,Sao kê ngân hàng khác
HSCN00114,KH000172,2026-12-27,Vay mua ô tô,Mua ô tô mới phục vụ đi lại,235000000.0,72,10.26,18500000.0,0.0,Lương qua FTA
HSCN00115,KH000174,2026-12-02,Vay tiêu dùng tín chấp,Sửa chữa nhà,40000000.0,36,12.7,20000000.0,0.0,Lương qua FTA
HSCN00116,KH000176,2026-12-14,Vay mua nhà,Nhận chuyển nhượng quyền sử dụng đất ở,530000000.0,120,8.52,13400000.0,0.0,Lương qua FTA
HSCN00117,KH000177,2026-12-14,Vay tiêu dùng tín chấp,Chi phí khám chữa bệnh,125000000.0,60,15.23,73800000.0,0.0,Lương qua FTA
HSCN00118,KH000178,2026-11-25,Vay tiêu dùng tín chấp,Sửa chữa nhà,250000000.0,48,12.72,17500000.0,5600000.0,Lương qua FTA và sao kê ngân hàng khác
HSCN00119,KH000180,2026-11-23,Vay sản xuất kinh doanh,Mua hàng hóa kinh doanh,310000000.0,12,9.47,23400000.0,7600000.0,Lương qua FTA và sao kê ngân hàng khác
HSCN00120,KH000182,2026-12-15,Vay tiêu dùng tín chấp,Mua sắm đồ dùng gia đình,65000000.0,24,12.08,31400000.0,0.0,Lương qua FTA
HSCN00121,KH000183,2026-12-24,Vay mua nhà,Mua căn hộ chung cư,1490000000.0,120,10.98,91100000.0,0.0,Lương qua FTA
HSCN00122,KH000184,2026-11-30,Vay mua ô tô,Mua ô tô mới phục vụ đi lại,515000000.0,36,9.75,47900000.0,0.0,Lương qua FTA
HSCN00123,KH000185,2026-12-16,Vay cầm cố sổ tiết kiệm,Bổ sung vốn kinh doanh ngắn hạn,269000000.0,3,6.11,24500000.0,0.0,Lương qua FTA
HSCN00124,KH000186,2026-12-15,Vay mua nhà,Mua căn hộ chung cư,360000000.0,300,9.96,18300000.0,0.0,Lương qua FTA
HSCN00125,KH000188,2026-12-04,Vay sản xuất kinh doanh,Mua hàng hóa kinh doanh,280000000.0,24,12.06,5400000.0,0.0,Chưa xác minh
HSCN00126,KH000190,2026-12-14,Vay sản xuất kinh doanh,Mua hàng hóa kinh doanh,240000000.0,36,11.83,58000000.0,0.0,Lương qua FTA
HSCN00127,KH000191,2026-12-26,Vay tiêu dùng tín chấp,Chi phí học tập,85000000.0,12,13.65,21500000.0,4700000.0,Lương qua FTA và sao kê ngân hàng khác
HSCN00128,KH000194,2026-12-25,Vay sản xuất kinh doanh,Mua hàng hóa kinh doanh,200000000.0,24,10.35,15500000.0,0.0,Lương qua FTA
HSCN00129,KH000198,2026-11-28,Vay cầm cố sổ tiết kiệm,Nhu cầu tiêu dùng ngắn hạn,52000000.0,12,7.89,5400000.0,0.0,Chưa xác minh
HSCN00130,KH000200,2026-12-03,Vay mua ô tô,Mua ô tô mới phục vụ đi lại,255000000.0,48,8.41,11900000.0,0.0,Chưa xác minh
