so_hop_dong,ma_kh,chi_nhanh,san_pham_vay,ngay_giai_ngan,so_tien_vay,ky_han_thang,lai_suat_nam_pct,so_ky_da_tra,nhom_no,so_ngay_qua_han,tai_san_bao_dam,du_no_goc,ky_tra_no_hang_thang,ngay_den_han_ky_toi,trang_thai
HD000000001,KH000003,CN Thanh Xuân,Vay mua nhà,2025-12-05,512000000,36,10.29,12,2,48,Có,341333333,15360000,2027-01-02,Đang hiệu lực
HD000000002,KH000005,CN Cần Thơ,Vay sản xuất kinh doanh,2026-01-01,164000000,60,12.1,11,1,0,Có,133933333,2952000,2027-01-04,Đang hiệu lực
HD000000003,KH000011,CN Bình Dương,Vay mua ô tô,2025-12-13,60000000,12,12.33,12,1,0,Có,0,5400000,2027-01-20,Đã tất toán
HD000000004,KH000012,CN Đà Nẵng,Vay sản xuất kinh doanh,2025-06-17,66000000,60,15.29,18,1,0,Có,46200000,1188000,2027-01-30,Đang hiệu lực
HD000000005,KH000020,CN Hải Phòng,Vay sản xuất kinh doanh,2025-01-16,98000000,36,13.93,23,1,0,Có,35388889,2940000,2027-01-19,Đang hiệu lực
HD000000006,KH000021,CN Thanh Xuân,Vay sản xuất kinh doanh,2026-06-03,55000000,12,13.8,6,1,0,Có,27500000,4950000,2027-01-11,Đang hiệu lực
HD000000007,KH000023,CN TP Hồ Chí Minh,Vay mua nhà,2024-03-12,522000000,180,7.72,33,1,0,Có,426300000,3132000,2027-01-15,Đang hiệu lực
HD000000008,KH000027,CN Quận 1,Vay tiêu dùng tín chấp,2025-01-20,66000000,24,11.19,23,1,0,Không,2750000,2970000,2027-01-28,Đang hiệu lực
HD000000009,KH000031,CN Hoàn Kiếm,Vay mua nhà,2025-07-28,58000000,120,9.45,17,1,0,Có,49783333,522000,2027-01-14,Đang hiệu lực
HD000000010,KH000032,CN Thanh Xuân,Vay sản xuất kinh doanh,2026-04-07,53000000,60,10.56,8,1,0,Có,45933333,954000,2027-01-07,Đang hiệu lực
HD000000011,KH000038,CN Hoàn Kiếm,Vay sản xuất kinh doanh,2024-01-21,59000000,36,11.79,35,2,50,Có,1638889,1770000,2027-01-07,Đang hiệu lực
HD000000012,KH000040,CN Đà Nẵng,Vay mua ô tô,2026-08-28,185000000,12,9.08,4,1,0,Có,123333333,16650000,2027-01-07,Đang hiệu lực
HD000000013,KH000042,CN Cầu Giấy,Vay tiêu dùng tín chấp,2025-01-22,94000000,36,8.45,23,1,0,Không,33944444,2820000,2027-01-23,Đang hiệu lực
HD000000014,KH000050,CN Thanh Xuân,Vay mua ô tô,2024-04-04,82000000,60,8.86,32,1,0,Có,38266667,1476000,2027-01-01,Đang hiệu lực
HD000000015,KH000051,CN Thanh Xuân,Vay mua nhà,2024-10-15,446000000,24,10.11,24,1,0,Có,0,20070000,2027-01-13,Đã tất toán
HD000000016,KH000056,CN Bình Dương,Vay mua nhà,2024-10-01,55000000,120,8.65,27,1,0,Có,42625000,495000,2027-01-12,Đang hiệu lực
HD000000017,KH000057,CN Bình Dương,Vay sản xuất kinh doanh,2025-01-10,87000000,24,12.32,23,1,0,Có,3625000,3915000,2027-01-24,Đang hiệu lực
HD000000018,KH000058,CN Hải Phòng,Vay mua ô tô,2025-09-12,202000000,180,9.58,15,1,0,Có,185166667,1212000,2027-01-17,Đang hiệu lực
HD000000019,KH000066,CN Cầu Giấy,Vay mua ô tô,2024-10-08,103000000,60,10.54,26,1,0,Có,58366667,1854000,2027-01-24,Đang hiệu lực
HD000000020,KH000069,CN Hoàn Kiếm,Vay tiêu dùng tín chấp,2026-07-08,74000000,36,12.6,5,1,0,Không,63722222,2220000,2027-01-28,Đang hiệu lực
HD000000021,KH000073,CN TP Hồ Chí Minh,Vay mua ô tô,2024-01-02,138000000,180,7.9,35,1,0,Có,111166667,828000,2027-01-07,Đang hiệu lực
HD000000022,KH000081,CN Hoàn Kiếm,Vay tiêu dùng tín chấp,2025-12-14,653000000,36,12.77,12,1,0,Không,435333333,19590000,2027-01-25,Đang hiệu lực
HD000000023,KH000082,CN Hải Phòng,Vay sản xuất kinh doanh,2025-02-16,97000000,36,13.9,22,1,0,Có,37722222,2910000,2027-01-17,Đang hiệu lực
HD000000024,KH000083,CN Thanh Xuân,Vay sản xuất kinh doanh,2025-02-16,57000000,36,9.51,22,1,0,Có,22166667,1710000,2027-01-25,Đang hiệu lực
HD000000025,KH000084,CN Hoàn Kiếm,Vay mua nhà,2025-04-01,55000000,180,11.54,21,3,174,Có,48583333,330000,2027-01-03,Đang hiệu lực
HD000000026,KH000086,CN Hoàn Kiếm,Vay tiêu dùng tín chấp,2023-12-25,1114000000,12,13.04,12,1,0,Không,0,100260000,2027-01-27,Đã tất toán
HD000000027,KH000087,CN Hải Phòng,Vay mua nhà,2026-07-29,206000000,120,7.54,5,1,0,Có,197416667,1854000,2027-01-27,Đang hiệu lực
HD000000028,KH000092,CN Thanh Xuân,Vay mua ô tô,2026-03-16,181000000,60,12.81,9,1,0,Có,153850000,3258000,2027-01-24,Đang hiệu lực
HD000000029,KH000096,CN Cần Thơ,Vay tiêu dùng tín chấp,2026-09-03,895000000,12,12.21,3,1,0,Không,671250000,80550000,2027-01-24,Đang hiệu lực
HD000000030,KH000099,CN Cần Thơ,Vay sản xuất kinh doanh,2024-10-11,67000000,180,9.06,26,1,0,Có,57322222,402000,2027-01-09,Đang hiệu lực
HD000000031,KH000109,CN Hoàn Kiếm,Vay sản xuất kinh doanh,2024-10-02,132000000,12,14.98,12,1,0,Có,0,11880000,2027-01-24,Đã tất toán
HD000000032,KH000110,CN Đà Nẵng,Vay sản xuất kinh doanh,2024-04-06,72000000,180,14.5,32,1,0,Có,59200000,432000,2027-01-25,Đang hiệu lực
HD000000033,KH000111,CN Bình Dương,Vay tiêu dùng tín chấp,2025-01-02,3216000000,12,8.93,12,1,0,Không,0,289440000,2027-01-13,Đã tất toán
HD000000034,KH000113,CN Đà Nẵng,Vay tiêu dùng tín chấp,2024-01-19,86000000,24,10.03,24,1,0,Không,0,3870000,2027-01-07,Đã tất toán
HD000000035,KH000114,CN Thanh Xuân,Vay tiêu dùng tín chấp,2026-06-15,58000000,36,12.17,6,1,0,Không,48333333,1740000,2027-01-20,Đang hiệu lực
HD000000036,KH000115,CN Hoàn Kiếm,Vay mua nhà,2026-06-13,115000000,12,13.79,6,2,13,Có,57500000,10350000,2027-01-28,Đang hiệu lực
HD000000037,KH000117,CN Hoàn Kiếm,Vay tiêu dùng tín chấp,2024-11-15,55000000,12,10.02,12,1,0,Không,0,4950000,2027-01-09,Đã tất toán
HD000000038,KH000118,CN Cần Thơ,Vay sản xuất kinh doanh,2026-07-01,877000000,24,13.06,6,1,0,Có,657750000,39465000,2027-01-20,Đang hiệu lực
HD000000039,KH000128,CN Hải Phòng,Vay mua nhà,2026-08-02,52000000,180,12.26,4,1,0,Có,50844444,312000,2027-01-06,Đang hiệu lực
HD000000040,KH000130,CN Hoàn Kiếm,Vay mua nhà,2024-10-20,70000000,60,8.84,26,1,0,Có,39666667,1260000,2027-01-17,Đang hiệu lực
HD000000041,KH000132,CN Bình Dương,Vay tiêu dùng tín chấp,2024-06-27,510000000,12,15.31,12,1,0,Không,0,45900000,2027-01-18,Đã tất toán
HD000000042,KH000136,CN Thanh Xuân,Vay tiêu dùng tín chấp,2023-10-31,1516000000,36,14.01,36,1,0,Không,0,45480000,2027-01-14,Đã tất toán
HD000000043,KH000137,CN Hoàn Kiếm,Vay mua nhà,2026-02-27,684000000,60,13.53,10,1,0,Có,570000000,12312000,2027-01-30,Đang hiệu lực
HD000000044,KH000138,CN Hoàn Kiếm,Vay mua ô tô,2025-03-25,119000000,36,11.42,21,3,112,Có,49583333,3570000,2027-01-26,Đang hiệu lực
HD000000045,KH000140,CN Đà Nẵng,Vay mua nhà,2023-11-08,50000000,12,9.62,12,1,0,Có,0,4500000,2027-01-23,Đã tất toán
HD000000046,KH000142,CN Cầu Giấy,Vay mua ô tô,2024-11-26,444000000,24,14.73,24,1,0,Có,0,19980000,2027-01-14,Đã tất toán
HD000000047,KH000145,CN Đà Nẵng,Vay sản xuất kinh doanh,2026-08-15,53000000,180,14.49,4,3,98,Có,51822222,318000,2027-01-15,Đang hiệu lực
HD000000048,KH000147,CN Quận 1,Vay sản xuất kinh doanh,2025-12-13,102000000,36,10.22,12,1,0,Có,68000000,3060000,2027-01-15,Đang hiệu lực
HD000000049,KH000148,CN Hải Phòng,Vay mua ô tô,2026-03-10,57000000,60,12.77,9,1,0,Có,48450000,1026000,2027-01-07,Đang hiệu lực
HD000000050,KH000158,CN Đà Nẵng,Vay tiêu dùng tín chấp,2025-03-26,408000000,36,10.09,21,1,0,Không,170000000,12240000,2027-01-25,Đang hiệu lực
HD000000051,KH000167,CN Quận 1,Vay mua nhà,2025-10-30,68000000,60,10.21,14,3,130,Có,52133333,1224000,2027-01-28,Đang hiệu lực
HD000000052,KH000170,CN Cần Thơ,Vay mua nhà,2024-10-15,602000000,36,13.97,26,1,0,Có,167222222,18060000,2027-01-21,Đang hiệu lực
HD000000053,KH000171,CN Cần Thơ,Vay mua nhà,2026-02-04,137000000,60,12.3,10,1,0,Có,114166667,2466000,2027-01-04,Đang hiệu lực
HD000000054,KH000177,CN Hoàn Kiếm,Vay mua nhà,2024-12-29,1117000000,36,13.26,24,1,0,Có,372333333,33510000,2027-01-23,Đang hiệu lực
HD000000055,KH000185,CN Đà Nẵng,Vay tiêu dùng tín chấp,2024-06-06,189000000,12,14.43,12,1,0,Không,0,17010000,2027-01-26,Đã tất toán
HD000000056,KH000189,CN TP Hồ Chí Minh,Vay sản xuất kinh doanh,2024-12-15,10101000000,60,12.5,24,1,0,Có,6060600000,181818000,2027-01-06,Đang hiệu lực
HD000000057,KH000192,CN TP Hồ Chí Minh,Vay mua ô tô,2024-10-30,201000000,12,9.06,12,1,0,Có,0,18090000,2027-01-01,Đã tất toán
HD000000058,KH000197,CN Đà Nẵng,Vay sản xuất kinh doanh,2026-09-15,1669000000,12,11.47,3,1,0,Có,1251750000,150210000,2027-01-03,Đang hiệu lực
