so_so,ma_kh,loai_khach_hang,chi_nhanh,ngay_mo_lan_dau,ky_han_thang,hinh_thuc_gui,so_tien_goc,tu_dong_tai_tuc,ky_thu,ngay_hieu_luc_ky_hien_tai,ngay_dao_han,trang_thai
TK0000001,KH000001,Cá nhân,CN Cần Thơ,2026-01-16,1,Tại quầy,737000000,Không,1,2026-01-16,2026-02-15,Đang hiệu lực
TK0000002,KH000003,Cá nhân,CN Cầu Giấy,2026-07-20,1,Trực tuyến,289000000,Không,1,2026-07-20,2026-08-19,Đang hiệu lực
TK0000003,KH000003,Cá nhân,CN Hoàn Kiếm,2026-06-18,3,Tại quầy,284000000,Có,1,2026-06-18,2026-09-17,Đang hiệu lực
TK0000004,KH000004,Cá nhân,CN Đà Nẵng,2026-06-26,12,Tại quầy,123000000,Có,1,2026-06-26,2027-06-25,Đang hiệu lực
TK0000005,KH000004,Cá nhân,CN Cần Thơ,2026-10-13,3,Tại quầy,140000000,Có,1,2026-10-13,2027-01-12,Đang hiệu lực
TK0000006,KH000004,Cá nhân,CN Cầu Giấy,2026-10-01,6,Trực tuyến,128000000,Không,1,2026-10-01,2027-04-01,Đang hiệu lực
TK0000007,KH000005,Cá nhân,CN Quận 1,2026-04-11,3,Trực tuyến,681000000,Không,1,2026-04-11,2026-07-11,Đang hiệu lực
TK0000008,KH000005,Cá nhân,CN Cầu Giấy,2026-12-07,3,Tại quầy,633000000,Không,1,2026-12-07,2027-03-08,Đang hiệu lực
TK0000009,KH000006,Cá nhân,CN Đà Nẵng,2026-01-02,12,Trực tuyến,439000000,Có,1,2026-01-02,2027-01-01,Đang hiệu lực
TK0000010,KH000006,Cá nhân,CN Cầu Giấy,2026-09-09,24,Tại quầy,360000000,Không,1,2026-09-09,2028-09-07,Đang hiệu lực
TK0000011,KH000007,Cá nhân,CN Cầu Giấy,2026-04-12,12,Trực tuyến,1043000000,Có,1,2026-04-12,2027-04-11,Đang hiệu lực
TK0000012,KH000007,Cá nhân,CN Cầu Giấy,2026-03-12,6,Trực tuyến,1011000000,Không,1,2026-03-12,2026-09-10,Đang hiệu lực
TK0000013,KH000007,Cá nhân,CN TP Hồ Chí Minh,2026-10-28,12,Trực tuyến,1183000000,Có,1,2026-10-28,2027-10-27,Đang hiệu lực
TK0000014,KH000008,Cá nhân,CN Quận 1,2026-09-04,1,Trực tuyến,1825000000,Có,1,2026-09-04,2026-10-04,Đang hiệu lực
TK0000015,KH000008,Cá nhân,CN Quận 1,2026-05-09,6,Tại quầy,1925000000,Không,1,2026-05-09,2026-11-07,Đang hiệu lực
TK0000016,KH000009,Cá nhân,CN Hoàn Kiếm,2026-02-22,6,Tại quầy,64000000,Không,1,2026-02-22,2026-08-23,Đang hiệu lực
TK0000017,KH000010,Cá nhân,CN TP Hồ Chí Minh,2026-09-16,1,Tại quầy,248000000,Có,1,2026-09-16,2026-10-16,Đang hiệu lực
TK0000018,KH000011,Cá nhân,CN Đà Nẵng,2026-10-10,12,Trực tuyến,25000000,Không,1,2026-10-10,2027-10-09,Đang hiệu lực
TK0000019,KH000012,Cá nhân,CN Hải Phòng,2026-04-11,24,Tại quầy,25000000,Có,1,2026-04-11,2028-04-09,Đang hiệu lực
TK0000020,KH000013,Cá nhân,CN Đà Nẵng,2026-02-10,6,Trực tuyến,1448000000,Không,1,2026-02-10,2026-08-11,Đang hiệu lực
TK0000021,KH000013,Cá nhân,CN TP Hồ Chí Minh,2026-06-01,12,Tại quầy,1565000000,Có,1,2026-06-01,2027-05-31,Đang hiệu lực
TK0000022,KH000013,Cá nhân,CN TP Hồ Chí Minh,2026-05-01,1,Tại quầy,1594000000,Không,1,2026-05-01,2026-05-31,Đang hiệu lực
TK0000023,KH000014,Cá nhân,CN Bình Dương,2026-11-08,3,Tại quầy,1011000000,Không,1,2026-11-08,2027-02-07,Đang hiệu lực
TK0000024,KH000014,Cá nhân,CN Cầu Giấy,2026-09-09,6,Trực tuyến,937000000,Có,1,2026-09-09,2027-03-10,Đang hiệu lực
TK0000025,KH000015,Cá nhân,CN Đà Nẵng,2026-03-24,24,Tại quầy,1880000000,Có,1,2026-03-24,2028-03-22,Đang hiệu lực
TK0000026,KH000015,Cá nhân,CN Quận 1,2026-09-26,12,Tại quầy,2445000000,Có,1,2026-09-26,2027-09-25,Đang hiệu lực
TK0000027,KH000015,Cá nhân,CN Hoàn Kiếm,2026-07-18,6,Tại quầy,1923000000,Có,1,2026-07-18,2027-01-16,Đang hiệu lực
TK0000028,KH000016,Cá nhân,CN Bình Dương,2026-11-23,24,Trực tuyến,1374000000,Không,1,2026-11-23,2028-11-21,Đang hiệu lực
TK0000029,KH000017,Cá nhân,CN Hoàn Kiếm,2026-05-13,6,Tại quầy,295000000,Không,1,2026-05-13,2026-11-11,Đang hiệu lực
TK0000030,KH000017,Cá nhân,CN Quận 1,2026-03-12,6,Tại quầy,324000000,Không,1,2026-03-12,2026-09-10,Đang hiệu lực
TK0000031,KH000020,Cá nhân,CN Cầu Giấy,2026-08-08,1,Tại quầy,480000000,Không,1,2026-08-08,2026-09-07,Đang hiệu lực
TK0000032,KH000020,Cá nhân,CN Bình Dương,2026-03-22,6,Tại quầy,423000000,Có,1,2026-03-22,2026-09-20,Đang hiệu lực
TK0000033,KH000020,Cá nhân,CN Bình Dương,2026-09-12,24,Tại quầy,505000000,Có,1,2026-09-12,2028-09-10,Đang hiệu lực
TK0000034,KH000022,Cá nhân,CN Bình Dương,2026-04-20,12,Trực tuyến,66000000,Không,1,2026-04-20,2027-04-19,Đang hiệu lực
TK0000035,KH000023,Cá nhân,CN Thanh Xuân,2026-03-10,3,Tại quầy,517000000,Có,1,2026-03-10,2026-06-09,Đang hiệu lực
TK0000036,KH000025,Cá nhân,CN Hoàn Kiếm,2026-06-19,3,Tại quầy,196000000,Không,1,2026-06-19,2026-09-18,Đang hiệu lực
TK0000037,KH000026,Cá nhân,CN Cần Thơ,2026-08-12,1,Tại quầy,850000000,Có,1,2026-08-12,2026-09-11,Đang hiệu lực
TK0000038,KH000026,Cá nhân,CN Quận 1,2026-06-22,1,Trực tuyến,1089000000,Không,1,2026-06-22,2026-07-22,Đang hiệu lực
TK0000039,KH000027,Cá nhân,CN Thanh Xuân,2026-12-01,12,Tại quầy,273000000,Không,1,2026-12-01,2027-11-30,Đang hiệu lực
TK0000040,KH000027,Cá nhân,CN Thanh Xuân,2026-08-11,12,Trực tuyến,271000000,Có,1,2026-08-11,2027-08-10,Đang hiệu lực
TK0000041,KH000027,Cá nhân,CN Đà Nẵng,2026-05-14,6,Tại quầy,290000000,Có,1,2026-05-14,2026-11-12,Đang hiệu lực
TK0000042,KH000029,Cá nhân,CN Đà Nẵng,2026-01-15,12,Tại quầy,168000000,Không,1,2026-01-15,2027-01-14,Đang hiệu lực
TK0000043,KH000033,Cá nhân,CN Hoàn Kiếm,2026-08-21,6,Trực tuyến,24000000,Không,1,2026-08-21,2027-02-19,Đang hiệu lực
TK0000044,KH000035,Cá nhân,CN Cần Thơ,2026-03-27,24,Tại quầy,147000000,Không,1,2026-03-27,2028-03-25,Đang hiệu lực
TK0000045,KH000036,Cá nhân,CN Cần Thơ,2026-02-27,24,Trực tuyến,25000000,Không,1,2026-02-27,2028-02-26,Đang hiệu lực
TK0000046,KH000037,Cá nhân,CN Hoàn Kiếm,2026-02-22,12,Trực tuyến,430000000,Không,1,2026-02-22,2027-02-21,Đang hiệu lực
TK0000047,KH000037,Cá nhân,CN Thanh Xuân,2026-09-01,24,Trực tuyến,406000000,Có,1,2026-09-01,2028-08-30,Đang hiệu lực
TK0000048,KH000037,Cá nhân,CN Cần Thơ,2026-04-03,3,Trực tuyến,474000000,Không,1,2026-04-03,2026-07-03,Đang hiệu lực
TK0000049,KH000038,Cá nhân,CN Đà Nẵng,2026-10-13,24,Trực tuyến,51000000,Không,1,2026-10-13,2028-10-11,Đang hiệu lực
TK0000050,KH000039,Cá nhân,CN Quận 1,2026-10-05,1,Trực tuyến,38000000,Không,1,2026-10-05,2026-11-04,Đang hiệu lực
TK0000051,KH000040,Cá nhân,CN Bình Dương,2026-08-10,3,Trực tuyến,150000000,Không,1,2026-08-10,2026-11-09,Đang hiệu lực
TK0000052,KH000041,Cá nhân,CN Hoàn Kiếm,2026-03-08,12,Tại quầy,282000000,Không,1,2026-03-08,2027-03-07,Đang hiệu lực
TK0000053,KH000041,Cá nhân,CN Thanh Xuân,2026-10-22,24,Tại quầy,253000000,Không,1,2026-10-22,2028-10-20,Đang hiệu lực
TK0000054,KH000041,Cá nhân,CN Bình Dương,2026-06-06,3,Tại quầy,224000000,Không,1,2026-06-06,2026-09-05,Đang hiệu lực
TK0000055,KH000042,Cá nhân,CN TP Hồ Chí Minh,2026-10-12,6,Trực tuyến,54000000,Không,1,2026-10-12,2027-04-12,Đang hiệu lực
TK0000056,KH000044,Cá nhân,CN Hoàn Kiếm,2026-02-07,24,Tại quầy,652000000,Không,1,2026-02-07,2028-02-06,Đang hiệu lực
TK0000057,KH000046,Cá nhân,CN Hải Phòng,2026-07-08,12,Trực tuyến,370000000,Không,1,2026-07-08,2027-07-07,Đang hiệu lực
TK0000058,KH000046,Cá nhân,CN Hoàn Kiếm,2026-04-17,3,Trực tuyến,322000000,Có,1,2026-04-17,2026-07-17,Đang hiệu lực
TK0000059,KH000047,Cá nhân,CN Hoàn Kiếm,2026-04-06,12,Tại quầy,39000000,Có,1,2026-04-06,2027-04-05,Đang hiệu lực
TK0000060,KH000048,Cá nhân,CN Đà Nẵng,2026-06-08,1,Trực tuyến,192000000,Không,1,2026-06-08,2026-07-08,Đang hiệu lực
TK0000061,KH000049,Cá nhân,CN Bình Dương,2026-10-08,24,Trực tuyến,57000000,Không,1,2026-10-08,2028-10-06,Đang hiệu lực
TK0000062,KH000050,Cá nhân,CN Cầu Giấy,2026-10-17,6,Trực tuyến,123000000,Không,1,2026-10-17,2027-04-17,Đang hiệu lực
TK0000063,KH000051,Cá nhân,CN Cần Thơ,2026-12-13,1,Trực tuyến,494000000,Có,1,2026-12-13,2027-01-12,Đang hiệu lực
TK0000064,KH000052,Cá nhân,CN Cầu Giấy,2026-07-01,1,Trực tuyến,43000000,Có,1,2026-07-01,2026-07-31,Đang hiệu lực
TK0000065,KH000053,Cá nhân,CN Hải Phòng,2026-04-21,12,Trực tuyến,1567000000,Có,1,2026-04-21,2027-04-20,Đang hiệu lực
TK0000066,KH000053,Cá nhân,CN Cần Thơ,2026-01-01,1,Tại quầy,1580000000,Không,1,2026-01-01,2026-01-31,Đang hiệu lực
TK0000067,KH000053,Cá nhân,CN TP Hồ Chí Minh,2026-12-16,6,Trực tuyến,1491000000,Có,1,2026-12-16,2027-06-16,Đang hiệu lực
TK0000068,KH000054,Cá nhân,CN Hoàn Kiếm,2026-11-17,3,Tại quầy,141000000,Có,1,2026-11-17,2027-02-16,Đang hiệu lực
TK0000069,KH000056,Cá nhân,CN Quận 1,2026-11-25,12,Tại quầy,41000000,Không,1,2026-11-25,2027-11-24,Đang hiệu lực
TK0000070,KH000057,Cá nhân,CN Đà Nẵng,2026-04-06,12,Trực tuyến,1748000000,Không,1,2026-04-06,2027-04-05,Đang hiệu lực
TK0000071,KH000058,Cá nhân,CN Cầu Giấy,2026-01-24,3,Trực tuyến,411000000,Có,1,2026-01-24,2026-04-25,Đang hiệu lực
TK0000072,KH000058,Cá nhân,CN Bình Dương,2026-10-11,1,Tại quầy,319000000,Có,1,2026-10-11,2026-11-10,Đang hiệu lực
TK0000073,KH000059,Cá nhân,CN Hoàn Kiếm,2026-07-15,12,Tại quầy,762000000,Có,1,2026-07-15,2027-07-14,Đang hiệu lực
TK0000074,KH000059,Cá nhân,CN Đà Nẵng,2026-12-02,24,Trực tuyến,868000000,Có,1,2026-12-02,2028-11-30,Đang hiệu lực
TK0000075,KH000060,Cá nhân,CN Hoàn Kiếm,2026-07-07,6,Tại quầy,93000000,Không,1,2026-07-07,2027-01-05,Đang hiệu lực
TK0000076,KH000061,Cá nhân,CN Hải Phòng,2026-03-25,12,Trực tuyến,26000000,Có,1,2026-03-25,2027-03-24,Đang hiệu lực
TK0000077,KH000062,Cá nhân,CN TP Hồ Chí Minh,2026-10-04,24,Trực tuyến,39000000,Có,1,2026-10-04,2028-10-02,Đang hiệu lực
TK0000078,KH000065,Cá nhân,CN Thanh Xuân,2026-09-06,3,Trực tuyến,1587000000,Không,1,2026-09-06,2026-12-06,Đang hiệu lực
TK0000079,KH000065,Cá nhân,CN Quận 1,2026-01-15,6,Trực tuyến,1794000000,Không,1,2026-01-15,2026-07-16,Đang hiệu lực
TK0000080,KH000067,Cá nhân,CN Hải Phòng,2026-07-08,3,Tại quầy,1478000000,Không,1,2026-07-08,2026-10-07,Đang hiệu lực
TK0000081,KH000068,Cá nhân,CN TP Hồ Chí Minh,2026-07-01,6,Trực tuyến,313000000,Có,1,2026-07-01,2026-12-30,Đang hiệu lực
TK0000082,KH000068,Cá nhân,CN Đà Nẵng,2026-03-27,3,Tại quầy,403000000,Không,1,2026-03-27,2026-06-26,Đang hiệu lực
TK0000083,KH000069,Cá nhân,CN Hải Phòng,2026-06-21,12,Tại quầy,56000000,Không,1,2026-06-21,2027-06-20,Đang hiệu lực
TK0000084,KH000070,Cá nhân,CN Cần Thơ,2026-01-01,12,Tại quầy,24000000,Có,1,2026-01-01,2026-12-31,Đang hiệu lực
TK0000085,KH000071,Cá nhân,CN Thanh Xuân,2026-09-02,3,Tại quầy,615000000,Có,1,2026-09-02,2026-12-02,Đang hiệu lực
TK0000086,KH000073,Cá nhân,CN Hải Phòng,2026-03-17,24,Tại quầy,437000000,Có,1,2026-03-17,2028-03-15,Đang hiệu lực
TK0000087,KH000073,Cá nhân,CN Hải Phòng,2026-05-16,12,Tại quầy,422000000,Không,1,2026-05-16,2027-05-15,Đang hiệu lực
TK0000088,KH000075,Cá nhân,CN Hải Phòng,2026-03-03,6,Trực tuyến,98000000,Có,1,2026-03-03,2026-09-01,Đang hiệu lực
TK0000089,KH000075,Cá nhân,CN Quận 1,2026-09-11,1,Trực tuyến,91000000,Không,1,2026-09-11,2026-10-11,Đang hiệu lực
TK0000090,KH000075,Cá nhân,CN Hoàn Kiếm,2026-11-04,6,Tại quầy,112000000,Có,1,2026-11-04,2027-05-05,Đang hiệu lực
TK0000091,KH000076,Cá nhân,CN Cầu Giấy,2026-11-20,12,Trực tuyến,44000000,Không,1,2026-11-20,2027-11-19,Đang hiệu lực
TK0000092,KH000077,Cá nhân,CN Hoàn Kiếm,2026-06-19,6,Tại quầy,133000000,Không,1,2026-06-19,2026-12-18,Đang hiệu lực
TK0000093,KH000078,Cá nhân,CN Cần Thơ,2026-06-26,12,Tại quầy,210000000,Có,1,2026-06-26,2027-06-25,Đang hiệu lực
TK0000094,KH000078,Cá nhân,CN TP Hồ Chí Minh,2026-04-14,6,Tại quầy,205000000,Không,1,2026-04-14,2026-10-13,Đang hiệu lực
TK0000095,KH000078,Cá nhân,CN Cần Thơ,2026-03-01,6,Tại quầy,207000000,Có,1,2026-03-01,2026-08-30,Đang hiệu lực
TK0000096,KH000079,Cá nhân,CN Cầu Giấy,2026-03-06,6,Trực tuyến,1749000000,Có,1,2026-03-06,2026-09-04,Đang hiệu lực
TK0000097,KH000081,Cá nhân,CN Hoàn Kiếm,2026-08-27,24,Trực tuyến,1315000000,Có,1,2026-08-27,2028-08-25,Đang hiệu lực
TK0000098,KH000082,Cá nhân,CN Cầu Giấy,2026-09-10,12,Tại quầy,53000000,Không,1,2026-09-10,2027-09-09,Đang hiệu lực
TK0000099,KH000084,Cá nhân,CN Cần Thơ,2026-06-16,12,Tại quầy,29000000,Có,1,2026-06-16,2027-06-15,Đang hiệu lực
TK0000100,KH000085,Cá nhân,CN Cầu Giấy,2026-07-09,12,Trực tuyến,1312000000,Không,1,2026-07-09,2027-07-08,Đang hiệu lực
TK0000101,KH000085,Cá nhân,CN Cầu Giấy,2026-07-22,24,Tại quầy,1411000000,Có,1,2026-07-22,2028-07-20,Đang hiệu lực
TK0000102,KH000086,Cá nhân,CN Quận 1,2026-06-28,24,Tại quầy,2171000000,Có,1,2026-06-28,2028-06-26,Đang hiệu lực
TK0000103,KH000087,Cá nhân,CN Đà Nẵng,2026-06-06,1,Trực tuyến,193000000,Không,1,2026-06-06,2026-07-06,Đang hiệu lực
TK0000104,KH000087,Cá nhân,CN Thanh Xuân,2026-06-17,6,Tại quầy,169000000,Có,1,2026-06-17,2026-12-16,Đang hiệu lực
TK0000105,KH000087,Cá nhân,CN Đà Nẵng,2026-03-10,1,Tại quầy,210000000,Không,1,2026-03-10,2026-04-09,Đang hiệu lực
TK0000106,KH000088,Cá nhân,CN Cầu Giấy,2026-12-14,3,Tại quầy,123000000,Không,1,2026-12-14,2027-03-15,Đang hiệu lực
TK0000107,KH000089,Cá nhân,CN Thanh Xuân,2026-12-28,24,Tại quầy,234000000,Không,1,2026-12-28,2028-12-26,Đang hiệu lực
TK0000108,KH000089,Cá nhân,CN Thanh Xuân,2026-06-18,3,Trực tuyến,185000000,Có,1,2026-06-18,2026-09-17,Đang hiệu lực
TK0000109,KH000090,Cá nhân,CN Thanh Xuân,2026-11-04,6,Tại quầy,654000000,Có,1,2026-11-04,2027-05-05,Đang hiệu lực
TK0000110,KH000090,Cá nhân,CN Hải Phòng,2026-02-26,1,Tại quầy,759000000,Có,1,2026-02-26,2026-03-28,Đang hiệu lực
TK0000111,KH000091,Cá nhân,CN Đà Nẵng,2026-03-04,6,Tại quầy,248000000,Có,1,2026-03-04,2026-09-02,Đang hiệu lực
TK0000112,KH000091,Cá nhân,CN Đà Nẵng,2026-05-25,24,Trực tuyến,267000000,Không,1,2026-05-25,2028-05-23,Đang hiệu lực
TK0000113,KH000091,Cá nhân,CN TP Hồ Chí Minh,2026-10-21,1,Trực tuyến,301000000,Có,1,2026-10-21,2026-11-20,Đang hiệu lực
TK0000114,KH000092,Cá nhân,CN Bình Dương,2026-12-04,3,Trực tuyến,107000000,Có,1,2026-12-04,2027-03-05,Đang hiệu lực
TK0000115,KH000093,Cá nhân,CN Bình Dương,2026-06-01,6,Trực tuyến,610000000,Có,1,2026-06-01,2026-11-30,Đang hiệu lực
TK0000116,KH000095,Cá nhân,CN Bình Dương,2026-06-16,3,Trực tuyến,284000000,Không,1,2026-06-16,2026-09-15,Đang hiệu lực
TK0000117,KH000095,Cá nhân,CN Cần Thơ,2026-12-01,6,Tại quầy,312000000,Không,1,2026-12-01,2027-06-01,Đang hiệu lực
TK0000118,KH000096,Cá nhân,CN Bình Dương,2026-04-11,3,Trực tuyến,398000000,Có,1,2026-04-11,2026-07-11,Đang hiệu lực
TK0000119,KH000096,Cá nhân,CN Cần Thơ,2026-02-19,6,Tại quầy,460000000,Có,1,2026-02-19,2026-08-20,Đang hiệu lực
TK0000120,KH000096,Cá nhân,CN Cầu Giấy,2026-01-24,6,Trực tuyến,386000000,Có,1,2026-01-24,2026-07-25,Đang hiệu lực
TK0000121,KH000100,Cá nhân,CN Hải Phòng,2026-04-04,6,Tại quầy,228000000,Có,1,2026-04-04,2026-10-03,Đang hiệu lực
TK0000122,KH000100,Cá nhân,CN TP Hồ Chí Minh,2026-05-16,24,Trực tuyến,228000000,Có,1,2026-05-16,2028-05-14,Đang hiệu lực
TK0000123,KH000100,Cá nhân,CN Cầu Giấy,2026-09-03,1,Tại quầy,226000000,Có,1,2026-09-03,2026-10-03,Đang hiệu lực
TK0000124,KH000101,Cá nhân,CN Quận 1,2026-05-19,1,Trực tuyến,233000000,Có,1,2026-05-19,2026-06-18,Đang hiệu lực
TK0000125,KH000102,Cá nhân,CN Thanh Xuân,2026-10-05,1,Trực tuyến,215000000,Có,1,2026-10-05,2026-11-04,Đang hiệu lực
TK0000126,KH000102,Cá nhân,CN Bình Dương,2026-02-13,12,Tại quầy,239000000,Có,1,2026-02-13,2027-02-12,Đang hiệu lực
TK0000127,KH000103,Cá nhân,CN Hải Phòng,2026-04-27,12,Trực tuyến,26000000,Không,1,2026-04-27,2027-04-26,Đang hiệu lực
TK0000128,KH000104,Cá nhân,CN Đà Nẵng,2026-07-13,12,Trực tuyến,40000000,Không,1,2026-07-13,2027-07-12,Đang hiệu lực
TK0000129,KH000105,Cá nhân,CN Cầu Giấy,2026-07-24,3,Trực tuyến,1015000000,Không,1,2026-07-24,2026-10-23,Đang hiệu lực
TK0000130,KH000109,Cá nhân,CN Hải Phòng,2026-04-13,24,Trực tuyến,174000000,Không,1,2026-04-13,2028-04-11,Đang hiệu lực
TK0000131,KH000110,Cá nhân,CN Đà Nẵng,2026-03-19,6,Tại quầy,41000000,Không,1,2026-03-19,2026-09-17,Đang hiệu lực
TK0000132,KH000111,Cá nhân,CN Thanh Xuân,2026-09-09,24,Tại quầy,2973000000,Không,1,2026-09-09,2028-09-07,Đang hiệu lực
TK0000133,KH000112,Cá nhân,CN Thanh Xuân,2026-03-26,24,Tại quầy,50000000,Không,1,2026-03-26,2028-03-24,Đang hiệu lực
TK0000134,KH000113,Cá nhân,CN Hoàn Kiếm,2026-11-04,6,Trực tuyến,125000000,Có,1,2026-11-04,2027-05-05,Đang hiệu lực
TK0000135,KH000115,Cá nhân,CN Quận 1,2026-03-17,12,Trực tuyến,119000000,Không,1,2026-03-17,2027-03-16,Đang hiệu lực
TK0000136,KH000116,Cá nhân,CN Cần Thơ,2026-02-22,1,Trực tuyến,918000000,Không,1,2026-02-22,2026-03-24,Đang hiệu lực
TK0000137,KH000116,Cá nhân,CN Đà Nẵng,2026-01-20,12,Tại quầy,988000000,Không,1,2026-01-20,2027-01-19,Đang hiệu lực
TK0000138,KH000118,Cá nhân,CN Hoàn Kiếm,2026-06-25,1,Tại quầy,901000000,Không,1,2026-06-25,2026-07-25,Đang hiệu lực
TK0000139,KH000120,Cá nhân,CN Cầu Giấy,2026-10-21,12,Tại quầy,29000000,Có,1,2026-10-21,2027-10-20,Đang hiệu lực
TK0000140,KH000121,Cá nhân,CN Cần Thơ,2026-08-19,1,Trực tuyến,206000000,Không,1,2026-08-19,2026-09-18,Đang hiệu lực
TK0000141,KH000121,Cá nhân,CN Đà Nẵng,2026-01-27,3,Tại quầy,179000000,Có,1,2026-01-27,2026-04-28,Đang hiệu lực
TK0000142,KH000121,Cá nhân,CN TP Hồ Chí Minh,2026-12-27,6,Tại quầy,225000000,Không,1,2026-12-27,2027-06-27,Đang hiệu lực
TK0000143,KH000122,Cá nhân,CN Hoàn Kiếm,2026-06-12,6,Trực tuyến,350000000,Có,1,2026-06-12,2026-12-11,Đang hiệu lực
TK0000144,KH000122,Cá nhân,CN Hải Phòng,2026-02-03,24,Tại quầy,314000000,Không,1,2026-02-03,2028-02-02,Đang hiệu lực
TK0000145,KH000123,Cá nhân,CN Bình Dương,2026-11-18,24,Trực tuyến,412000000,Có,1,2026-11-18,2028-11-16,Đang hiệu lực
TK0000146,KH000123,Cá nhân,CN Hải Phòng,2026-06-28,3,Trực tuyến,391000000,Không,1,2026-06-28,2026-09-27,Đang hiệu lực
TK0000147,KH000123,Cá nhân,CN Cần Thơ,2026-05-12,1,Tại quầy,341000000,Không,1,2026-05-12,2026-06-11,Đang hiệu lực
TK0000148,KH000124,Cá nhân,CN Hải Phòng,2026-09-07,6,Tại quầy,313000000,Có,1,2026-09-07,2027-03-08,Đang hiệu lực
TK0000149,KH000124,Cá nhân,CN Thanh Xuân,2026-11-05,12,Tại quầy,316000000,Không,1,2026-11-05,2027-11-04,Đang hiệu lực
TK0000150,KH000125,Cá nhân,CN Cần Thơ,2026-04-17,12,Tại quầy,276000000,Không,1,2026-04-17,2027-04-16,Đang hiệu lực
TK0000151,KH000126,Cá nhân,CN TP Hồ Chí Minh,2026-05-14,12,Tại quầy,271000000,Không,1,2026-05-14,2027-05-13,Đang hiệu lực
TK0000152,KH000127,Cá nhân,CN TP Hồ Chí Minh,2026-07-04,1,Trực tuyến,162000000,Không,1,2026-07-04,2026-08-03,Đang hiệu lực
TK0000153,KH000127,Cá nhân,CN Cần Thơ,2026-07-09,1,Tại quầy,144000000,Có,1,2026-07-09,2026-08-08,Đang hiệu lực
TK0000154,KH000127,Cá nhân,CN Bình Dương,2026-11-19,24,Trực tuyến,152000000,Không,1,2026-11-19,2028-11-17,Đang hiệu lực
TK0000155,KH000129,Cá nhân,CN Hoàn Kiếm,2026-04-13,24,Tại quầy,26000000,Có,1,2026-04-13,2028-04-11,Đang hiệu lực
TK0000156,KH000130,Cá nhân,CN Cần Thơ,2026-10-17,24,Trực tuyến,73000000,Có,1,2026-10-17,2028-10-15,Đang hiệu lực
TK0000157,KH000131,Cá nhân,CN Cầu Giấy,2026-02-21,24,Tại quầy,31000000,Có,1,2026-02-21,2028-02-20,Đang hiệu lực
TK0000158,KH000132,Cá nhân,CN Bình Dương,2026-06-25,3,Tại quầy,272000000,Không,1,2026-06-25,2026-09-24,Đang hiệu lực
TK0000159,KH000132,Cá nhân,CN Quận 1,2026-02-19,6,Tại quầy,289000000,Có,1,2026-02-19,2026-08-20,Đang hiệu lực
TK0000160,KH000133,Cá nhân,CN Đà Nẵng,2026-09-02,24,Tại quầy,179000000,Có,1,2026-09-02,2028-08-31,Đang hiệu lực
TK0000161,KH000133,Cá nhân,CN Cần Thơ,2026-08-23,12,Tại quầy,181000000,Không,1,2026-08-23,2027-08-22,Đang hiệu lực
TK0000162,KH000134,Cá nhân,CN Thanh Xuân,2026-10-01,12,Trực tuyến,265000000,Có,1,2026-10-01,2027-09-30,Đang hiệu lực
TK0000163,KH000135,Cá nhân,CN Bình Dương,2026-09-25,24,Tại quầy,1296000000,Có,1,2026-09-25,2028-09-23,Đang hiệu lực
TK0000164,KH000136,Cá nhân,CN TP Hồ Chí Minh,2026-02-15,1,Trực tuyến,1374000000,Không,1,2026-02-15,2026-03-17,Đang hiệu lực
TK0000165,KH000137,Cá nhân,CN Bình Dương,2026-04-14,12,Tại quầy,280000000,Không,1,2026-04-14,2027-04-13,Đang hiệu lực
TK0000166,KH000137,Cá nhân,CN Cần Thơ,2026-01-27,1,Trực tuyến,314000000,Có,1,2026-01-27,2026-02-26,Đang hiệu lực
TK0000167,KH000138,Cá nhân,CN Hải Phòng,2026-10-20,6,Trực tuyến,229000000,Có,1,2026-10-20,2027-04-20,Đang hiệu lực
TK0000168,KH000139,Cá nhân,CN Thanh Xuân,2026-12-15,1,Tại quầy,639000000,Có,1,2026-12-15,2027-01-14,Đang hiệu lực
TK0000169,KH000140,Cá nhân,CN Cần Thơ,2026-07-27,12,Tại quầy,24000000,Có,1,2026-07-27,2027-07-26,Đang hiệu lực
TK0000170,KH000141,Cá nhân,CN Bình Dương,2026-02-24,24,Trực tuyến,122000000,Không,1,2026-02-24,2028-02-23,Đang hiệu lực
TK0000171,KH000142,Cá nhân,CN Thanh Xuân,2026-04-15,1,Trực tuyến,928000000,Không,1,2026-04-15,2026-05-15,Đang hiệu lực
TK0000172,KH000144,Cá nhân,CN Cầu Giấy,2026-03-22,6,Tại quầy,108000000,Có,1,2026-03-22,2026-09-20,Đang hiệu lực
TK0000173,KH000146,Cá nhân,CN Hải Phòng,2026-06-10,12,Tại quầy,496000000,Có,1,2026-06-10,2027-06-09,Đang hiệu lực
TK0000174,KH000146,Cá nhân,CN Cần Thơ,2026-01-24,3,Trực tuyến,523000000,Không,1,2026-01-24,2026-04-25,Đang hiệu lực
TK0000175,KH000146,Cá nhân,CN Hải Phòng,2026-10-26,6,Trực tuyến,465000000,Có,1,2026-10-26,2027-04-26,Đang hiệu lực
TK0000176,KH000147,Cá nhân,CN Hải Phòng,2026-04-22,12,Trực tuyến,32000000,Không,1,2026-04-22,2027-04-21,Đang hiệu lực
TK0000177,KH000149,Cá nhân,CN Quận 1,2026-10-16,12,Tại quầy,160000000,Không,1,2026-10-16,2027-10-15,Đang hiệu lực
TK0000178,KH000149,Cá nhân,CN Thanh Xuân,2026-11-13,12,Trực tuyến,138000000,Có,1,2026-11-13,2027-11-12,Đang hiệu lực
TK0000179,KH000149,Cá nhân,CN Hoàn Kiếm,2026-03-12,3,Tại quầy,124000000,Có,1,2026-03-12,2026-06-11,Đang hiệu lực
TK0000180,KH000150,Cá nhân,CN Quận 1,2026-06-09,24,Tại quầy,424000000,Không,1,2026-06-09,2028-06-07,Đang hiệu lực
TK0000181,KH000150,Cá nhân,CN Quận 1,2026-05-17,6,Tại quầy,419000000,Có,1,2026-05-17,2026-11-15,Đang hiệu lực
TK0000182,KH000153,Cá nhân,CN Hoàn Kiếm,2026-12-02,3,Tại quầy,331000000,Không,1,2026-12-02,2027-03-03,Đang hiệu lực
TK0000183,KH000153,Cá nhân,CN Hoàn Kiếm,2026-12-06,12,Tại quầy,348000000,Có,1,2026-12-06,2027-12-05,Đang hiệu lực
TK0000184,KH000153,Cá nhân,CN Hải Phòng,2026-04-21,6,Trực tuyến,350000000,Không,1,2026-04-21,2026-10-20,Đang hiệu lực
TK0000185,KH000155,Cá nhân,CN Hoàn Kiếm,2026-12-20,3,Trực tuyến,548000000,Có,1,2026-12-20,2027-03-21,Đang hiệu lực
TK0000186,KH000155,Cá nhân,CN Quận 1,2026-03-22,3,Trực tuyến,447000000,Có,1,2026-03-22,2026-06-21,Đang hiệu lực
TK0000187,KH000155,Cá nhân,CN Đà Nẵng,2026-08-06,24,Tại quầy,576000000,Không,1,2026-08-06,2028-08-04,Đang hiệu lực
TK0000188,KH000156,Cá nhân,CN Thanh Xuân,2026-07-22,3,Trực tuyến,296000000,Không,1,2026-07-22,2026-10-21,Đang hiệu lực
TK0000189,KH000156,Cá nhân,CN Quận 1,2026-12-24,12,Tại quầy,272000000,Có,1,2026-12-24,2027-12-23,Đang hiệu lực
TK0000190,KH000157,Cá nhân,CN Bình Dương,2026-09-11,12,Trực tuyến,184000000,Không,1,2026-09-11,2027-09-10,Đang hiệu lực
TK0000191,KH000158,Cá nhân,CN Cần Thơ,2026-11-10,24,Trực tuyến,260000000,Có,1,2026-11-10,2028-11-08,Đang hiệu lực
TK0000192,KH000159,Cá nhân,CN Cần Thơ,2026-10-12,24,Trực tuyến,189000000,Có,1,2026-10-12,2028-10-10,Đang hiệu lực
TK0000193,KH000159,Cá nhân,CN TP Hồ Chí Minh,2026-09-20,3,Trực tuyến,164000000,Có,1,2026-09-20,2026-12-20,Đang hiệu lực
TK0000194,KH000160,Cá nhân,CN Cầu Giấy,2026-06-21,1,Tại quầy,56000000,Không,1,2026-06-21,2026-07-21,Đang hiệu lực
TK0000195,KH000161,Cá nhân,CN TP Hồ Chí Minh,2026-10-12,1,Trực tuyến,277000000,Không,1,2026-10-12,2026-11-11,Đang hiệu lực
TK0000196,KH000162,Cá nhân,CN Thanh Xuân,2026-05-23,3,Trực tuyến,820000000,Không,1,2026-05-23,2026-08-22,Đang hiệu lực
TK0000197,KH000163,Cá nhân,CN Đà Nẵng,2026-03-13,24,Trực tuyến,364000000,Không,1,2026-03-13,2028-03-11,Đang hiệu lực
TK0000198,KH000163,Cá nhân,CN Bình Dương,2026-10-03,6,Tại quầy,460000000,Không,1,2026-10-03,2027-04-03,Đang hiệu lực
TK0000199,KH000165,Cá nhân,CN Đà Nẵng,2026-04-22,6,Trực tuyến,137000000,Không,1,2026-04-22,2026-10-21,Đang hiệu lực
TK0000200,KH000165,Cá nhân,CN Quận 1,2026-12-23,6,Tại quầy,142000000,Không,1,2026-12-23,2027-06-23,Đang hiệu lực
TK0000201,KH000165,Cá nhân,CN Hoàn Kiếm,2026-05-28,12,Tại quầy,135000000,Có,1,2026-05-28,2027-05-27,Đang hiệu lực
TK0000202,KH000166,Cá nhân,CN Cầu Giấy,2026-03-25,3,Tại quầy,275000000,Không,1,2026-03-25,2026-06-24,Đang hiệu lực
TK0000203,KH000166,Cá nhân,CN Hải Phòng,2026-11-17,3,Tại quầy,294000000,Có,1,2026-11-17,2027-02-16,Đang hiệu lực
TK0000204,KH000166,Cá nhân,CN Bình Dương,2026-12-14,12,Trực tuyến,238000000,Không,1,2026-12-14,2027-12-13,Đang hiệu lực
TK0000205,KH000168,Cá nhân,CN Đà Nẵng,2026-07-24,3,Trực tuyến,143000000,Có,1,2026-07-24,2026-10-23,Đang hiệu lực
TK0000206,KH000168,Cá nhân,CN Cầu Giấy,2026-02-19,24,Trực tuyến,138000000,Có,1,2026-02-19,2028-02-18,Đang hiệu lực
TK0000207,KH000168,Cá nhân,CN Bình Dương,2026-04-06,6,Tại quầy,173000000,Không,1,2026-04-06,2026-10-05,Đang hiệu lực
TK0000208,KH000169,Cá nhân,CN Cần Thơ,2026-11-08,1,Trực tuyến,383000000,Không,1,2026-11-08,2026-12-08,Đang hiệu lực
TK0000209,KH000169,Cá nhân,CN TP Hồ Chí Minh,2026-06-18,6,Tại quầy,431000000,Không,1,2026-06-18,2026-12-17,Đang hiệu lực
TK0000210,KH000170,Cá nhân,CN Hoàn Kiếm,2026-03-02,24,Tại quầy,1085000000,Không,1,2026-03-02,2028-02-29,Đang hiệu lực
TK0000211,KH000171,Cá nhân,CN Thanh Xuân,2026-12-11,24,Tại quầy,132000000,Có,1,2026-12-11,2028-12-09,Đang hiệu lực
TK0000212,KH000171,Cá nhân,CN Đà Nẵng,2026-02-28,1,Tại quầy,143000000,Không,1,2026-02-28,2026-03-30,Đang hiệu lực
TK0000213,KH000171,Cá nhân,CN TP Hồ Chí Minh,2026-04-08,3,Tại quầy,126000000,Không,1,2026-04-08,2026-07-08,Đang hiệu lực
TK0000214,KH000172,Cá nhân,CN Bình Dương,2026-08-18,6,Tại quầy,175000000,Có,1,2026-08-18,2027-02-16,Đang hiệu lực
TK0000215,KH000174,Cá nhân,CN TP Hồ Chí Minh,2026-07-09,24,Trực tuyến,36000000,Không,1,2026-07-09,2028-07-07,Đang hiệu lực
TK0000216,KH000175,Cá nhân,CN Thanh Xuân,2026-11-09,12,Trực tuyến,4084000000,Có,1,2026-11-09,2027-11-08,Đang hiệu lực
TK0000217,KH000175,Cá nhân,CN TP Hồ Chí Minh,2026-06-23,6,Trực tuyến,3586000000,Có,1,2026-06-23,2026-12-22,Đang hiệu lực
TK0000218,KH000177,Cá nhân,CN Đà Nẵng,2026-09-12,3,Tại quầy,286000000,Có,1,2026-09-12,2026-12-12,Đang hiệu lực
TK0000219,KH000177,Cá nhân,CN Cần Thơ,2026-09-02,12,Tại quầy,371000000,Không,1,2026-09-02,2027-09-01,Đang hiệu lực
TK0000220,KH000177,Cá nhân,CN Cần Thơ,2026-01-14,6,Trực tuyến,329000000,Có,1,2026-01-14,2026-07-15,Đang hiệu lực
TK0000221,KH000178,Cá nhân,CN Quận 1,2026-02-19,1,Tại quầy,188000000,Không,1,2026-02-19,2026-03-21,Đang hiệu lực
TK0000222,KH000179,Cá nhân,CN Đà Nẵng,2026-06-05,6,Tại quầy,573000000,Không,1,2026-06-05,2026-12-04,Đang hiệu lực
TK0000223,KH000180,Cá nhân,CN Cần Thơ,2026-10-24,12,Tại quầy,32000000,Không,1,2026-10-24,2027-10-23,Đang hiệu lực
TK0000224,KH000181,Cá nhân,CN Hải Phòng,2026-03-19,1,Tại quầy,22000000,Không,1,2026-03-19,2026-04-18,Đang hiệu lực
TK0000225,KH000182,Cá nhân,CN Hải Phòng,2026-09-11,12,Tại quầy,480000000,Không,1,2026-09-11,2027-09-10,Đang hiệu lực
TK0000226,KH000183,Cá nhân,CN Quận 1,2026-12-23,3,Trực tuyến,1521000000,Có,1,2026-12-23,2027-03-24,Đang hiệu lực
TK0000227,KH000183,Cá nhân,CN Hoàn Kiếm,2026-08-20,1,Trực tuyến,1228000000,Có,1,2026-08-20,2026-09-19,Đang hiệu lực
TK0000228,KH000183,Cá nhân,CN Cầu Giấy,2026-07-08,1,Trực tuyến,1414000000,Có,1,2026-07-08,2026-08-07,Đang hiệu lực
TK0000229,KH000184,Cá nhân,CN Bình Dương,2026-05-24,12,Tại quầy,279000000,Có,1,2026-05-24,2027-05-23,Đang hiệu lực
TK0000230,KH000184,Cá nhân,CN Cầu Giấy,2026-12-24,12,Tại quầy,316000000,Không,1,2026-12-24,2027-12-23,Đang hiệu lực
TK0000231,KH000185,Cá nhân,CN Thanh Xuân,2026-07-01,3,Trực tuyến,300000000,Có,1,2026-07-01,2026-09-30,Đang hiệu lực
TK0000232,KH000186,Cá nhân,CN Cầu Giấy,2026-04-25,24,Tại quầy,239000000,Không,1,2026-04-25,2028-04-23,Đang hiệu lực
TK0000233,KH000187,Cá nhân,CN Thanh Xuân,2026-03-13,6,Tại quầy,298000000,Có,1,2026-03-13,2026-09-11,Đang hiệu lực
TK0000234,KH000187,Cá nhân,CN Thanh Xuân,2026-12-14,6,Trực tuyến,335000000,Không,1,2026-12-14,2027-06-14,Đang hiệu lực
TK0000235,KH000188,Cá nhân,CN Đà Nẵng,2026-09-18,1,Trực tuyến,2036000000,Không,1,2026-09-18,2026-10-18,Đang hiệu lực
TK0000236,KH000188,Cá nhân,CN Hải Phòng,2026-01-28,24,Tại quầy,1883000000,Không,1,2026-01-28,2028-01-27,Đang hiệu lực
TK0000237,KH000189,Cá nhân,CN Cầu Giấy,2026-02-21,6,Tại quầy,3107000000,Có,1,2026-02-21,2026-08-22,Đang hiệu lực
TK0000238,KH000189,Cá nhân,CN Đà Nẵng,2026-09-04,12,Trực tuyến,3728000000,Có,1,2026-09-04,2027-09-03,Đang hiệu lực
TK0000239,KH000189,Cá nhân,CN Quận 1,2026-08-14,24,Tại quầy,2812000000,Không,1,2026-08-14,2028-08-12,Đang hiệu lực
TK0000240,KH000190,Cá nhân,CN Quận 1,2026-07-17,1,Trực tuyến,2833000000,Không,1,2026-07-17,2026-08-16,Đang hiệu lực
TK0000241,KH000191,Cá nhân,CN Cầu Giấy,2026-07-11,3,Trực tuyến,234000000,Không,1,2026-07-11,2026-10-10,Đang hiệu lực
TK0000242,KH000191,Cá nhân,CN Cần Thơ,2026-02-18,3,Trực tuyến,222000000,Có,1,2026-02-18,2026-05-20,Đang hiệu lực
TK0000243,KH000191,Cá nhân,CN Cầu Giấy,2026-02-12,24,Tại quầy,222000000,Có,1,2026-02-12,2028-02-11,Đang hiệu lực
TK0000244,KH000192,Cá nhân,CN Cần Thơ,2026-04-27,24,Tại quầy,501000000,Có,1,2026-04-27,2028-04-25,Đang hiệu lực
TK0000245,KH000193,Cá nhân,CN Thanh Xuân,2026-07-19,1,Trực tuyến,874000000,Không,1,2026-07-19,2026-08-18,Đang hiệu lực
TK0000246,KH000193,Cá nhân,CN Thanh Xuân,2026-10-01,3,Tại quầy,855000000,Có,1,2026-10-01,2026-12-31,Đang hiệu lực
TK0000247,KH000194,Cá nhân,CN Bình Dương,2026-05-02,6,Tại quầy,229000000,Có,1,2026-05-02,2026-10-31,Đang hiệu lực
TK0000248,KH000195,Cá nhân,CN Cần Thơ,2026-04-23,6,Tại quầy,1233000000,Không,1,2026-04-23,2026-10-22,Đang hiệu lực
TK0000249,KH000195,Cá nhân,CN Cầu Giấy,2026-03-07,3,Tại quầy,1277000000,Không,1,2026-03-07,2026-06-06,Đang hiệu lực
TK0000250,KH000195,Cá nhân,CN Hải Phòng,2026-08-20,3,Tại quầy,1008000000,Không,1,2026-08-20,2026-11-19,Đang hiệu lực
TK0000251,KH000197,Cá nhân,CN Bình Dương,2026-09-16,3,Trực tuyến,1908000000,Không,1,2026-09-16,2026-12-16,Đang hiệu lực
TK0000252,KH000198,Cá nhân,CN TP Hồ Chí Minh,2026-01-13,12,Tại quầy,64000000,Không,1,2026-01-13,2027-01-12,Đang hiệu lực
TK0000253,KH000199,Cá nhân,CN Đà Nẵng,2026-01-03,12,Trực tuyến,294000000,Không,1,2026-01-03,2027-01-02,Đang hiệu lực
TK0000254,KH000199,Cá nhân,CN Cần Thơ,2026-09-04,6,Trực tuyến,268000000,Không,1,2026-09-04,2027-03-05,Đang hiệu lực
TK0000255,KH000199,Cá nhân,CN Hoàn Kiếm,2026-10-17,24,Trực tuyến,342000000,Không,1,2026-10-17,2028-10-15,Đang hiệu lực
TK0000256,KH000200,Cá nhân,CN Bình Dương,2026-08-10,24,Tại quầy,133000000,Có,1,2026-08-10,2028-08-08,Đang hiệu lực
