ma_so_thue,ly_do_canh_bao,ngay_cap_nhat
9519912383,Đang làm thủ tục giải thể,2026-07-14
9951470945,Nợ thuế quá hạn,2026-08-05
9640013263,Không hoạt động tại địa chỉ đã đăng ký,2026-08-10
9361004360,Không hoạt động tại địa chỉ đã đăng ký,2026-11-30
9576129963,"Có tranh chấp, khởi kiện liên quan đến khoản vay",2026-10-27
9883426884,"Có tranh chấp, khởi kiện liên quan đến khoản vay",2026-12-19
9614980566,Không hoạt động tại địa chỉ đã đăng ký,2026-12-09
9380228457,Không hoạt động tại địa chỉ đã đăng ký,2026-12-16
9252368053,Nợ thuế quá hạn,2026-11-02
9533085311,Nợ thuế quá hạn,2026-11-02
9203368107,Đang làm thủ tục giải thể,2026-08-10
9100312022,"Có tranh chấp, khởi kiện liên quan đến khoản vay",2026-08-24
9208172663,Đang làm thủ tục giải thể,2026-07-08
9014556210,Nợ thuế quá hạn,2026-09-11
9373151213,"Có tranh chấp, khởi kiện liên quan đến khoản vay",2026-07-29
9410624793,Nợ thuế quá hạn,2026-09-24
9128409881,"Có tranh chấp, khởi kiện liên quan đến khoản vay",2026-10-29
9650371198,Đang làm thủ tục giải thể,2026-09-08
9059359709,Nợ thuế quá hạn,2026-07-04
9661512326,Không hoạt động tại địa chỉ đã đăng ký,2026-08-13
9309021112,Nợ thuế quá hạn,2026-10-07
9426607906,Nợ thuế quá hạn,2026-08-01
9622320774,"Có tranh chấp, khởi kiện liên quan đến khoản vay",2026-08-05
9212599127,Không hoạt động tại địa chỉ đã đăng ký,2026-11-21
9672382699,Nợ thuế quá hạn,2026-06-22
