ma_ho_so,ma_kh,ngay_de_nghi,san_pham,so_tien_de_nghi,thoi_han_han_muc_thang,doanh_thu_ke_hoach,chi_phi_san_xuat_kinh_doanh_ke_hoach,von_huy_dong_khac_ke_hoach
HSDN00001,DN00001,2026-12-17,Cho vay theo hạn mức bổ sung vốn lưu động,31850.0,12,108791,110552,7142
HSDN00002,DN00002,2026-11-30,Cho vay theo hạn mức bổ sung vốn lưu động,26800.0,12,96974,97627,3874
HSDN00003,DN00004,2026-12-17,Cho vay theo hạn mức bổ sung vốn lưu động,21450.0,12,42872,38393,0
HSDN00004,DN00005,2026-12-07,Cho vay theo hạn mức bổ sung vốn lưu động,400.0,12,192468,143459,285676
HSDN00005,DN00006,2026-11-25,Cho vay theo hạn mức bổ sung vốn lưu động,2550.0,12,3085,2987,1059
HSDN00006,DN00007,2026-12-18,Cho vay theo hạn mức bổ sung vốn lưu động,4650.0,12,15380,14701,269
HSDN00007,DN00008,2026-12-11,Cho vay theo hạn mức bổ sung vốn lưu động,200.0,12,437,397,107
HSDN00008,DN00010,2026-12-05,Cho vay theo hạn mức bổ sung vốn lưu động,400.0,12,1780,1734,359
HSDN00009,DN00011,2026-12-13,Cho vay theo hạn mức bổ sung vốn lưu động,3000.0,12,5887,5626,832
HSDN00010,DN00012,2026-12-21,Cho vay theo hạn mức bổ sung vốn lưu động,11550.0,12,37466,36381,0
HSDN00011,DN00013,2026-11-29,Cho vay theo hạn mức bổ sung vốn lưu động,350.0,12,9660,9457,246
HSDN00012,DN00014,2026-12-25,Cho vay theo hạn mức bổ sung vốn lưu động,17700.0,12,47012,44606,0
HSDN00013,DN00015,2026-12-13,Cho vay theo hạn mức bổ sung vốn lưu động,1650.0,12,34839,33255,4468
HSDN00014,DN00016,2026-12-04,Cho vay theo hạn mức bổ sung vốn lưu động,12000.0,12,27967,27679,3724
HSDN00015,DN00017,2026-12-25,Cho vay theo hạn mức bổ sung vốn lưu động,200.0,12,866,777,99
HSDN00016,DN00018,2026-12-21,Cho vay theo hạn mức bổ sung vốn lưu động,550.0,12,772,676,0
HSDN00017,DN00019,2026-12-04,Cho vay theo hạn mức bổ sung vốn lưu động,450.0,12,462,424,107
HSDN00018,DN00020,2026-12-09,Cho vay theo hạn mức bổ sung vốn lưu động,650.0,12,1074,945,0
HSDN00019,DN00021,2026-11-22,Cho vay theo hạn mức bổ sung vốn lưu động,950.0,12,2185,2073,504
HSDN00020,DN00022,2026-12-15,Cho vay theo hạn mức bổ sung vốn lưu động,1600.0,12,2394,2042,0
HSDN00021,DN00023,2026-12-19,Cho vay theo hạn mức bổ sung vốn lưu động,8000.0,12,56082,50618,9280
HSDN00022,DN00024,2026-12-24,Cho vay theo hạn mức bổ sung vốn lưu động,19900.0,12,53283,51685,7531
HSDN00023,DN00025,2026-12-22,Cho vay theo hạn mức bổ sung vốn lưu động,200.0,12,429,459,92
HSDN00024,DN00027,2026-12-13,Cho vay theo hạn mức bổ sung vốn lưu động,6150.0,12,22487,20903,0
HSDN00025,DN00028,2026-12-09,Cho vay theo hạn mức bổ sung vốn lưu động,500.0,12,516,453,0
HSDN00026,DN00029,2026-12-25,Cho vay theo hạn mức bổ sung vốn lưu động,2500.0,12,4440,3904,134
HSDN00027,DN00030,2026-11-27,Cho vay theo hạn mức bổ sung vốn lưu động,850.0,12,1460,1394,0
HSDN00028,DN00031,2026-11-28,Cho vay theo hạn mức bổ sung vốn lưu động,300.0,12,37314,35923,3009
HSDN00029,DN00032,2026-12-23,Cho vay theo hạn mức bổ sung vốn lưu động,1550.0,12,1913,1794,0
HSDN00030,DN00033,2026-12-05,Cho vay theo hạn mức bổ sung vốn lưu động,8650.0,12,67575,66639,1281
HSDN00031,DN00034,2026-12-08,Cho vay theo hạn mức bổ sung vốn lưu động,550.0,12,668,626,0
HSDN00032,DN00035,2026-11-22,Cho vay theo hạn mức bổ sung vốn lưu động,1550.0,12,10688,10289,0
HSDN00033,DN00036,2026-12-06,Cho vay theo hạn mức bổ sung vốn lưu động,430150.0,12,1917369,1868541,88072
HSDN00034,DN00037,2026-12-26,Cho vay theo hạn mức bổ sung vốn lưu động,1350.0,12,3110,3110,0
HSDN00035,DN00038,2026-11-29,Cho vay theo hạn mức bổ sung vốn lưu động,30650.0,12,64708,65981,0
HSDN00036,DN00040,2026-11-25,Cho vay theo hạn mức bổ sung vốn lưu động,550.0,12,5467,4844,673
HSDN00037,DN00041,2026-11-24,Cho vay theo hạn mức bổ sung vốn lưu động,2450.0,12,15915,15527,0
HSDN00038,DN00042,2026-12-23,Cho vay theo hạn mức bổ sung vốn lưu động,350.0,12,358,336,118
HSDN00039,DN00043,2026-12-09,Cho vay theo hạn mức bổ sung vốn lưu động,450.0,12,572,503,0
HSDN00040,DN00044,2026-11-22,Cho vay theo hạn mức bổ sung vốn lưu động,350.0,12,25713,25385,0
HSDN00041,DN00046,2026-12-15,Cho vay theo hạn mức bổ sung vốn lưu động,2050.0,12,3793,3773,0
HSDN00042,DN00047,2026-12-06,Cho vay theo hạn mức bổ sung vốn lưu động,37200.0,12,134188,132700,3469
HSDN00043,DN00048,2026-11-26,Cho vay theo hạn mức bổ sung vốn lưu động,1300.0,12,3406,3539,0
HSDN00044,DN00049,2026-12-05,Cho vay theo hạn mức bổ sung vốn lưu động,300.0,12,327,304,110
HSDN00045,DN00050,2026-12-21,Cho vay theo hạn mức bổ sung vốn lưu động,2500.0,12,3045,2923,0
HSDN00046,DN00051,2026-12-10,Cho vay theo hạn mức bổ sung vốn lưu động,5400.0,12,27533,26452,0
HSDN00047,DN00052,2026-11-28,Cho vay theo hạn mức bổ sung vốn lưu động,10500.0,12,15689,14015,0
HSDN00048,DN00053,2026-12-25,Cho vay theo hạn mức bổ sung vốn lưu động,4750.0,12,14207,13486,735
HSDN00049,DN00054,2026-12-03,Cho vay theo hạn mức bổ sung vốn lưu động,900.0,12,2237,1934,163
HSDN00050,DN00055,2026-12-08,Cho vay theo hạn mức bổ sung vốn lưu động,6900.0,12,8445,8190,0
HSDN00051,DN00056,2026-11-28,Cho vay theo hạn mức bổ sung vốn lưu động,2600.0,12,4011,3813,260
HSDN00052,DN00057,2026-12-16,Cho vay theo hạn mức bổ sung vốn lưu động,850.0,12,1847,1718,117
HSDN00053,DN00058,2026-11-28,Cho vay theo hạn mức bổ sung vốn lưu động,14200.0,12,9448,8117,0
HSDN00054,DN00059,2026-12-12,Cho vay theo hạn mức bổ sung vốn lưu động,600.0,12,2106,1911,0
HSDN00055,DN00060,2026-12-20,Cho vay theo hạn mức bổ sung vốn lưu động,350.0,12,2516,2295,726
HSDN00056,DN00061,2026-11-29,Cho vay theo hạn mức bổ sung vốn lưu động,1300.0,12,1025,947,0
HSDN00057,DN00062,2026-12-26,Cho vay theo hạn mức bổ sung vốn lưu động,19800.0,12,55598,51746,0
HSDN00058,DN00063,2026-11-23,Cho vay theo hạn mức bổ sung vốn lưu động,2750.0,12,4864,4221,2371
HSDN00059,DN00064,2026-12-08,Cho vay theo hạn mức bổ sung vốn lưu động,3400.0,12,8156,7757,0
HSDN00060,DN00065,2026-12-03,Cho vay theo hạn mức bổ sung vốn lưu động,28450.0,12,45941,45005,0
HSDN00061,DN00067,2026-12-21,Cho vay theo hạn mức bổ sung vốn lưu động,1200.0,12,2135,1822,846
HSDN00062,DN00068,2026-12-19,Cho vay theo hạn mức bổ sung vốn lưu động,32150.0,12,46644,43922,11147
HSDN00063,DN00069,2026-11-24,Cho vay theo hạn mức bổ sung vốn lưu động,600.0,12,934,860,104
HSDN00064,DN00070,2026-12-12,Cho vay theo hạn mức bổ sung vốn lưu động,2500.0,12,6208,6286,0
HSDN00065,DN00071,2026-12-14,Cho vay theo hạn mức bổ sung vốn lưu động,700.0,12,6253,5499,26
HSDN00066,DN00072,2026-12-24,Cho vay theo hạn mức bổ sung vốn lưu động,100.0,12,5052,4468,0
HSDN00067,DN00073,2026-11-24,Cho vay theo hạn mức bổ sung vốn lưu động,500.0,12,844,790,116
HSDN00068,DN00074,2026-12-22,Cho vay theo hạn mức bổ sung vốn lưu động,1550.0,12,2849,2648,628
HSDN00069,DN00075,2026-12-22,Cho vay theo hạn mức bổ sung vốn lưu động,1150.0,12,1412,1342,260
HSDN00070,DN00076,2026-11-27,Cho vay theo hạn mức bổ sung vốn lưu động,250.0,12,2477,2439,0
HSDN00071,DN00077,2026-11-26,Cho vay theo hạn mức bổ sung vốn lưu động,700.0,12,5155,5092,468
HSDN00072,DN00078,2026-12-20,Cho vay theo hạn mức bổ sung vốn lưu động,3300.0,12,6126,4638,3462
HSDN00073,DN00081,2026-12-15,Cho vay theo hạn mức bổ sung vốn lưu động,800.0,12,641,563,347
HSDN00074,DN00082,2026-12-26,Cho vay theo hạn mức bổ sung vốn lưu động,12600.0,12,24635,23913,0
HSDN00075,DN00083,2026-12-01,Cho vay theo hạn mức bổ sung vốn lưu động,33850.0,12,86563,69355,21995
HSDN00076,DN00084,2026-12-23,Cho vay theo hạn mức bổ sung vốn lưu động,94750.0,12,121076,107794,25321
HSDN00077,DN00085,2026-12-04,Cho vay theo hạn mức bổ sung vốn lưu động,6400.0,12,10449,9503,1009
HSDN00078,DN00086,2026-12-13,Cho vay theo hạn mức bổ sung vốn lưu động,3050.0,12,11647,9590,4936
HSDN00079,DN00087,2026-12-11,Cho vay theo hạn mức bổ sung vốn lưu động,6000.0,12,30312,28752,0
HSDN00080,DN00088,2026-12-02,Cho vay theo hạn mức bổ sung vốn lưu động,2750.0,12,24698,22772,3136
HSDN00081,DN00089,2026-12-16,Cho vay theo hạn mức bổ sung vốn lưu động,300.0,12,374,349,0
HSDN00082,DN00090,2026-12-18,Cho vay theo hạn mức bổ sung vốn lưu động,7300.0,12,14998,14728,1622
HSDN00083,DN00091,2026-12-18,Cho vay theo hạn mức bổ sung vốn lưu động,7800.0,12,4741,4074,1051
HSDN00084,DN00092,2026-12-19,Cho vay theo hạn mức bổ sung vốn lưu động,2300.0,12,2907,2594,0
HSDN00085,DN00093,2026-12-17,Cho vay theo hạn mức bổ sung vốn lưu động,1450.0,12,1633,1424,899
HSDN00086,DN00094,2026-12-14,Cho vay theo hạn mức bổ sung vốn lưu động,39500.0,12,188125,181389,9880
HSDN00087,DN00095,2026-11-25,Cho vay theo hạn mức bổ sung vốn lưu động,9300.0,12,21836,21058,2341
HSDN00088,DN00097,2026-12-21,Cho vay theo hạn mức bổ sung vốn lưu động,41000.0,12,48042,41229,0
HSDN00089,DN00098,2026-12-10,Cho vay theo hạn mức bổ sung vốn lưu động,42400.0,12,137161,136384,9679
HSDN00090,DN00099,2026-12-25,Cho vay theo hạn mức bổ sung vốn lưu động,400.0,12,13011,12563,740
HSDN00091,DN00100,2026-12-19,Cho vay theo hạn mức bổ sung vốn lưu động,400.0,12,743,718,0
HSDN00092,DN00101,2026-12-21,Cho vay theo hạn mức bổ sung vốn lưu động,4700.0,12,6229,6000,563
HSDN00093,DN00102,2026-11-23,Cho vay theo hạn mức bổ sung vốn lưu động,1100.0,12,4922,4492,0
HSDN00094,DN00103,2026-11-22,Cho vay theo hạn mức bổ sung vốn lưu động,43450.0,12,88674,86083,3464
HSDN00095,DN00104,2026-12-26,Cho vay theo hạn mức bổ sung vốn lưu động,45250.0,12,85113,80327,0
HSDN00096,DN00105,2026-11-25,Cho vay theo hạn mức bổ sung vốn lưu động,2850.0,12,5258,5398,0
HSDN00097,DN00106,2026-11-24,Cho vay theo hạn mức bổ sung vốn lưu động,800.0,12,864,836,0
HSDN00098,DN00107,2026-12-11,Cho vay theo hạn mức bổ sung vốn lưu động,3550.0,12,2588,2065,1097
HSDN00099,DN00108,2026-11-26,Cho vay theo hạn mức bổ sung vốn lưu động,8350.0,12,46013,46057,4167
HSDN00100,DN00109,2026-12-02,Cho vay theo hạn mức bổ sung vốn lưu động,8600.0,12,14877,12777,6615
HSDN00101,DN00110,2026-12-24,Cho vay theo hạn mức bổ sung vốn lưu động,530600.0,12,2040398,2058023,216154
HSDN00102,DN00111,2026-12-24,Cho vay theo hạn mức bổ sung vốn lưu động,38800.0,12,30032,26380,0
HSDN00103,DN00112,2026-12-21,Cho vay theo hạn mức bổ sung vốn lưu động,800.0,12,1916,1747,0
HSDN00104,DN00113,2026-12-12,Cho vay theo hạn mức bổ sung vốn lưu động,2900.0,12,3351,3248,0
HSDN00105,DN00114,2026-11-27,Cho vay theo hạn mức bổ sung vốn lưu động,550.0,12,617,587,0
HSDN00106,DN00115,2026-12-07,Cho vay theo hạn mức bổ sung vốn lưu động,32950.0,12,124607,121263,5219
HSDN00107,DN00116,2026-12-25,Cho vay theo hạn mức bổ sung vốn lưu động,1200.0,12,4449,4242,712
HSDN00108,DN00117,2026-12-09,Cho vay theo hạn mức bổ sung vốn lưu động,1750.0,12,5263,4880,1029
HSDN00109,DN00118,2026-12-01,Cho vay theo hạn mức bổ sung vốn lưu động,11800.0,12,26964,25375,3356
HSDN00110,DN00119,2026-11-27,Cho vay theo hạn mức bổ sung vốn lưu động,1000.0,12,1870,1847,0
HSDN00111,DN00121,2026-12-01,Cho vay theo hạn mức bổ sung vốn lưu động,900.0,12,2142,2112,0
HSDN00112,DN00122,2026-12-24,Cho vay theo hạn mức bổ sung vốn lưu động,3200.0,12,4092,3667,1377
HSDN00113,DN00124,2026-12-21,Cho vay theo hạn mức bổ sung vốn lưu động,550.0,12,422,358,91
HSDN00114,DN00125,2026-12-17,Cho vay theo hạn mức bổ sung vốn lưu động,400.0,12,1970,2007,121
HSDN00115,DN00126,2026-12-07,Cho vay theo hạn mức bổ sung vốn lưu động,726700.0,12,999144,897881,111670
HSDN00116,DN00127,2026-12-24,Cho vay theo hạn mức bổ sung vốn lưu động,950.0,12,3496,3490,234
HSDN00117,DN00128,2026-12-09,Cho vay theo hạn mức bổ sung vốn lưu động,3800.0,12,2500,2407,0
HSDN00118,DN00129,2026-11-25,Cho vay theo hạn mức bổ sung vốn lưu động,10200.0,12,45191,43932,6352
HSDN00119,DN00130,2026-12-10,Cho vay theo hạn mức bổ sung vốn lưu động,1400.0,12,4924,4488,0
HSDN00120,DN00131,2026-12-20,Cho vay theo hạn mức bổ sung vốn lưu động,600.0,12,3364,3279,527
HSDN00121,DN00132,2026-12-10,Cho vay theo hạn mức bổ sung vốn lưu động,10350.0,12,6732,5807,1710
HSDN00122,DN00133,2026-11-30,Cho vay theo hạn mức bổ sung vốn lưu động,650.0,12,2279,2217,159
HSDN00123,DN00134,2026-12-11,Cho vay theo hạn mức bổ sung vốn lưu động,900.0,12,1651,1543,0
HSDN00124,DN00135,2026-12-25,Cho vay theo hạn mức bổ sung vốn lưu động,9900.0,12,21496,19896,0
HSDN00125,DN00136,2026-12-10,Cho vay theo hạn mức bổ sung vốn lưu động,400.0,12,569,443,389
HSDN00126,DN00137,2026-12-23,Cho vay theo hạn mức bổ sung vốn lưu động,1850.0,12,2350,2059,0
HSDN00127,DN00138,2026-12-11,Cho vay theo hạn mức bổ sung vốn lưu động,2100.0,12,3281,3201,0
HSDN00128,DN00139,2026-12-06,Cho vay theo hạn mức bổ sung vốn lưu động,400.0,12,680,655,0
HSDN00129,DN00140,2026-11-28,Cho vay theo hạn mức bổ sung vốn lưu động,1400.0,12,4271,4284,1429
HSDN00130,DN00141,2026-11-23,Cho vay theo hạn mức bổ sung vốn lưu động,268100.0,12,1351675,1200393,220967
HSDN00131,DN00142,2026-12-16,Cho vay theo hạn mức bổ sung vốn lưu động,13300.0,12,33350,33372,10141
HSDN00132,DN00143,2026-12-03,Cho vay theo hạn mức bổ sung vốn lưu động,1150.0,12,1257,1173,0
HSDN00133,DN00144,2026-12-07,Cho vay theo hạn mức bổ sung vốn lưu động,1500.0,12,1192,1093,0
HSDN00134,DN00145,2026-12-22,Cho vay theo hạn mức bổ sung vốn lưu động,650.0,12,761,741,0
HSDN00135,DN00146,2026-11-27,Cho vay theo hạn mức bổ sung vốn lưu động,1400.0,12,2315,2135,0
HSDN00136,DN00147,2026-12-13,Cho vay theo hạn mức bổ sung vốn lưu động,800.0,12,650,539,297
HSDN00137,DN00148,2026-12-18,Cho vay theo hạn mức bổ sung vốn lưu động,8650.0,12,9913,8318,2621
HSDN00138,DN00149,2026-12-21,Cho vay theo hạn mức bổ sung vốn lưu động,1100.0,12,4131,3709,1225
HSDN00139,DN00150,2026-12-17,Cho vay theo hạn mức bổ sung vốn lưu động,3650.0,12,14515,14929,896
HSDN00140,DN00151,2026-12-18,Cho vay theo hạn mức bổ sung vốn lưu động,800.0,12,979,871,0
HSDN00141,DN00152,2026-12-11,Cho vay theo hạn mức bổ sung vốn lưu động,133500.0,12,89812,83279,0
HSDN00142,DN00153,2026-12-24,Cho vay theo hạn mức bổ sung vốn lưu động,3850.0,12,12575,13048,1105
HSDN00143,DN00154,2026-12-22,Cho vay theo hạn mức bổ sung vốn lưu động,250.0,12,2947,2835,342
HSDN00144,DN00155,2026-12-03,Cho vay theo hạn mức bổ sung vốn lưu động,1800.0,12,2534,2497,0
HSDN00145,DN00156,2026-11-26,Cho vay theo hạn mức bổ sung vốn lưu động,300.0,12,960,832,319
HSDN00146,DN00157,2026-12-21,Cho vay theo hạn mức bổ sung vốn lưu động,5900.0,12,5889,5248,0
HSDN00147,DN00158,2026-12-10,Cho vay theo hạn mức bổ sung vốn lưu động,1650.0,12,3485,2980,881
HSDN00148,DN00159,2026-11-30,Cho vay theo hạn mức bổ sung vốn lưu động,4400.0,12,12515,12157,0
HSDN00149,DN00160,2026-12-03,Cho vay theo hạn mức bổ sung vốn lưu động,29550.0,12,252977,227648,88837
HSDN00150,DN00161,2026-11-25,Cho vay theo hạn mức bổ sung vốn lưu động,1700.0,12,14804,12991,2425
HSDN00151,DN00162,2026-11-24,Cho vay theo hạn mức bổ sung vốn lưu động,36050.0,12,47822,47430,6719
HSDN00152,DN00163,2026-11-24,Cho vay theo hạn mức bổ sung vốn lưu động,150.0,12,788,709,255
HSDN00153,DN00164,2026-12-23,Cho vay theo hạn mức bổ sung vốn lưu động,28650.0,12,24434,23978,0
HSDN00154,DN00165,2026-11-22,Cho vay theo hạn mức bổ sung vốn lưu động,300.0,12,2879,2585,152
HSDN00155,DN00166,2026-12-03,Cho vay theo hạn mức bổ sung vốn lưu động,1800.0,12,1469,1325,0
HSDN00156,DN00167,2026-12-10,Cho vay theo hạn mức bổ sung vốn lưu động,2250.0,12,6427,6264,812
HSDN00157,DN00168,2026-12-20,Cho vay theo hạn mức bổ sung vốn lưu động,1050.0,12,919,967,0
HSDN00158,DN00169,2026-12-19,Cho vay theo hạn mức bổ sung vốn lưu động,7200.0,12,42364,36515,12960
HSDN00159,DN00170,2026-12-13,Cho vay theo hạn mức bổ sung vốn lưu động,4700.0,12,24186,23637,0
HSDN00160,DN00171,2026-11-28,Cho vay theo hạn mức bổ sung vốn lưu động,247650.0,12,512547,425130,143395
HSDN00161,DN00173,2026-11-29,Cho vay theo hạn mức bổ sung vốn lưu động,15200.0,12,25288,20990,0
HSDN00162,DN00174,2026-11-29,Cho vay theo hạn mức bổ sung vốn lưu động,650.0,12,4684,4779,110
HSDN00163,DN00175,2026-12-14,Cho vay theo hạn mức bổ sung vốn lưu động,850.0,12,2326,2268,106
HSDN00164,DN00176,2026-12-04,Cho vay theo hạn mức bổ sung vốn lưu động,350.0,12,3837,3321,0
HSDN00165,DN00177,2026-12-03,Cho vay theo hạn mức bổ sung vốn lưu động,500.0,12,696,640,0
HSDN00166,DN00178,2026-12-04,Cho vay theo hạn mức bổ sung vốn lưu động,200.0,12,788,781,0
HSDN00167,DN00179,2026-12-15,Cho vay theo hạn mức bổ sung vốn lưu động,1600.0,12,2271,2240,0
HSDN00168,DN00180,2026-12-10,Cho vay theo hạn mức bổ sung vốn lưu động,8050.0,12,23517,21960,3409
HSDN00169,DN00181,2026-11-29,Cho vay theo hạn mức bổ sung vốn lưu động,550.0,12,909,841,0
HSDN00170,DN00182,2026-12-22,Cho vay theo hạn mức bổ sung vốn lưu động,1550.0,12,5420,5206,475
HSDN00171,DN00183,2026-12-03,Cho vay theo hạn mức bổ sung vốn lưu động,27800.0,12,81033,80377,10909
HSDN00172,DN00184,2026-12-07,Cho vay theo hạn mức bổ sung vốn lưu động,400.0,12,4917,5014,0
HSDN00173,DN00185,2026-12-08,Cho vay theo hạn mức bổ sung vốn lưu động,1400.0,12,6902,4829,9042
HSDN00174,DN00186,2026-11-25,Cho vay theo hạn mức bổ sung vốn lưu động,22350.0,12,32284,29071,4218
HSDN00175,DN00187,2026-11-23,Cho vay theo hạn mức bổ sung vốn lưu động,1600.0,12,5316,4849,837
HSDN00176,DN00188,2026-12-15,Cho vay theo hạn mức bổ sung vốn lưu động,2250.0,12,2951,2706,89
HSDN00177,DN00190,2026-12-03,Cho vay theo hạn mức bổ sung vốn lưu động,400.0,12,2283,1935,497
HSDN00178,DN00191,2026-11-24,Cho vay theo hạn mức bổ sung vốn lưu động,18750.0,12,51919,47779,0
HSDN00179,DN00192,2026-12-11,Cho vay theo hạn mức bổ sung vốn lưu động,634800.0,12,1688186,1513157,299595
HSDN00180,DN00193,2026-12-11,Cho vay theo hạn mức bổ sung vốn lưu động,385000.0,12,814473,794790,0
HSDN00181,DN00194,2026-11-25,Cho vay theo hạn mức bổ sung vốn lưu động,8000.0,12,15366,15019,1828
HSDN00182,DN00195,2026-12-05,Cho vay theo hạn mức bổ sung vốn lưu động,10900.0,12,25797,26218,3346
HSDN00183,DN00197,2026-12-22,Cho vay theo hạn mức bổ sung vốn lưu động,350.0,12,32082,31006,0
HSDN00184,DN00198,2026-11-26,Cho vay theo hạn mức bổ sung vốn lưu động,1500.0,12,3331,3019,0
HSDN00185,DN00199,2026-12-20,Cho vay theo hạn mức bổ sung vốn lưu động,21550.0,12,21544,20948,0
HSDN00186,DN00200,2026-11-22,Cho vay theo hạn mức bổ sung vốn lưu động,2400.0,12,3670,3120,1379
HSDN00187,DN00201,2026-12-20,Cho vay theo hạn mức bổ sung vốn lưu động,3750.0,12,22974,23294,3937
HSDN00188,DN00202,2026-11-24,Cho vay theo hạn mức bổ sung vốn lưu động,950.0,12,3095,2651,0
HSDN00189,DN00203,2026-12-05,Cho vay theo hạn mức bổ sung vốn lưu động,850.0,12,1651,1550,114
HSDN00190,DN00204,2026-11-26,Cho vay theo hạn mức bổ sung vốn lưu động,1000.0,12,987,947,0
HSDN00191,DN00205,2026-11-28,Cho vay theo hạn mức bổ sung vốn lưu động,2050.0,12,1310,1234,0
HSDN00192,DN00206,2026-12-04,Cho vay theo hạn mức bổ sung vốn lưu động,200.0,12,3021,2890,0
HSDN00193,DN00207,2026-12-14,Cho vay theo hạn mức bổ sung vốn lưu động,4750.0,12,57227,42045,21277
HSDN00194,DN00208,2026-12-05,Cho vay theo hạn mức bổ sung vốn lưu động,350.0,12,382,364,0
HSDN00195,DN00210,2026-11-24,Cho vay theo hạn mức bổ sung vốn lưu động,3050.0,12,4636,4274,0
HSDN00196,DN00211,2026-12-23,Cho vay theo hạn mức bổ sung vốn lưu động,5000.0,12,8902,8657,2459
HSDN00197,DN00212,2026-12-13,Cho vay theo hạn mức bổ sung vốn lưu động,249900.0,12,1479394,1394854,111002
HSDN00198,DN00214,2026-12-25,Cho vay theo hạn mức bổ sung vốn lưu động,1250.0,12,5348,5190,275
HSDN00199,DN00215,2026-12-16,Cho vay theo hạn mức bổ sung vốn lưu động,1200.0,12,969,914,0
HSDN00200,DN00216,2026-12-26,Cho vay theo hạn mức bổ sung vốn lưu động,1500.0,12,3728,3666,0
HSDN00201,DN00217,2026-11-22,Cho vay theo hạn mức bổ sung vốn lưu động,4400.0,12,10437,9657,3556
HSDN00202,DN00218,2026-12-08,Cho vay theo hạn mức bổ sung vốn lưu động,100.0,12,1406,1204,703
HSDN00203,DN00219,2026-11-26,Cho vay theo hạn mức bổ sung vốn lưu động,500.0,12,3194,2602,759
HSDN00204,DN00220,2026-12-01,Cho vay theo hạn mức bổ sung vốn lưu động,350.0,12,863,819,0
HSDN00205,DN00221,2026-11-22,Cho vay theo hạn mức bổ sung vốn lưu động,25200.0,12,103124,90918,19566
HSDN00206,DN00222,2026-12-11,Cho vay theo hạn mức bổ sung vốn lưu động,900.0,12,1429,1408,519
HSDN00207,DN00223,2026-12-17,Cho vay theo hạn mức bổ sung vốn lưu động,2650.0,12,3358,3214,0
HSDN00208,DN00224,2026-12-21,Cho vay theo hạn mức bổ sung vốn lưu động,10350.0,12,18016,16134,2759
HSDN00209,DN00225,2026-12-06,Cho vay theo hạn mức bổ sung vốn lưu động,4700.0,12,11989,12947,1128
HSDN00210,DN00226,2026-11-25,Cho vay theo hạn mức bổ sung vốn lưu động,1300.0,12,2197,1971,0
HSDN00211,DN00227,2026-12-04,Cho vay theo hạn mức bổ sung vốn lưu động,1750.0,12,6767,6705,335
HSDN00212,DN00228,2026-12-24,Cho vay theo hạn mức bổ sung vốn lưu động,400.0,12,869,827,0
HSDN00213,DN00229,2026-12-04,Cho vay theo hạn mức bổ sung vốn lưu động,25750.0,12,360436,321014,114462
HSDN00214,DN00231,2026-11-23,Cho vay theo hạn mức bổ sung vốn lưu động,1150.0,12,1712,1763,0
HSDN00215,DN00232,2026-11-26,Cho vay theo hạn mức bổ sung vốn lưu động,400.0,12,591228,430404,107301
HSDN00216,DN00234,2026-12-17,Cho vay theo hạn mức bổ sung vốn lưu động,300.0,12,683,618,0
HSDN00217,DN00235,2026-12-10,Cho vay theo hạn mức bổ sung vốn lưu động,1200.0,12,1558,1510,0
HSDN00218,DN00236,2026-12-17,Cho vay theo hạn mức bổ sung vốn lưu động,4950.0,12,9267,8767,0
HSDN00219,DN00237,2026-12-26,Cho vay theo hạn mức bổ sung vốn lưu động,1150.0,12,1692,1455,342
HSDN00220,DN00238,2026-12-19,Cho vay theo hạn mức bổ sung vốn lưu động,22200.0,12,270025,262672,34602
HSDN00221,DN00239,2026-12-17,Cho vay theo hạn mức bổ sung vốn lưu động,500.0,12,681,583,21
HSDN00222,DN00240,2026-12-10,Cho vay theo hạn mức bổ sung vốn lưu động,700.0,12,1805,1652,0
HSDN00223,DN00242,2026-12-17,Cho vay theo hạn mức bổ sung vốn lưu động,450.0,12,405,381,0
HSDN00224,DN00243,2026-11-28,Cho vay theo hạn mức bổ sung vốn lưu động,1400.0,12,3137,3004,682
HSDN00225,DN00244,2026-11-27,Cho vay theo hạn mức bổ sung vốn lưu động,550.0,12,1120,971,67
HSDN00226,DN00245,2026-12-16,Cho vay theo hạn mức bổ sung vốn lưu động,7200.0,12,28214,25711,2750
HSDN00227,DN00246,2026-12-03,Cho vay theo hạn mức bổ sung vốn lưu động,46100.0,12,165057,152552,15754
HSDN00228,DN00247,2026-12-10,Cho vay theo hạn mức bổ sung vốn lưu động,13600.0,12,54970,47970,28326
HSDN00229,DN00248,2026-12-18,Cho vay theo hạn mức bổ sung vốn lưu động,2950.0,12,1193,1018,0
HSDN00230,DN00249,2026-12-01,Cho vay theo hạn mức bổ sung vốn lưu động,6650.0,12,6628,5972,0
HSDN00231,DN00250,2026-12-22,Cho vay theo hạn mức bổ sung vốn lưu động,1250.0,12,5918,6014,857
HSDN00232,DN00251,2026-12-14,Cho vay theo hạn mức bổ sung vốn lưu động,3650.0,12,40944,36082,14282
HSDN00233,DN00252,2026-12-26,Cho vay theo hạn mức bổ sung vốn lưu động,900.0,12,1386,1349,0
HSDN00234,DN00253,2026-12-05,Cho vay theo hạn mức bổ sung vốn lưu động,900.0,12,2393,2443,0
HSDN00235,DN00254,2026-12-08,Cho vay theo hạn mức bổ sung vốn lưu động,167950.0,12,168333,151492,19124
HSDN00236,DN00255,2026-12-19,Cho vay theo hạn mức bổ sung vốn lưu động,500.0,12,1216,1143,0
HSDN00237,DN00256,2026-12-12,Cho vay theo hạn mức bổ sung vốn lưu động,300.0,12,1658,1487,0
HSDN00238,DN00257,2026-12-04,Cho vay theo hạn mức bổ sung vốn lưu động,250.0,12,81420,73394,11725
HSDN00239,DN00258,2026-12-10,Cho vay theo hạn mức bổ sung vốn lưu động,33400.0,12,80520,74147,24822
HSDN00240,DN00259,2026-12-13,Cho vay theo hạn mức bổ sung vốn lưu động,700.0,12,1908,1827,179
HSDN00241,DN00260,2026-12-19,Cho vay theo hạn mức bổ sung vốn lưu động,29200.0,12,43607,38416,10639
HSDN00242,DN00261,2026-12-20,Cho vay theo hạn mức bổ sung vốn lưu động,4750.0,12,13539,13416,0
HSDN00243,DN00262,2026-12-16,Cho vay theo hạn mức bổ sung vốn lưu động,3350.0,12,25622,25931,999
HSDN00244,DN00263,2026-11-23,Cho vay theo hạn mức bổ sung vốn lưu động,150.0,12,179,133,187
HSDN00245,DN00264,2026-12-22,Cho vay theo hạn mức bổ sung vốn lưu động,27900.0,12,16913,15838,12577
HSDN00246,DN00265,2026-12-26,Cho vay theo hạn mức bổ sung vốn lưu động,19350.0,12,12073,9550,5398
HSDN00247,DN00266,2026-12-21,Cho vay theo hạn mức bổ sung vốn lưu động,2950.0,12,16172,12814,4791
HSDN00248,DN00267,2026-12-13,Cho vay theo hạn mức bổ sung vốn lưu động,700.0,12,912,775,0
HSDN00249,DN00268,2026-12-14,Cho vay theo hạn mức bổ sung vốn lưu động,567400.0,12,5871522,5579189,574893
HSDN00250,DN00269,2026-12-22,Cho vay theo hạn mức bổ sung vốn lưu động,7150.0,12,26927,26129,1385
HSDN00251,DN00270,2026-11-27,Cho vay theo hạn mức bổ sung vốn lưu động,5550.0,12,17054,16328,4868
HSDN00252,DN00271,2026-12-20,Cho vay theo hạn mức bổ sung vốn lưu động,550.0,12,741,721,0
HSDN00253,DN00272,2026-11-25,Cho vay theo hạn mức bổ sung vốn lưu động,2600.0,12,1529,1471,0
HSDN00254,DN00273,2026-11-22,Cho vay theo hạn mức bổ sung vốn lưu động,16150.0,12,33238,31207,3595
HSDN00255,DN00274,2026-12-18,Cho vay theo hạn mức bổ sung vốn lưu động,1850.0,12,2039,1880,0
HSDN00256,DN00275,2026-12-16,Cho vay theo hạn mức bổ sung vốn lưu động,12050.0,12,16507,17038,0
HSDN00257,DN00276,2026-11-26,Cho vay theo hạn mức bổ sung vốn lưu động,1200.0,12,2094,1960,270
HSDN00258,DN00277,2026-12-22,Cho vay theo hạn mức bổ sung vốn lưu động,83050.0,12,217056,197080,99821
HSDN00259,DN00278,2026-12-07,Cho vay theo hạn mức bổ sung vốn lưu động,14450.0,12,30487,29365,0
HSDN00260,DN00279,2026-12-21,Cho vay theo hạn mức bổ sung vốn lưu động,1600.0,12,2029,1988,0
HSDN00261,DN00280,2026-12-10,Cho vay theo hạn mức bổ sung vốn lưu động,5800.0,12,4070,4070,0
HSDN00262,DN00281,2026-11-29,Cho vay theo hạn mức bổ sung vốn lưu động,2000.0,12,4616,3705,1010
HSDN00263,DN00282,2026-11-28,Cho vay theo hạn mức bổ sung vốn lưu động,600.0,12,1971,1914,0
HSDN00264,DN00284,2026-12-16,Cho vay theo hạn mức bổ sung vốn lưu động,42100.0,12,120360,116731,0
HSDN00265,DN00285,2026-11-28,Cho vay theo hạn mức bổ sung vốn lưu động,500.0,12,1253,1200,246
HSDN00266,DN00286,2026-12-03,Cho vay theo hạn mức bổ sung vốn lưu động,2050.0,12,3874,3753,343
HSDN00267,DN00288,2026-12-15,Cho vay theo hạn mức bổ sung vốn lưu động,1150.0,12,3730,2886,783
HSDN00268,DN00289,2026-12-01,Cho vay theo hạn mức bổ sung vốn lưu động,6050.0,12,49061,47351,4546
HSDN00269,DN00290,2026-12-19,Cho vay theo hạn mức bổ sung vốn lưu động,18950.0,12,61506,60522,0
HSDN00270,DN00291,2026-12-09,Cho vay theo hạn mức bổ sung vốn lưu động,4700.0,12,14592,13735,527
HSDN00271,DN00292,2026-12-18,Cho vay theo hạn mức bổ sung vốn lưu động,800.0,12,556,492,0
HSDN00272,DN00293,2026-12-25,Cho vay theo hạn mức bổ sung vốn lưu động,3750.0,12,4412,4209,0
HSDN00273,DN00294,2026-12-02,Cho vay theo hạn mức bổ sung vốn lưu động,51150.0,12,92659,92793,0
HSDN00274,DN00295,2026-11-29,Cho vay theo hạn mức bổ sung vốn lưu động,2300.0,12,2808,2630,722
HSDN00275,DN00296,2026-12-25,Cho vay theo hạn mức bổ sung vốn lưu động,200.0,12,1054,934,211
HSDN00276,DN00297,2026-11-28,Cho vay theo hạn mức bổ sung vốn lưu động,1600.0,12,2045,1830,497
HSDN00277,DN00298,2026-12-06,Cho vay theo hạn mức bổ sung vốn lưu động,450.0,12,1435,1337,0
HSDN00278,DN00299,2026-12-23,Cho vay theo hạn mức bổ sung vốn lưu động,70500.0,12,154575,135791,121311
HSDN00279,DN00300,2026-12-09,Cho vay theo hạn mức bổ sung vốn lưu động,8450.0,12,32793,31260,2927
HSDN00280,DN00301,2026-11-28,Cho vay theo hạn mức bổ sung vốn lưu động,300.0,12,6460,6647,0
HSDN00281,DN00302,2026-12-25,Cho vay theo hạn mức bổ sung vốn lưu động,950.0,12,1918,1950,0
HSDN00282,DN00303,2026-12-12,Cho vay theo hạn mức bổ sung vốn lưu động,7250.0,12,24065,21292,1717
HSDN00283,DN00305,2026-12-26,Cho vay theo hạn mức bổ sung vốn lưu động,110800.0,12,250007,254295,0
HSDN00284,DN00306,2026-12-20,Cho vay theo hạn mức bổ sung vốn lưu động,400.0,12,7026,5705,3566
HSDN00285,DN00307,2026-11-26,Cho vay theo hạn mức bổ sung vốn lưu động,6800.0,12,12525,11868,0
HSDN00286,DN00308,2026-12-21,Cho vay theo hạn mức bổ sung vốn lưu động,500.0,12,1998,1977,0
HSDN00287,DN00309,2026-12-05,Cho vay theo hạn mức bổ sung vốn lưu động,78100.0,12,77073,79491,0
HSDN00288,DN00310,2026-12-03,Cho vay theo hạn mức bổ sung vốn lưu động,700.0,12,2287,2135,0
HSDN00289,DN00311,2026-12-13,Cho vay theo hạn mức bổ sung vốn lưu động,5800.0,12,9065,8748,0
HSDN00290,DN00312,2026-12-22,Cho vay theo hạn mức bổ sung vốn lưu động,250.0,12,2383,2318,321
HSDN00291,DN00313,2026-12-04,Cho vay theo hạn mức bổ sung vốn lưu động,200.0,12,797,788,0
HSDN00292,DN00314,2026-12-01,Cho vay theo hạn mức bổ sung vốn lưu động,1800.0,12,16976,13620,0
HSDN00293,DN00315,2026-12-26,Cho vay theo hạn mức bổ sung vốn lưu động,2300.0,12,8570,8074,0
HSDN00294,DN00316,2026-12-15,Cho vay theo hạn mức bổ sung vốn lưu động,250.0,12,2080,1950,0
HSDN00295,DN00317,2026-12-07,Cho vay theo hạn mức bổ sung vốn lưu động,8600.0,12,13683,12099,0
HSDN00296,DN00318,2026-12-06,Cho vay theo hạn mức bổ sung vốn lưu động,750.0,12,776,588,843
HSDN00297,DN00320,2026-12-03,Cho vay theo hạn mức bổ sung vốn lưu động,1900.0,12,5041,4804,552
HSDN00298,DN00321,2026-12-10,Cho vay theo hạn mức bổ sung vốn lưu động,5950.0,12,10719,10671,1034
HSDN00299,DN00322,2026-12-06,Cho vay theo hạn mức bổ sung vốn lưu động,1029350.0,12,954971,881921,0
HSDN00300,DN00323,2026-12-09,Cho vay theo hạn mức bổ sung vốn lưu động,900.0,12,957,790,0
HSDN00301,DN00324,2026-12-21,Cho vay theo hạn mức bổ sung vốn lưu động,149750.0,12,348688,347529,80150
HSDN00302,DN00325,2026-12-16,Cho vay theo hạn mức bổ sung vốn lưu động,195300.0,12,806386,757004,146975
HSDN00303,DN00326,2026-12-01,Cho vay theo hạn mức bổ sung vốn lưu động,1100.0,12,1254,1142,0
HSDN00304,DN00327,2026-12-11,Cho vay theo hạn mức bổ sung vốn lưu động,8750.0,12,27678,24235,4922
HSDN00305,DN00328,2026-12-11,Cho vay theo hạn mức bổ sung vốn lưu động,400.0,12,730,676,0
HSDN00306,DN00329,2026-12-06,Cho vay theo hạn mức bổ sung vốn lưu động,1300.0,12,6836,6676,624
HSDN00307,DN00330,2026-11-28,Cho vay theo hạn mức bổ sung vốn lưu động,400.0,12,3060,2987,0
HSDN00308,DN00331,2026-12-14,Cho vay theo hạn mức bổ sung vốn lưu động,500.0,12,1575,1410,470
HSDN00309,DN00332,2026-12-25,Cho vay theo hạn mức bổ sung vốn lưu động,300.0,12,464,407,0
HSDN00310,DN00333,2026-12-08,Cho vay theo hạn mức bổ sung vốn lưu động,2450.0,12,7744,7328,692
HSDN00311,DN00334,2026-12-16,Cho vay theo hạn mức bổ sung vốn lưu động,3800.0,12,9151,8892,0
HSDN00312,DN00335,2026-12-04,Cho vay theo hạn mức bổ sung vốn lưu động,1400.0,12,1506,1450,0
HSDN00313,DN00336,2026-12-02,Cho vay theo hạn mức bổ sung vốn lưu động,400.0,12,1271,1141,188
HSDN00314,DN00337,2026-11-29,Cho vay theo hạn mức bổ sung vốn lưu động,837550.0,12,2933699,2835557,147157
HSDN00315,DN00338,2026-11-22,Cho vay theo hạn mức bổ sung vốn lưu động,1300.0,12,3669,3530,0
HSDN00316,DN00339,2026-12-09,Cho vay theo hạn mức bổ sung vốn lưu động,600.0,12,849,752,0
HSDN00317,DN00341,2026-12-18,Cho vay theo hạn mức bổ sung vốn lưu động,18750.0,12,62778,59466,9222
HSDN00318,DN00342,2026-12-20,Cho vay theo hạn mức bổ sung vốn lưu động,950.0,12,1975,1891,0
HSDN00319,DN00343,2026-12-09,Cho vay theo hạn mức bổ sung vốn lưu động,800.0,12,1122,1072,0
HSDN00320,DN00344,2026-12-16,Cho vay theo hạn mức bổ sung vốn lưu động,1300.0,12,1539,1559,0
HSDN00321,DN00345,2026-12-18,Cho vay theo hạn mức bổ sung vốn lưu động,3200.0,12,8692,7950,0
HSDN00322,DN00346,2026-12-01,Cho vay theo hạn mức bổ sung vốn lưu động,1650.0,12,5229,4628,302
HSDN00323,DN00347,2026-11-29,Cho vay theo hạn mức bổ sung vốn lưu động,300.0,12,1245,1293,0
HSDN00324,DN00348,2026-11-28,Cho vay theo hạn mức bổ sung vốn lưu động,23200.0,12,45097,41451,4416
HSDN00325,DN00349,2026-12-08,Cho vay theo hạn mức bổ sung vốn lưu động,74850.0,12,147809,139824,17667
HSDN00326,DN00350,2026-11-26,Cho vay theo hạn mức bổ sung vốn lưu động,300.0,12,45939,44541,15307
HSDN00327,DN00351,2026-12-20,Cho vay theo hạn mức bổ sung vốn lưu động,500.0,12,524,483,0
HSDN00328,DN00352,2026-12-07,Cho vay theo hạn mức bổ sung vốn lưu động,350.0,12,730,705,86
HSDN00329,DN00353,2026-12-05,Cho vay theo hạn mức bổ sung vốn lưu động,600.0,12,836,806,0
HSDN00330,DN00354,2026-11-23,Cho vay theo hạn mức bổ sung vốn lưu động,2700.0,12,9420,9046,0
HSDN00331,DN00355,2026-12-09,Cho vay theo hạn mức bổ sung vốn lưu động,8950.0,12,14069,13741,0
HSDN00332,DN00356,2026-12-11,Cho vay theo hạn mức bổ sung vốn lưu động,10100.0,12,45501,43594,1613
HSDN00333,DN00357,2026-12-10,Cho vay theo hạn mức bổ sung vốn lưu động,250.0,12,934,840,0
HSDN00334,DN00358,2026-12-04,Cho vay theo hạn mức bổ sung vốn lưu động,33300.0,12,105149,102757,0
HSDN00335,DN00359,2026-11-22,Cho vay theo hạn mức bổ sung vốn lưu động,1650.0,12,1841,1765,0
HSDN00336,DN00360,2026-11-23,Cho vay theo hạn mức bổ sung vốn lưu động,450.0,12,536,471,43
HSDN00337,DN00361,2026-12-09,Cho vay theo hạn mức bổ sung vốn lưu động,9450.0,12,19739,19380,2279
HSDN00338,DN00362,2026-12-03,Cho vay theo hạn mức bổ sung vốn lưu động,5950.0,12,10182,9300,0
HSDN00339,DN00363,2026-12-06,Cho vay theo hạn mức bổ sung vốn lưu động,5950.0,12,40576,39235,0
HSDN00340,DN00364,2026-12-09,Cho vay theo hạn mức bổ sung vốn lưu động,3700.0,12,40442,36172,5612
HSDN00341,DN00365,2026-12-15,Cho vay theo hạn mức bổ sung vốn lưu động,2700.0,12,7055,6070,2583
HSDN00342,DN00366,2026-11-29,Cho vay theo hạn mức bổ sung vốn lưu động,2300.0,12,4991,4729,575
HSDN00343,DN00368,2026-12-01,Cho vay theo hạn mức bổ sung vốn lưu động,1600.0,12,3009,2916,421
HSDN00344,DN00369,2026-12-14,Cho vay theo hạn mức bổ sung vốn lưu động,1950.0,12,6467,6098,304
HSDN00345,DN00370,2026-12-26,Cho vay theo hạn mức bổ sung vốn lưu động,2950.0,12,1722,1590,0
HSDN00346,DN00371,2026-12-25,Cho vay theo hạn mức bổ sung vốn lưu động,700.0,12,1522,1539,0
HSDN00347,DN00372,2026-12-23,Cho vay theo hạn mức bổ sung vốn lưu động,95400.0,12,375693,330557,81971
HSDN00348,DN00373,2026-12-21,Cho vay theo hạn mức bổ sung vốn lưu động,300.0,12,618,597,66
HSDN00349,DN00374,2026-11-29,Cho vay theo hạn mức bổ sung vốn lưu động,2800.0,12,10912,10669,178
HSDN00350,DN00375,2026-12-15,Cho vay theo hạn mức bổ sung vốn lưu động,350.0,12,3112,2796,0
HSDN00351,DN00376,2026-12-23,Cho vay theo hạn mức bổ sung vốn lưu động,550.0,12,1547,1528,0
HSDN00352,DN00378,2026-12-05,Cho vay theo hạn mức bổ sung vốn lưu động,400.0,12,1450,1460,176
HSDN00353,DN00379,2026-12-16,Cho vay theo hạn mức bổ sung vốn lưu động,900.0,12,1146,1141,314
HSDN00354,DN00380,2026-12-26,Cho vay theo hạn mức bổ sung vốn lưu động,12750.0,12,61141,53547,16564
HSDN00355,DN00381,2026-11-28,Cho vay theo hạn mức bổ sung vốn lưu động,48450.0,12,91417,90114,0
HSDN00356,DN00382,2026-12-21,Cho vay theo hạn mức bổ sung vốn lưu động,15400.0,12,82228,80694,5905
HSDN00357,DN00383,2026-12-26,Cho vay theo hạn mức bổ sung vốn lưu động,4250.0,12,11511,10570,1460
HSDN00358,DN00384,2026-12-20,Cho vay theo hạn mức bổ sung vốn lưu động,600.0,12,1061,1011,0
HSDN00359,DN00385,2026-12-21,Cho vay theo hạn mức bổ sung vốn lưu động,1500.0,12,8623,7834,0
HSDN00360,DN00386,2026-12-06,Cho vay theo hạn mức bổ sung vốn lưu động,31450.0,12,85152,83532,0
HSDN00361,DN00387,2026-12-24,Cho vay theo hạn mức bổ sung vốn lưu động,250.0,12,387,373,0
HSDN00362,DN00388,2026-12-06,Cho vay theo hạn mức bổ sung vốn lưu động,2450.0,12,3441,3346,0
HSDN00363,DN00389,2026-12-04,Cho vay theo hạn mức bổ sung vốn lưu động,300.0,12,2230,2202,481
HSDN00364,DN00390,2026-12-15,Cho vay theo hạn mức bổ sung vốn lưu động,2800.0,12,3617,3390,287
HSDN00365,DN00391,2026-12-05,Cho vay theo hạn mức bổ sung vốn lưu động,900.0,12,2869,2452,0
HSDN00366,DN00392,2026-11-23,Cho vay theo hạn mức bổ sung vốn lưu động,750.0,12,1356,1305,170
HSDN00367,DN00393,2026-11-30,Cho vay theo hạn mức bổ sung vốn lưu động,1900.0,12,9243,8880,0
HSDN00368,DN00394,2026-12-17,Cho vay theo hạn mức bổ sung vốn lưu động,300.0,12,443,425,0
HSDN00369,DN00395,2026-12-13,Cho vay theo hạn mức bổ sung vốn lưu động,500.0,12,948,966,80
HSDN00370,DN00396,2026-11-26,Cho vay theo hạn mức bổ sung vốn lưu động,500.0,12,302,236,0
HSDN00371,DN00397,2026-12-16,Cho vay theo hạn mức bổ sung vốn lưu động,3050.0,12,3478,3351,0
HSDN00372,DN00398,2026-12-26,Cho vay theo hạn mức bổ sung vốn lưu động,400.0,12,796,692,119
HSDN00373,DN00399,2026-12-18,Cho vay theo hạn mức bổ sung vốn lưu động,4650.0,12,10672,9410,3369
HSDN00374,DN00400,2026-12-23,Cho vay theo hạn mức bổ sung vốn lưu động,1600.0,12,1335,1238,0
HSDN00375,DN00401,2026-12-02,Cho vay theo hạn mức bổ sung vốn lưu động,8900.0,12,31790,30359,4269
HSDN00376,DN00402,2026-11-23,Cho vay theo hạn mức bổ sung vốn lưu động,1750.0,12,4718,4549,0
HSDN00377,DN00403,2026-12-22,Cho vay theo hạn mức bổ sung vốn lưu động,500.0,12,916,915,0
HSDN00378,DN00404,2026-12-24,Cho vay theo hạn mức bổ sung vốn lưu động,7300.0,12,16308,14924,0
HSDN00379,DN00405,2026-12-05,Cho vay theo hạn mức bổ sung vốn lưu động,300.0,12,283,267,74
HSDN00380,DN00406,2026-12-03,Cho vay theo hạn mức bổ sung vốn lưu động,200.0,12,45153,37104,18052
HSDN00381,DN00408,2026-12-10,Cho vay theo hạn mức bổ sung vốn lưu động,9400.0,12,15128,13775,8374
HSDN00382,DN00409,2026-11-23,Cho vay theo hạn mức bổ sung vốn lưu động,102000.0,12,88419,79541,0
HSDN00383,DN00410,2026-12-25,Cho vay theo hạn mức bổ sung vốn lưu động,550.0,12,721,677,0
HSDN00384,DN00411,2026-11-23,Cho vay theo hạn mức bổ sung vốn lưu động,500.0,12,15061,13902,3661
HSDN00385,DN00412,2026-11-28,Cho vay theo hạn mức bổ sung vốn lưu động,900.0,12,1384,1282,81
HSDN00386,DN00413,2026-12-05,Cho vay theo hạn mức bổ sung vốn lưu động,40300.0,12,232875,221436,25733
HSDN00387,DN00415,2026-12-04,Cho vay theo hạn mức bổ sung vốn lưu động,1050.0,12,2250,1807,1438
HSDN00388,DN00416,2026-12-15,Cho vay theo hạn mức bổ sung vốn lưu động,1100.0,12,1384,1331,341
HSDN00389,DN00417,2026-12-23,Cho vay theo hạn mức bổ sung vốn lưu động,9350.0,12,52073,50524,4973
HSDN00390,DN00418,2026-12-13,Cho vay theo hạn mức bổ sung vốn lưu động,35950.0,12,25347,22960,5520
HSDN00391,DN00419,2026-11-29,Cho vay theo hạn mức bổ sung vốn lưu động,3800.0,12,16038,15387,740
HSDN00392,DN00420,2026-12-21,Cho vay theo hạn mức bổ sung vốn lưu động,400.0,12,783,716,128
HSDN00393,DN00421,2026-12-15,Cho vay theo hạn mức bổ sung vốn lưu động,449400.0,12,1524459,1365149,426967
HSDN00394,DN00422,2026-12-07,Cho vay theo hạn mức bổ sung vốn lưu động,2850.0,12,10055,9652,141
HSDN00395,DN00423,2026-12-16,Cho vay theo hạn mức bổ sung vốn lưu động,550.0,12,948,839,0
HSDN00396,DN00425,2026-12-24,Cho vay theo hạn mức bổ sung vốn lưu động,550.0,12,2147,2107,100
HSDN00397,DN00426,2026-12-11,Cho vay theo hạn mức bổ sung vốn lưu động,10500.0,12,68568,66242,5936
HSDN00398,DN00427,2026-12-06,Cho vay theo hạn mức bổ sung vốn lưu động,350.0,12,573,537,0
HSDN00399,DN00428,2026-12-12,Cho vay theo hạn mức bổ sung vốn lưu động,750.0,12,1779,1602,0
HSDN00400,DN00429,2026-11-24,Cho vay theo hạn mức bổ sung vốn lưu động,10900.0,12,24461,23599,0
HSDN00401,DN00431,2026-12-06,Cho vay theo hạn mức bổ sung vốn lưu động,200.0,12,375,346,17
HSDN00402,DN00432,2026-12-16,Cho vay theo hạn mức bổ sung vốn lưu động,350.0,12,581,554,49
HSDN00403,DN00433,2026-12-04,Cho vay theo hạn mức bổ sung vốn lưu động,5900.0,12,13948,15720,0
HSDN00404,DN00434,2026-12-11,Cho vay theo hạn mức bổ sung vốn lưu động,8650.0,12,24470,22355,1291
HSDN00405,DN00435,2026-12-17,Cho vay theo hạn mức bổ sung vốn lưu động,6400.0,12,8922,7982,0
HSDN00406,DN00436,2026-12-07,Cho vay theo hạn mức bổ sung vốn lưu động,1007900.0,12,654232,538472,205452
HSDN00407,DN00437,2026-11-28,Cho vay theo hạn mức bổ sung vốn lưu động,1050.0,12,853,740,0
HSDN00408,DN00438,2026-12-26,Cho vay theo hạn mức bổ sung vốn lưu động,1700.0,12,2011,1849,0
HSDN00409,DN00439,2026-12-09,Cho vay theo hạn mức bổ sung vốn lưu động,11900.0,12,45590,45343,0
HSDN00410,DN00440,2026-11-26,Cho vay theo hạn mức bổ sung vốn lưu động,346300.0,12,1895603,1834001,133833
HSDN00411,DN00441,2026-12-24,Cho vay theo hạn mức bổ sung vốn lưu động,1200.0,12,383,322,0
HSDN00412,DN00442,2026-12-14,Cho vay theo hạn mức bổ sung vốn lưu động,28250.0,12,59413,56380,13778
HSDN00413,DN00443,2026-12-15,Cho vay theo hạn mức bổ sung vốn lưu động,450.0,12,726,635,0
HSDN00414,DN00445,2026-12-20,Cho vay theo hạn mức bổ sung vốn lưu động,3950.0,12,6353,6061,0
HSDN00415,DN00446,2026-12-15,Cho vay theo hạn mức bổ sung vốn lưu động,1400.0,12,4174,4109,0
HSDN00416,DN00447,2026-12-15,Cho vay theo hạn mức bổ sung vốn lưu động,15900.0,12,24421,23371,0
HSDN00417,DN00448,2026-11-29,Cho vay theo hạn mức bổ sung vốn lưu động,1300.0,12,1049,937,0
HSDN00418,DN00449,2026-12-25,Cho vay theo hạn mức bổ sung vốn lưu động,6400.0,12,10922,9875,0
HSDN00419,DN00450,2026-12-06,Cho vay theo hạn mức bổ sung vốn lưu động,25150.0,12,54896,49671,14639
HSDN00420,DN00451,2026-11-28,Cho vay theo hạn mức bổ sung vốn lưu động,1100.0,12,3221,3024,0
HSDN00421,DN00452,2026-11-26,Cho vay theo hạn mức bổ sung vốn lưu động,1050.0,12,3328,3155,486
HSDN00422,DN00453,2026-11-27,Cho vay theo hạn mức bổ sung vốn lưu động,1000.0,12,2562,2438,177
HSDN00423,DN00454,2026-12-20,Cho vay theo hạn mức bổ sung vốn lưu động,300.0,12,479,455,348
HSDN00424,DN00455,2026-12-11,Cho vay theo hạn mức bổ sung vốn lưu động,8400.0,12,23347,23869,0
HSDN00425,DN00456,2026-12-25,Cho vay theo hạn mức bổ sung vốn lưu động,6450.0,12,29563,28054,4966
HSDN00426,DN00457,2026-12-09,Cho vay theo hạn mức bổ sung vốn lưu động,2500.0,12,10895,10468,0
HSDN00427,DN00458,2026-12-09,Cho vay theo hạn mức bổ sung vốn lưu động,1300.0,12,1689,1622,77
HSDN00428,DN00459,2026-12-25,Cho vay theo hạn mức bổ sung vốn lưu động,22300.0,12,109611,108714,2977
HSDN00429,DN00460,2026-11-26,Cho vay theo hạn mức bổ sung vốn lưu động,500.0,12,1358,1360,229
HSDN00430,DN00461,2026-12-23,Cho vay theo hạn mức bổ sung vốn lưu động,550.0,12,566,550,0
HSDN00431,DN00462,2026-12-03,Cho vay theo hạn mức bổ sung vốn lưu động,18400.0,12,37360,32778,0
HSDN00432,DN00463,2026-11-23,Cho vay theo hạn mức bổ sung vốn lưu động,2850.0,12,3009,3123,0
HSDN00433,DN00464,2026-12-07,Cho vay theo hạn mức bổ sung vốn lưu động,66300.0,12,237994,220205,28622
HSDN00434,DN00465,2026-12-04,Cho vay theo hạn mức bổ sung vốn lưu động,1950.0,12,1821,1760,0
HSDN00435,DN00466,2026-11-30,Cho vay theo hạn mức bổ sung vốn lưu động,3650.0,12,11258,9772,1720
HSDN00436,DN00467,2026-12-09,Cho vay theo hạn mức bổ sung vốn lưu động,2350.0,12,4984,4842,1608
HSDN00437,DN00468,2026-11-30,Cho vay theo hạn mức bổ sung vốn lưu động,3750.0,12,21754,21545,4426
HSDN00438,DN00469,2026-12-14,Cho vay theo hạn mức bổ sung vốn lưu động,15250.0,12,72188,74759,3349
HSDN00439,DN00470,2026-12-02,Cho vay theo hạn mức bổ sung vốn lưu động,2250.0,12,1182,1182,0
HSDN00440,DN00471,2026-12-16,Cho vay theo hạn mức bổ sung vốn lưu động,20250.0,12,98174,97946,10580
HSDN00441,DN00472,2026-12-02,Cho vay theo hạn mức bổ sung vốn lưu động,1850.0,12,2856,2723,0
HSDN00442,DN00473,2026-12-11,Cho vay theo hạn mức bổ sung vốn lưu động,550.0,12,882,817,0
HSDN00443,DN00474,2026-12-12,Cho vay theo hạn mức bổ sung vốn lưu động,9100.0,12,34698,33033,2073
HSDN00444,DN00475,2026-12-16,Cho vay theo hạn mức bổ sung vốn lưu động,350.0,12,763,701,331
HSDN00445,DN00476,2026-11-23,Cho vay theo hạn mức bổ sung vốn lưu động,400.0,12,374,361,0
HSDN00446,DN00477,2026-12-22,Cho vay theo hạn mức bổ sung vốn lưu động,2400.0,12,5984,5984,0
HSDN00447,DN00478,2026-11-30,Cho vay theo hạn mức bổ sung vốn lưu động,850.0,12,1906,1892,0
HSDN00448,DN00479,2026-11-23,Cho vay theo hạn mức bổ sung vốn lưu động,600.0,12,908,933,0
HSDN00449,DN00480,2026-12-20,Cho vay theo hạn mức bổ sung vốn lưu động,300.0,12,4835,4652,447
HSDN00450,DN00481,2026-12-15,Cho vay theo hạn mức bổ sung vốn lưu động,800.0,12,1801,1709,0
HSDN00451,DN00483,2026-12-14,Cho vay theo hạn mức bổ sung vốn lưu động,40800.0,12,137076,130955,0
HSDN00452,DN00484,2026-12-04,Cho vay theo hạn mức bổ sung vốn lưu động,2250.0,12,1508,1283,66
HSDN00453,DN00485,2026-12-23,Cho vay theo hạn mức bổ sung vốn lưu động,900.0,12,576,542,16
HSDN00454,DN00486,2026-12-25,Cho vay theo hạn mức bổ sung vốn lưu động,3000.0,12,4162,3585,0
HSDN00455,DN00487,2026-12-08,Cho vay theo hạn mức bổ sung vốn lưu động,400.0,12,40424,38414,0
HSDN00456,DN00488,2026-12-04,Cho vay theo hạn mức bổ sung vốn lưu động,1300.0,12,5183,4869,694
HSDN00457,DN00489,2026-12-24,Cho vay theo hạn mức bổ sung vốn lưu động,1200.0,12,660,652,0
HSDN00458,DN00490,2026-11-23,Cho vay theo hạn mức bổ sung vốn lưu động,6300.0,12,25040,22518,7532
HSDN00459,DN00491,2026-12-13,Cho vay theo hạn mức bổ sung vốn lưu động,1900.0,12,7312,7136,0
HSDN00460,DN00492,2026-12-07,Cho vay theo hạn mức bổ sung vốn lưu động,350.0,12,607,558,0
HSDN00461,DN00494,2026-11-28,Cho vay theo hạn mức bổ sung vốn lưu động,300.0,12,1021,990,172
HSDN00462,DN00495,2026-12-10,Cho vay theo hạn mức bổ sung vốn lưu động,35750.0,12,127542,129124,6116
HSDN00463,DN00496,2026-12-08,Cho vay theo hạn mức bổ sung vốn lưu động,2750.0,12,4152,3890,184
HSDN00464,DN00497,2026-12-08,Cho vay theo hạn mức bổ sung vốn lưu động,500.0,12,564,545,0
HSDN00465,DN00498,2026-11-26,Cho vay theo hạn mức bổ sung vốn lưu động,1000.0,12,2509,2509,0
HSDN00466,DN00499,2026-12-06,Cho vay theo hạn mức bổ sung vốn lưu động,550.0,12,1279,1263,0
HSDN00467,DN00500,2026-12-12,Cho vay theo hạn mức bổ sung vốn lưu động,65300.0,12,335271,334367,0
