ma_kh,so_tctd_dang_vay,du_no_tai_fta,du_no_tctd_khac,tong_du_no,nhom_no_fta,so_ngay_qua_han_fta,nhom_no_cic,nhom_no_cic_cao_nhat_36_thang,du_no_qua_han,so_lan_qua_han_12_thang,so_ngay_qua_han_lon_nhat_12_thang
DN00001,3,6297,9794,16091,1,0,1,2,0,0,0
DN00002,2,8783,4211,12994,1,0,1,2,0,0,0
DN00003,0,0,0,0,,0,,1,0,0,0
DN00004,1,23951,0,23951,1,0,1,1,0,0,0
DN00005,3,158166,288161,446327,1,0,1,1,0,1,6
DN00006,3,591,1077,1668,1,0,1,1,0,0,0
DN00007,3,786,397,1183,1,0,1,1,0,0,0
DN00008,2,72,136,208,1,0,1,1,0,0,0
DN00009,0,0,0,0,,0,,2,0,0,0
DN00010,2,304,375,679,1,0,1,1,0,0,0
DN00011,3,685,1170,1855,1,0,1,1,0,0,0
DN00012,0,0,0,0,,0,,1,0,0,0
DN00013,2,668,369,1037,1,0,1,1,0,0,0
DN00014,1,11430,0,11430,1,0,1,1,0,0,0
DN00015,2,6746,4699,11445,1,0,1,2,0,1,22
DN00016,3,1867,6005,7872,1,0,1,2,0,0,0
DN00017,2,170,139,309,1,0,1,1,0,0,0
DN00018,1,649,0,649,1,0,1,1,0,0,0
DN00019,2,131,113,244,1,0,1,1,0,0,0
DN00020,1,175,0,175,1,0,1,1,0,0,0
DN00021,2,519,813,1332,1,0,1,1,0,0,0
DN00022,1,917,0,917,1,0,1,1,0,1,20
DN00023,2,7007,13298,20305,1,0,1,1,0,0,0
DN00024,3,9819,9713,19532,1,0,1,1,0,1,16
DN00025,2,87,102,189,1,0,1,1,0,1,5
DN00026,2,506,911,1417,1,0,1,1,0,0,0
DN00027,0,0,0,0,,0,,1,0,0,0
DN00028,1,60,0,60,1,0,1,2,0,0,0
DN00029,2,116,233,349,1,0,1,1,0,0,0
DN00030,1,621,0,621,1,0,1,1,0,0,0
DN00031,2,4679,3527,8206,1,0,1,1,0,0,0
DN00032,0,0,0,0,,0,,1,0,0,0
DN00033,2,2637,1534,4171,1,0,1,1,0,0,0
DN00034,1,140,0,140,1,0,1,1,0,0,0
DN00035,0,0,0,0,,0,,1,0,0,0
DN00036,6,126679,164848,291527,1,0,1,1,0,0,0
DN00037,0,0,0,0,,0,,2,0,0,0
DN00038,0,0,0,0,,0,,1,0,0,0
DN00039,2,103,215,318,1,0,1,1,0,1,10
DN00040,3,567,759,1326,1,0,1,2,0,0,0
DN00041,1,696,0,696,1,0,1,1,0,1,13
DN00042,2,163,158,321,5,421,5,5,64,2,421
DN00043,0,0,0,0,,0,,1,0,0,0
DN00044,0,0,0,0,,0,,2,0,0,0
DN00045,0,0,0,0,,0,,3,0,0,0
DN00046,0,0,0,0,,0,,2,0,0,0
DN00047,3,3933,3746,7679,1,0,1,1,0,0,0
DN00048,1,839,0,839,1,0,1,2,0,0,0
DN00049,2,43,171,214,1,0,1,1,0,0,0
DN00050,0,0,0,0,,0,,1,0,0,0
DN00051,1,4203,0,4203,1,0,1,1,0,0,0
DN00052,1,10634,0,10634,1,0,1,2,0,1,22
DN00053,2,1306,1456,2762,1,0,1,1,0,1,20
DN00054,2,205,172,377,1,0,4,4,84,5,3
DN00055,0,0,0,0,,0,,1,0,0,0
DN00056,2,143,308,451,1,0,1,1,0,0,0
DN00057,2,371,220,591,1,0,1,1,0,0,0
DN00058,1,7256,0,7256,1,0,1,1,0,2,13
DN00059,1,624,0,624,1,0,1,1,0,1,23
DN00060,3,406,1019,1425,1,0,1,2,0,0,0
DN00061,1,243,0,243,1,0,1,1,0,0,0
DN00062,0,0,0,0,,0,,2,0,0,0
DN00063,3,2853,3206,6059,1,0,1,1,0,0,0
DN00064,1,1645,0,1645,1,0,1,1,0,0,0
DN00065,0,0,0,0,,0,,1,0,0,0
DN00066,1,585452,0,585452,1,0,1,1,0,0,0
DN00067,3,1050,1185,2235,1,0,1,1,0,0,0
DN00068,3,7562,13283,20845,1,0,1,1,0,0,0
DN00069,2,82,128,210,1,0,1,1,0,0,0
DN00070,1,1730,0,1730,1,0,1,3,0,2,4
DN00071,3,14,28,42,1,0,1,1,0,0,0
DN00072,1,1163,0,1163,1,0,1,1,0,0,0
DN00073,2,105,131,236,1,0,1,1,0,0,0
DN00074,3,871,749,1620,1,0,1,1,0,0,0
DN00075,2,176,305,481,1,0,1,1,0,0,0
DN00076,0,0,0,0,,0,,1,0,0,0
DN00077,2,262,487,749,1,0,1,1,0,1,28
DN00078,2,5216,4072,9288,1,0,1,1,0,0,0
DN00079,3,1850,1196,3046,1,0,1,1,0,0,0
DN00080,4,9085,24295,33380,1,0,2,2,3363,2,16
DN00081,2,131,385,516,1,0,1,2,0,0,0
DN00082,0,0,0,0,,0,,1,0,0,0
DN00083,5,39157,27896,67053,1,0,1,1,0,0,0
DN00084,3,88068,41858,129926,1,0,1,1,0,0,0
DN00085,2,2450,1225,3675,1,0,1,1,0,0,0
DN00086,2,3666,6371,10037,1,0,1,1,0,1,19
DN00087,1,3627,0,3627,1,0,1,1,0,0,0
DN00088,2,3728,4073,7801,1,0,1,1,0,0,0
DN00089,1,334,0,334,1,0,1,1,0,0,0
DN00090,3,616,2159,2775,1,0,1,2,0,0,0
DN00091,2,1574,1729,3303,1,0,1,1,0,0,0
DN00092,0,0,0,0,,0,,1,0,0,0
DN00093,2,561,940,1501,1,0,1,1,0,0,0
DN00094,4,11180,11905,23085,1,0,1,1,0,0,0
DN00095,2,3978,3494,7472,1,0,1,1,0,0,0
DN00096,1,573,0,573,1,0,1,2,0,1,23
DN00097,1,40836,0,40836,1,0,1,1,0,0,0
DN00098,3,4234,14405,18639,1,0,1,1,0,0,0
DN00099,3,2630,1251,3881,1,0,1,1,0,0,0
DN00100,0,0,0,0,,0,,1,0,0,0
DN00101,2,1065,965,2030,1,0,2,2,39,1,9
DN00102,0,0,0,0,,0,,1,0,0,0
DN00103,3,7830,5917,13747,1,0,1,1,0,0,0
DN00104,1,22231,0,22231,2,61,2,2,2560,1,61
DN00105,1,1131,0,1131,1,0,1,2,0,1,4
DN00106,0,0,0,0,,0,,1,0,0,0
DN00107,2,3062,1621,4683,1,0,1,1,0,0,0
DN00108,2,4273,5332,9605,1,0,1,1,0,0,0
DN00109,3,3469,7743,11212,1,0,1,1,0,0,0
DN00110,5,67026,255061,322087,1,0,1,1,0,0,0
DN00111,1,18824,0,18824,1,0,1,1,0,2,5
DN00112,1,625,0,625,1,0,1,3,0,0,0
DN00113,1,685,0,685,1,0,1,1,0,0,0
DN00114,0,0,0,0,,0,,1,0,0,0
DN00115,3,9532,7931,17463,1,0,1,1,0,0,0
DN00116,3,218,759,977,1,0,1,1,0,0,0
DN00117,2,1146,1254,2400,1,0,1,1,0,2,22
DN00118,2,5729,3501,9230,1,0,1,2,0,0,0
DN00119,1,648,0,648,1,0,1,1,0,0,0
DN00120,2,1701,1075,2776,1,0,1,1,0,0,0
DN00121,0,0,0,0,,0,,1,0,0,0
DN00122,2,782,1381,2163,1,0,1,1,0,0,0
DN00123,3,1361,4949,6310,1,0,1,1,0,1,1
DN00124,2,171,101,272,1,0,1,1,0,0,0
DN00125,2,75,164,239,1,0,1,1,0,0,0
DN00126,6,373358,205318,578676,1,0,1,1,0,1,2
DN00127,2,600,414,1014,2,25,2,2,39,3,25
DN00128,1,2069,0,2069,1,0,1,2,0,3,3
DN00129,3,6269,6582,12851,1,0,1,1,0,2,3
DN00130,1,805,0,805,1,0,1,1,0,1,18
DN00131,3,444,693,1137,2,28,2,2,10,1,28
DN00132,3,3539,2402,5941,1,0,1,1,0,1,19
DN00133,2,276,317,593,1,0,1,1,0,0,0
DN00134,0,0,0,0,,0,,1,0,0,0
DN00135,1,5036,0,5036,4,319,4,4,4258,3,319
DN00136,2,803,488,1291,1,0,1,1,0,0,0
DN00137,1,319,0,319,1,0,1,1,0,0,0
DN00138,0,0,0,0,,0,,1,0,0,0
DN00139,0,0,0,0,,0,,1,0,0,0
DN00140,3,639,1578,2217,1,0,1,1,0,1,2
DN00141,3,179169,307363,486532,1,0,1,1,0,0,0
DN00142,2,4561,13105,17666,1,0,1,1,0,1,23
DN00143,1,130,0,130,1,0,1,1,0,0,0
DN00144,1,180,0,180,2,24,2,2,16,1,24
DN00145,0,0,0,0,,0,,1,0,0,0
DN00146,1,414,0,414,1,0,1,1,0,0,0
DN00147,2,347,450,797,1,0,1,1,0,0,0
DN00148,3,5569,3579,9148,1,0,1,1,0,1,27
DN00149,2,495,1383,1878,1,0,1,1,0,0,0
DN00150,3,2062,1199,3261,1,0,1,1,0,2,5
DN00151,1,200,0,200,1,0,1,1,0,2,14
DN00152,1,101056,0,101056,1,0,1,1,0,0,0
DN00153,2,1340,1939,3279,1,0,1,1,0,2,11
DN00154,2,197,344,541,1,0,1,2,0,1,20
DN00155,0,0,0,0,,0,,1,0,0,0
DN00156,2,647,533,1180,1,0,1,1,0,0,0
DN00157,1,4299,0,4299,2,83,2,2,292,2,83
DN00158,2,1195,1216,2411,1,0,1,1,0,0,0
DN00159,1,2192,0,2192,1,0,1,1,0,0,0
DN00160,6,55451,113817,169268,2,87,2,2,3587,1,87
DN00161,2,4338,4774,9112,1,0,1,1,0,0,0
DN00162,4,15794,7674,23468,2,39,2,3,1088,2,39
DN00163,2,270,416,686,1,0,1,1,0,0,0
DN00164,0,0,0,0,,0,,1,0,0,0
DN00165,2,201,221,422,1,0,1,1,0,0,0
DN00166,1,844,0,844,1,0,1,1,0,0,0
DN00167,2,321,1042,1363,1,0,1,1,0,0,0
DN00168,0,0,0,0,,0,,1,0,0,0
DN00169,2,7825,21200,29025,1,0,1,1,0,0,0
DN00170,1,17246,0,17246,1,0,1,1,0,1,14
DN00171,6,315392,188635,504027,1,0,1,1,0,1,21
DN00172,1,1884,0,1884,1,0,1,1,0,0,0
DN00173,1,31388,0,31388,1,0,1,1,0,1,21
DN00174,2,223,130,353,4,261,4,4,142,3,261
DN00175,2,159,193,352,1,0,1,1,0,0,0
DN00176,1,330,0,330,1,0,1,1,0,0,0
DN00177,0,0,0,0,,0,,1,0,0,0
DN00178,0,0,0,0,,0,,1,0,0,0
DN00179,0,0,0,0,,0,,1,0,0,0
DN00180,2,4225,4852,9077,1,0,1,1,0,0,0
DN00181,1,179,0,179,1,0,1,1,0,0,0
DN00182,3,725,553,1278,1,0,1,1,0,0,0
DN00183,3,8140,13389,21529,1,0,1,2,0,0,0
DN00184,1,778,0,778,1,0,1,1,0,3,22
DN00185,3,5418,11635,17053,1,0,1,1,0,0,0
DN00186,4,11231,8089,19320,1,0,1,1,0,0,0
DN00187,3,1071,1453,2524,1,0,1,1,0,0,0
DN00188,2,138,151,289,1,0,1,1,0,0,0
DN00189,0,0,0,0,,0,,1,0,0,0
DN00190,2,505,506,1011,1,0,1,1,0,0,0
DN00191,1,15185,0,15185,1,0,1,1,0,0,0
DN00192,4,312896,369908,682804,1,0,3,3,279836,1,3
DN00193,1,203436,0,203436,1,0,1,1,0,0,0
DN00194,3,3601,3215,6816,1,0,1,1,0,1,22
DN00195,2,2184,5063,7247,1,0,1,1,0,1,23
DN00196,2,534,233,767,3,136,3,3,412,1,136
DN00197,0,0,0,0,,0,,1,0,0,0
DN00198,1,2112,0,2112,1,0,1,1,0,0,0
DN00199,1,10234,0,10234,2,50,2,2,956,1,50
DN00200,3,594,1621,2215,1,0,1,1,0,0,0
DN00201,2,2980,3948,6928,4,358,4,4,2644,2,358
DN00202,1,1261,0,1261,1,0,1,1,0,1,2
DN00203,2,251,179,430,1,0,1,2,0,0,0
DN00204,1,382,0,382,1,0,1,1,0,0,0
DN00205,0,0,0,0,,0,,1,0,0,0
DN00206,0,0,0,0,,0,,1,0,0,0
DN00207,4,35614,23512,59126,1,0,1,1,0,0,0
DN00208,1,315,0,315,1,0,1,1,0,0,0
DN00209,0,0,0,0,,0,,1,0,0,0
DN00210,1,797,0,797,1,0,1,1,0,1,22
DN00211,2,3295,3727,7022,1,0,3,3,2140,1,4
DN00212,5,40074,141341,181415,1,0,1,1,0,0,0
DN00213,1,23,0,23,1,0,1,1,0,0,0
DN00214,2,285,315,600,1,0,1,1,0,0,0
DN00215,1,568,0,568,1,0,1,1,0,0,0
DN00216,0,0,0,0,,0,,2,0,0,0
DN00217,2,5186,3975,9161,1,0,1,1,0,0,0
DN00218,2,1104,758,1862,1,0,1,1,0,1,28
DN00219,2,320,915,1235,1,0,1,1,0,0,0
DN00220,0,0,0,0,,0,,1,0,0,0
DN00221,4,8935,20850,29785,1,0,1,1,0,1,24
DN00222,2,413,649,1062,1,0,1,1,0,0,0
DN00223,1,371,0,371,1,0,1,1,0,0,0
DN00224,2,4966,4496,9462,1,0,1,1,0,0,0
DN00225,3,495,1597,2092,1,0,1,2,0,2,23
DN00226,0,0,0,0,,0,,1,0,0,0
DN00227,2,577,555,1132,1,0,1,1,0,0,0
DN00228,0,0,0,0,,0,,1,0,0,0
DN00229,2,85324,116200,201524,1,0,1,1,0,0,0
DN00230,0,0,0,0,,0,,1,0,0,0
DN00231,0,0,0,0,,0,,2,0,0,0
DN00232,3,123684,131790,255474,1,0,1,1,0,0,0
DN00233,2,431,273,704,2,46,2,3,50,3,46
DN00234,1,266,0,266,1,0,1,1,0,0,0
DN00235,0,0,0,0,,0,,1,0,0,0
DN00236,1,3687,0,3687,1,0,1,1,0,0,0
DN00237,2,587,488,1075,1,0,1,1,0,0,0
DN00238,5,38432,37418,75850,1,0,1,1,0,0,0
DN00239,2,46,23,69,1,0,1,1,0,0,0
DN00240,0,0,0,0,,0,,1,0,0,0
DN00241,1,4887,0,4887,1,0,1,1,0,1,3
DN00242,1,338,0,338,1,0,1,1,0,0,0
DN00243,2,856,715,1571,1,0,1,2,0,0,0
DN00244,2,191,85,276,1,0,1,1,0,0,0
DN00245,2,7610,3885,11495,1,0,1,1,0,0,0
DN00246,4,18763,22334,41097,1,0,1,1,0,0,0
DN00247,6,18535,34786,53321,1,0,1,1,0,1,20
DN00248,1,2473,0,2473,3,167,3,3,1449,3,167
DN00249,1,3389,0,3389,1,0,1,1,0,0,0
DN00250,3,584,966,1550,1,0,1,1,0,0,0
DN00251,2,9959,16834,26793,1,0,1,1,0,0,0
DN00252,1,251,0,251,1,0,1,1,0,0,0
DN00253,0,0,0,0,,0,,1,0,0,0
DN00254,2,56921,29097,86018,1,0,1,1,0,1,28
DN00255,1,247,0,247,1,0,1,2,0,1,21
DN00256,1,1221,0,1221,1,0,1,1,0,0,0
DN00257,4,15922,19283,35205,1,0,1,1,0,1,28
DN00258,3,13510,31888,45398,1,0,1,2,0,0,0
DN00259,2,236,180,416,1,0,1,1,0,0,0
DN00260,3,12333,13481,25814,1,0,1,1,0,0,0
DN00261,0,0,0,0,,0,,1,0,0,0
DN00262,3,2473,1487,3960,1,0,1,1,0,0,0
DN00263,2,141,194,335,1,0,1,1,0,0,0
DN00264,3,12752,16600,29352,2,16,2,2,815,1,16
DN00265,3,6151,9502,15653,1,0,1,1,0,0,0
DN00266,4,11524,6374,17898,1,0,1,1,0,1,14
DN00267,0,0,0,0,,0,,1,0,0,0
DN00268,3,378148,738142,1116290,1,0,1,1,0,0,0
DN00269,2,3589,1747,5336,1,0,1,1,0,0,0
DN00270,2,2955,9451,12406,1,0,1,1,0,0,0
DN00271,0,0,0,0,,0,,1,0,0,0
DN00272,1,1305,0,1305,1,0,1,1,0,0,0
DN00273,2,5548,6012,11560,1,0,1,1,0,1,25
DN00274,0,0,0,0,,0,,2,0,0,0
DN00275,1,4608,0,4608,1,0,1,2,0,0,0
DN00276,2,85,303,388,1,0,1,1,0,0,0
DN00277,4,63088,107304,170392,1,0,1,2,0,0,0
DN00278,1,5680,0,5680,1,0,1,1,0,0,0
DN00279,0,0,0,0,,0,,1,0,0,0
DN00280,0,0,0,0,,0,,1,0,0,0
DN00281,3,2632,1604,4236,1,0,1,2,0,0,0
DN00282,1,367,0,367,1,0,1,1,0,0,0
DN00283,2,130,196,326,1,0,1,1,0,0,0
DN00284,1,19230,0,19230,1,0,1,1,0,0,0
DN00285,2,101,311,412,1,0,1,2,0,1,18
DN00286,3,816,504,1320,1,0,1,1,0,1,10
DN00287,1,20884,0,20884,1,0,1,1,0,0,0
DN00288,2,655,1450,2105,1,0,1,1,0,0,0
DN00289,2,7744,6525,14269,1,0,1,1,0,0,0
DN00290,0,0,0,0,,0,,1,0,0,0
DN00291,2,881,960,1841,1,0,1,1,0,0,0
DN00292,0,0,0,0,,0,,1,0,0,0
DN00293,1,652,0,652,1,0,1,1,0,0,0
DN00294,1,23091,0,23091,3,180,3,3,15403,2,180
DN00295,2,1239,840,2079,1,0,1,1,0,2,9
DN00296,2,140,253,393,1,0,1,1,0,0,0
DN00297,2,660,577,1237,1,0,1,1,0,0,0
DN00298,0,0,0,0,,0,,1,0,0,0
DN00299,5,105546,238292,343838,1,0,1,1,0,0,0
DN00300,2,3957,3734,7691,1,0,1,1,0,0,0
DN00301,0,0,0,0,,0,,1,0,0,0
DN00302,0,0,0,0,,0,,1,0,0,0
DN00303,2,597,2020,2617,1,0,1,1,0,0,0
DN00304,5,21298,58142,79440,1,0,1,2,0,0,0
DN00305,0,0,0,0,,0,,1,0,0,0
DN00306,2,3954,5959,9913,1,0,1,2,0,0,0
DN00307,1,711,0,711,1,0,1,1,0,0,0
DN00308,0,0,0,0,,0,,2,0,0,0
DN00309,0,0,0,0,,0,,2,0,0,0
DN00310,1,1068,0,1068,1,0,1,1,0,0,0
DN00311,0,0,0,0,,0,,2,0,0,0
DN00312,2,129,376,505,1,0,1,1,0,0,0
DN00313,0,0,0,0,,0,,1,0,0,0
DN00314,1,2562,0,2562,1,0,1,1,0,0,0
DN00315,1,3084,0,3084,1,0,1,1,0,2,25
DN00316,0,0,0,0,,0,,1,0,0,0
DN00317,1,5421,0,5421,1,0,1,1,0,0,0
DN00318,2,459,916,1375,1,0,2,2,131,4,28
DN00319,1,114,0,114,1,0,1,1,0,0,0
DN00320,2,408,917,1325,1,0,1,1,0,2,21
DN00321,3,3389,1635,5024,1,0,1,1,0,2,11
DN00322,1,645783,0,645783,1,0,1,1,0,2,22
DN00323,1,480,0,480,1,0,1,1,0,1,28
DN00324,4,171217,84426,255643,1,0,2,2,7145,3,6
DN00325,3,148228,170266,318494,1,0,1,3,0,0,0
DN00326,1,113,0,113,1,0,1,1,0,0,0
DN00327,2,4313,5014,9327,1,0,1,1,0,0,0
DN00328,1,590,0,590,1,0,1,1,0,0,0
DN00329,2,348,877,1225,1,0,1,2,0,0,0
DN00330,1,76,0,76,1,0,1,1,0,0,0
DN00331,2,343,557,900,1,0,1,1,0,0,0
DN00332,1,59,0,59,1,0,1,1,0,0,0
DN00333,2,708,907,1615,1,0,2,2,104,0,0
DN00334,1,3190,0,3190,1,0,1,1,0,1,16
DN00335,1,911,0,911,1,0,1,1,0,0,0
DN00336,2,77,250,327,1,0,1,1,0,0,0
DN00337,5,414455,273933,688388,1,0,1,1,0,0,0
DN00338,0,0,0,0,,0,,1,0,0,0
DN00339,0,0,0,0,,0,,1,0,0,0
DN00340,1,333,0,333,1,0,1,1,0,0,0
DN00341,3,6708,16324,23032,1,0,1,1,0,0,0
DN00342,0,0,0,0,,0,,1,0,0,0
DN00343,1,619,0,619,1,0,1,3,0,0,0
DN00344,0,0,0,0,,0,,1,0,0,0
DN00345,1,668,0,668,1,0,1,1,0,0,0
DN00346,2,657,308,965,1,0,1,1,0,0,0
DN00347,0,0,0,0,,0,,1,0,0,0
DN00348,2,5064,5909,10973,1,0,1,2,0,2,21
DN00349,4,10905,24140,35045,1,0,1,1,0,0,0
DN00350,2,14647,20135,34782,1,0,1,2,0,1,17
DN00351,0,0,0,0,,0,,2,0,0,0
DN00352,2,84,130,214,1,0,1,1,0,0,0
DN00353,0,0,0,0,,0,,1,0,0,0
DN00354,0,0,0,0,,0,,1,0,0,0
DN00355,0,0,0,0,,0,,1,0,0,0
DN00356,3,2708,2572,5280,1,0,1,1,0,0,0
DN00357,1,497,0,497,1,0,1,1,0,0,0
DN00358,1,16315,0,16315,1,0,1,1,0,0,0
DN00359,1,208,0,208,1,0,1,1,0,0,0
DN00360,2,68,70,138,1,0,1,1,0,0,0
DN00361,3,1211,4440,5651,1,0,1,1,0,1,15
DN00362,1,7083,0,7083,1,0,1,1,0,1,21
DN00363,1,5416,0,5416,1,0,1,2,0,0,0
DN00364,3,13103,10472,23575,1,0,1,1,0,0,0
DN00365,2,2536,2610,5146,1,0,1,1,0,0,0
DN00366,3,422,1038,1460,1,0,1,1,0,0,0
DN00367,0,0,0,0,,0,,1,0,0,0
DN00368,2,800,569,1369,2,50,2,2,119,3,50
DN00369,3,1041,536,1577,1,0,1,1,0,1,20
DN00370,0,0,0,0,,0,,1,0,0,0
DN00371,0,0,0,0,,0,,1,0,0,0
DN00372,2,126202,150694,276896,1,0,1,1,0,1,11
DN00373,2,81,94,175,1,0,1,1,0,1,11
DN00374,2,501,242,743,1,0,1,1,0,0,0
DN00375,1,722,0,722,1,0,1,1,0,0,0
DN00376,0,0,0,0,,0,,1,0,0,0
DN00377,3,389,1092,1481,1,0,1,1,0,0,0
DN00378,2,114,352,466,1,0,1,2,0,0,0
DN00379,2,494,358,852,2,26,2,2,63,1,26
DN00380,2,28670,23480,52150,1,0,1,1,0,0,0
DN00381,0,0,0,0,,0,,1,0,0,0
DN00382,2,2416,7087,9503,1,0,1,1,0,0,0
DN00383,2,1743,1944,3687,1,0,1,1,0,0,0
DN00384,1,143,0,143,1,0,1,1,0,0,0
DN00385,1,1777,0,1777,1,0,1,1,0,0,0
DN00386,0,0,0,0,,0,,1,0,0,0
DN00387,1,207,0,207,1,0,1,1,0,0,0
DN00388,1,1509,0,1509,1,0,1,1,0,1,2
DN00389,2,376,514,890,1,0,1,1,0,0,0
DN00390,2,503,508,1011,1,0,1,1,0,0,0
DN00391,1,1016,0,1016,1,0,1,1,0,0,0
DN00392,2,174,331,505,1,0,1,1,0,0,0
DN00393,1,1287,0,1287,1,0,1,1,0,0,0
DN00394,0,0,0,0,,0,,1,0,0,0
DN00395,2,132,115,247,1,0,1,1,0,1,1
DN00396,1,558,0,558,1,0,1,1,0,0,0
DN00397,1,799,0,799,1,0,1,2,0,0,0
DN00398,2,54,163,217,1,0,1,2,0,0,0
DN00399,3,2886,4087,6973,1,0,1,1,0,0,0
DN00400,1,1443,0,1443,1,0,1,1,0,0,0
DN00401,2,3862,5698,9560,1,0,1,1,0,0,0
DN00402,0,0,0,0,,0,,1,0,0,0
DN00403,1,341,0,341,1,0,1,1,0,1,4
DN00404,1,3970,0,3970,1,0,1,1,0,0,0
DN00405,2,74,146,220,1,0,2,2,7,2,3
DN00406,4,7288,21440,28728,1,0,1,1,0,0,0
DN00407,2,62,108,170,1,0,1,1,0,0,0
DN00408,2,2886,9605,12491,1,0,5,5,9336,2,24
DN00409,1,51513,0,51513,1,0,1,1,0,1,28
DN00410,0,0,0,0,,0,,1,0,0,0
DN00411,2,1686,4337,6023,1,0,1,1,0,1,9
DN00412,2,84,113,197,1,0,1,1,0,0,0
DN00413,4,14588,27873,42461,1,0,1,1,0,0,0
DN00414,0,0,0,0,,0,,1,0,0,0
DN00415,2,1271,2082,3353,1,0,1,1,0,0,0
DN00416,3,695,616,1311,1,0,1,1,0,0,0
DN00417,3,1987,5142,7129,1,0,1,2,0,0,0
DN00418,3,13707,6396,20103,2,37,2,2,303,4,37
DN00419,3,631,1248,1879,1,0,1,1,0,0,0
DN00420,2,90,170,260,1,0,1,1,0,0,0
DN00421,6,687550,508439,1195989,1,0,1,1,0,0,0
DN00422,2,460,275,735,1,0,1,1,0,0,0
DN00423,0,0,0,0,,0,,2,0,0,0
DN00424,2,2970,7348,10318,1,0,1,1,0,0,0
DN00425,2,102,145,247,1,0,1,1,0,0,0
DN00426,4,6771,8797,15568,1,0,1,1,0,0,0
DN00427,1,367,0,367,1,0,1,1,0,0,0
DN00428,1,513,0,513,1,0,1,1,0,1,10
DN00429,1,6741,0,6741,1,0,1,1,0,0,0
DN00430,0,0,0,0,,0,,1,0,0,0
DN00431,2,30,24,54,1,0,1,1,0,1,17
DN00432,2,18,58,76,1,0,1,1,0,1,13
DN00433,0,0,0,0,,0,,1,0,0,0
DN00434,2,3763,2221,5984,1,0,1,1,0,0,0
DN00435,1,5813,0,5813,1,0,1,2,0,1,3
DN00436,3,543400,303005,846405,2,41,2,2,67726,3,41
DN00437,1,117,0,117,1,0,1,1,0,0,0
DN00438,0,0,0,0,,0,,2,0,0,0
DN00439,1,6077,0,6077,1,0,1,2,0,0,0
DN00440,6,155349,208794,364143,1,0,1,1,0,0,0
DN00441,1,716,0,716,1,0,1,1,0,0,0
DN00442,3,15040,20934,35974,1,0,2,2,1697,1,14
DN00443,0,0,0,0,,0,,1,0,0,0
DN00444,1,393,0,393,1,0,1,1,0,0,0
DN00445,1,2161,0,2161,1,0,1,1,0,0,0
DN00446,0,0,0,0,,0,,1,0,0,0
DN00447,1,8020,0,8020,1,0,1,1,0,0,0
DN00448,1,647,0,647,1,0,1,1,0,0,0
DN00449,1,4674,0,4674,1,0,1,1,0,2,19
DN00450,2,27118,14893,42011,1,0,1,1,0,0,0
DN00451,0,0,0,0,,0,,1,0,0,0
DN00452,2,425,765,1190,1,0,1,1,0,0,0
DN00453,2,191,210,401,1,0,1,1,0,0,0
DN00454,2,147,398,545,1,0,1,1,0,0,0
DN00455,1,5643,0,5643,2,31,2,3,805,2,31
DN00456,2,2314,6211,8525,1,0,1,2,0,0,0
DN00457,1,2912,0,2912,1,0,1,1,0,0,0
DN00458,2,83,80,163,1,0,1,1,0,1,13
DN00459,3,4421,4065,8486,1,0,1,1,0,0,0
DN00460,2,94,316,410,1,0,2,2,39,1,8
DN00461,1,428,0,428,1,0,1,2,0,1,15
DN00462,1,16279,0,16279,1,0,1,1,0,2,10
DN00463,0,0,0,0,,0,,2,0,0,0
DN00464,3,9848,37264,47112,1,0,1,2,0,0,0
DN00465,1,1200,0,1200,1,0,1,2,0,1,10
DN00466,3,1135,3032,4167,1,0,1,1,0,0,0
DN00467,3,2531,1887,4418,5,465,5,5,2506,10,465
DN00468,4,5501,4461,9962,1,0,1,1,0,1,11
DN00469,2,1510,5572,7082,1,0,1,1,0,0,0
DN00470,0,0,0,0,,0,,1,0,0,0
DN00471,2,10763,13150,23913,1,0,2,2,515,0,0
DN00472,0,0,0,0,,0,,1,0,0,0
DN00473,0,0,0,0,,0,,1,0,0,0
DN00474,2,4034,3231,7265,1,0,1,1,0,1,6
DN00475,2,117,367,484,1,0,1,1,0,0,0
DN00476,1,249,0,249,1,0,1,1,0,0,0
DN00477,0,0,0,0,,0,,1,0,0,0
DN00478,0,0,0,0,,0,,1,0,0,0
DN00479,0,0,0,0,,0,,2,0,0,0
DN00480,3,1462,876,2338,1,0,1,2,0,2,21
DN00481,1,541,0,541,1,0,1,1,0,1,20
DN00482,0,0,0,0,,0,,1,0,0,0
DN00483,1,16632,0,16632,1,0,1,1,0,1,26
DN00484,2,116,67,183,1,0,1,1,0,0,0
DN00485,2,36,27,63,1,0,1,2,0,0,0
DN00486,0,0,0,0,,0,,2,0,0,0
DN00487,0,0,0,0,,0,,1,0,0,0
DN00488,2,313,1063,1376,1,0,1,1,0,2,22
DN00489,0,0,0,0,,0,,2,0,0,0
DN00490,2,6777,11105,17882,1,0,1,1,0,0,0
DN00491,1,1175,0,1175,1,0,1,1,0,0,0
DN00492,1,89,0,89,1,0,1,1,0,0,0
DN00493,3,21321,18300,39621,1,0,1,1,0,0,0
DN00494,2,130,263,393,1,0,1,1,0,0,0
DN00495,3,3418,10236,13654,1,0,1,1,0,0,0
DN00496,2,448,215,663,1,0,1,1,0,0,0
DN00497,0,0,0,0,,0,,1,0,0,0
DN00498,0,0,0,0,,0,,2,0,0,0
DN00499,0,0,0,0,,0,,1,0,0,0
DN00500,1,44043,0,44043,1,0,1,1,0,0,0
