ma_ho_so,ma_kh,stt_tai_san,loai_tai_san,chu_so_huu,gia_tri_dinh_gia,ngay_dinh_gia
HSDN00001,DN00001,1,Khoản phải thu,Doanh nghiệp,5030.0,2026-12-02
HSDN00001,DN00001,2,"Bất động sản là nhà ở, đất ở",Doanh nghiệp,5540.0,2026-12-15
HSDN00001,DN00001,3,Phương tiện vận tải mới,Doanh nghiệp,23120.0,2026-11-23
HSDN00001,DN00001,4,"Bất động sản là nhà ở, đất ở",Doanh nghiệp,14190.0,2026-11-10
HSDN00002,DN00002,1,Hàng tồn kho thanh khoản cao,Doanh nghiệp,64240.0,2026-11-06
HSDN00003,DN00004,1,"Tiền gửi, sổ tiết kiệm bằng đồng Việt Nam tại FTA",Doanh nghiệp,72290.0,2026-12-05
HSDN00003,DN00004,2,"Bất động sản là nhà ở, đất ở",Doanh nghiệp,18510.0,2026-12-09
HSDN00004,DN00005,1,"Bất động sản là nhà ở, đất ở",Bên thứ ba (người đại diện theo pháp luật),450.0,2026-12-20
HSDN00004,DN00005,2,Máy móc thiết bị,Doanh nghiệp,140.0,2026-11-08
HSDN00004,DN00005,3,Hàng tồn kho thanh khoản cao,Doanh nghiệp,50.0,2026-12-12
HSDN00004,DN00005,4,"Bất động sản là nhà ở, đất ở",Doanh nghiệp,150.0,2026-11-22
HSDN00005,DN00006,1,"Nhà xưởng, kho, đất sản xuất kinh doanh",Bên thứ ba (người đại diện theo pháp luật),260.0,2026-11-14
HSDN00005,DN00006,2,"Nhà xưởng, kho, đất sản xuất kinh doanh",Bên thứ ba (người đại diện theo pháp luật),3400.0,2026-12-13
HSDN00006,DN00007,1,"Bất động sản là nhà ở, đất ở",Doanh nghiệp,550.0,2026-12-16
HSDN00006,DN00007,2,"Tiền gửi, sổ tiết kiệm bằng đồng Việt Nam tại FTA",Doanh nghiệp,5420.0,2026-12-04
HSDN00007,DN00008,1,Phương tiện vận tải đã qua sử dụng,Doanh nghiệp,350.0,2026-12-11
HSDN00008,DN00010,1,"Bất động sản là nhà ở, đất ở",Bên thứ ba (người đại diện theo pháp luật),200.0,2026-11-03
HSDN00009,DN00011,1,"Tiền gửi, sổ tiết kiệm bằng đồng Việt Nam tại FTA",Doanh nghiệp,7320.0,2026-11-04
HSDN00009,DN00011,2,"Bất động sản là nhà ở, đất ở",Doanh nghiệp,2080.0,2026-11-19
HSDN00011,DN00013,1,"Bất động sản là nhà ở, đất ở",Doanh nghiệp,610.0,2026-11-18
HSDN00012,DN00014,1,"Bất động sản là nhà ở, đất ở",Doanh nghiệp,20420.0,2026-11-28
HSDN00014,DN00016,1,Máy móc thiết bị,Doanh nghiệp,4690.0,2026-11-07
HSDN00014,DN00016,2,"Bất động sản là nhà ở, đất ở",Doanh nghiệp,39920.0,2026-11-25
HSDN00015,DN00017,1,"Bất động sản là nhà ở, đất ở",Bên thứ ba (người đại diện theo pháp luật),180.0,2026-12-04
HSDN00016,DN00018,1,"Nhà xưởng, kho, đất sản xuất kinh doanh",Doanh nghiệp,240.0,2026-11-30
HSDN00016,DN00018,2,"Bất động sản là nhà ở, đất ở",Bên thứ ba (người đại diện theo pháp luật),410.0,2026-12-16
HSDN00017,DN00019,1,"Nhà xưởng, kho, đất sản xuất kinh doanh",Doanh nghiệp,2020.0,2026-11-24
HSDN00019,DN00021,1,"Bất động sản là nhà ở, đất ở",Doanh nghiệp,2950.0,2026-12-09
HSDN00020,DN00022,1,"Bất động sản là nhà ở, đất ở",Bên thứ ba (người đại diện theo pháp luật),1790.0,2026-11-13
HSDN00021,DN00023,1,Khoản phải thu,Doanh nghiệp,10460.0,2026-11-06
HSDN00022,DN00024,1,Hàng tồn kho thanh khoản cao,Doanh nghiệp,28560.0,2026-11-12
HSDN00023,DN00025,1,Khoản phải thu,Doanh nghiệp,260.0,2026-11-27
HSDN00024,DN00027,1,"Tiền gửi, sổ tiết kiệm bằng đồng Việt Nam tại FTA",Doanh nghiệp,11560.0,2026-11-25
HSDN00024,DN00027,2,"Tiền gửi, sổ tiết kiệm bằng đồng Việt Nam tại FTA",Bên thứ ba (người đại diện theo pháp luật),2360.0,2026-11-13
HSDN00025,DN00028,1,"Bất động sản là nhà ở, đất ở",Doanh nghiệp,50.0,2026-12-13
HSDN00025,DN00028,2,Hàng tồn kho thanh khoản cao,Doanh nghiệp,650.0,2026-12-21
HSDN00026,DN00029,1,"Bất động sản là nhà ở, đất ở",Doanh nghiệp,6240.0,2026-11-02
HSDN00027,DN00030,1,"Bất động sản là nhà ở, đất ở",Doanh nghiệp,1590.0,2026-11-11
HSDN00028,DN00031,1,"Bất động sản là nhà ở, đất ở",Bên thứ ba (người đại diện theo pháp luật),260.0,2026-11-29
HSDN00028,DN00031,2,"Tiền gửi, sổ tiết kiệm bằng đồng Việt Nam tại FTA",Bên thứ ba (người đại diện theo pháp luật),140.0,2026-11-18
HSDN00030,DN00033,1,"Bất động sản là nhà ở, đất ở",Doanh nghiệp,5840.0,2026-12-05
HSDN00030,DN00033,2,"Bất động sản là nhà ở, đất ở",Doanh nghiệp,2010.0,2026-11-17
HSDN00030,DN00033,3,Khoản phải thu,Doanh nghiệp,1450.0,2026-11-13
HSDN00031,DN00034,1,"Bất động sản là nhà ở, đất ở",Doanh nghiệp,160.0,2026-11-26
HSDN00031,DN00034,2,"Tiền gửi, sổ tiết kiệm bằng đồng Việt Nam tại FTA",Doanh nghiệp,340.0,2026-12-08
HSDN00032,DN00035,1,"Bất động sản là nhà ở, đất ở",Bên thứ ba (người đại diện theo pháp luật),3220.0,2026-11-14
HSDN00033,DN00036,1,Hàng tồn kho thanh khoản cao,Doanh nghiệp,156700.0,2026-11-27
HSDN00033,DN00036,2,"Bất động sản là nhà ở, đất ở",Doanh nghiệp,488810.0,2026-12-06
HSDN00033,DN00036,3,"Bất động sản là nhà ở, đất ở",Doanh nghiệp,93320.0,2026-11-04
HSDN00033,DN00036,4,Khoản phải thu,Doanh nghiệp,136840.0,2026-11-04
HSDN00034,DN00037,1,"Bất động sản là nhà ở, đất ở",Doanh nghiệp,2040.0,2026-11-05
HSDN00035,DN00038,1,"Bất động sản là nhà ở, đất ở",Bên thứ ba (người đại diện theo pháp luật),17980.0,2026-11-25
HSDN00035,DN00038,2,Phương tiện vận tải mới,Doanh nghiệp,29510.0,2026-11-23
HSDN00035,DN00038,3,Phương tiện vận tải mới,Doanh nghiệp,18310.0,2026-11-16
HSDN00035,DN00038,4,"Bất động sản là nhà ở, đất ở",Doanh nghiệp,61130.0,2026-12-10
HSDN00036,DN00040,1,Khoản phải thu,Doanh nghiệp,2170.0,2026-12-20
HSDN00037,DN00041,1,Khoản phải thu,Doanh nghiệp,2530.0,2026-11-03
HSDN00037,DN00041,2,"Bất động sản là nhà ở, đất ở",Doanh nghiệp,4120.0,2026-11-12
HSDN00037,DN00041,3,"Tiền gửi, sổ tiết kiệm bằng đồng Việt Nam tại FTA",Doanh nghiệp,1750.0,2026-12-04
HSDN00038,DN00042,1,"Bất động sản là nhà ở, đất ở",Doanh nghiệp,1020.0,2026-12-16
HSDN00039,DN00043,1,Khoản phải thu,Doanh nghiệp,730.0,2026-11-14
HSDN00041,DN00046,1,Hàng tồn kho thanh khoản cao,Doanh nghiệp,2560.0,2026-12-11
HSDN00042,DN00047,1,Phương tiện vận tải mới,Doanh nghiệp,57190.0,2026-11-25
HSDN00043,DN00048,1,"Bất động sản là nhà ở, đất ở",Doanh nghiệp,790.0,2026-12-20
HSDN00043,DN00048,2,Hàng tồn kho thanh khoản thấp,Doanh nghiệp,1210.0,2026-12-02
HSDN00043,DN00048,3,"Bất động sản là nhà ở, đất ở",Doanh nghiệp,240.0,2026-12-14
HSDN00044,DN00049,1,"Bất động sản là nhà ở, đất ở",Bên thứ ba (người đại diện theo pháp luật),320.0,2026-12-02
HSDN00046,DN00051,1,"Bất động sản là nhà ở, đất ở",Bên thứ ba (người đại diện theo pháp luật),7150.0,2026-11-12
HSDN00047,DN00052,1,"Nhà xưởng, kho, đất sản xuất kinh doanh",Bên thứ ba (người đại diện theo pháp luật),13780.0,2026-12-08
HSDN00050,DN00055,1,Máy móc thiết bị,Doanh nghiệp,260.0,2026-11-19
HSDN00050,DN00055,2,Phương tiện vận tải mới,Doanh nghiệp,16410.0,2026-12-03
HSDN00051,DN00056,1,Khoản phải thu,Doanh nghiệp,9120.0,2026-11-14
HSDN00052,DN00057,1,"Bất động sản là nhà ở, đất ở",Doanh nghiệp,770.0,2026-12-20
HSDN00053,DN00058,1,Phương tiện vận tải đã qua sử dụng,Doanh nghiệp,20720.0,2026-11-02
HSDN00054,DN00059,1,Hàng tồn kho thanh khoản cao,Doanh nghiệp,910.0,2026-11-04
HSDN00054,DN00059,2,Phương tiện vận tải đã qua sử dụng,Bên thứ ba (người đại diện theo pháp luật),690.0,2026-12-06
HSDN00056,DN00061,1,Máy móc thiết bị,Doanh nghiệp,4200.0,2026-12-12
HSDN00058,DN00063,1,"Nhà xưởng, kho, đất sản xuất kinh doanh",Bên thứ ba (người đại diện theo pháp luật),4560.0,2026-11-24
HSDN00058,DN00063,2,"Bất động sản là nhà ở, đất ở",Bên thứ ba (người đại diện theo pháp luật),410.0,2026-12-01
HSDN00060,DN00065,1,Hàng tồn kho thanh khoản cao,Doanh nghiệp,53350.0,2026-12-05
HSDN00060,DN00065,2,Hàng tồn kho thanh khoản thấp,Doanh nghiệp,9410.0,2026-11-06
HSDN00061,DN00067,1,"Bất động sản là nhà ở, đất ở",Bên thứ ba (người đại diện theo pháp luật),950.0,2026-12-15
HSDN00062,DN00068,1,"Bất động sản là nhà ở, đất ở",Bên thứ ba (người đại diện theo pháp luật),94000.0,2026-12-03
HSDN00062,DN00068,2,Hàng tồn kho thanh khoản cao,Doanh nghiệp,10350.0,2026-12-20
HSDN00063,DN00069,1,Phương tiện vận tải mới,Doanh nghiệp,770.0,2026-12-03
HSDN00065,DN00071,1,Hàng tồn kho thanh khoản thấp,Doanh nghiệp,430.0,2026-11-16
HSDN00065,DN00071,2,Hàng tồn kho thanh khoản thấp,Doanh nghiệp,500.0,2026-11-23
HSDN00066,DN00072,1,Khoản phải thu,Doanh nghiệp,250.0,2026-12-16
HSDN00067,DN00073,1,"Bất động sản là nhà ở, đất ở",Doanh nghiệp,540.0,2026-11-29
HSDN00067,DN00073,2,Máy móc thiết bị,Doanh nghiệp,510.0,2026-11-10
HSDN00067,DN00073,3,"Bất động sản là nhà ở, đất ở",Doanh nghiệp,50.0,2026-11-29
HSDN00069,DN00075,1,Hàng tồn kho thanh khoản cao,Doanh nghiệp,2180.0,2026-11-08
HSDN00070,DN00076,1,"Bất động sản là nhà ở, đất ở",Doanh nghiệp,250.0,2026-11-28
HSDN00071,DN00077,1,Phương tiện vận tải đã qua sử dụng,Doanh nghiệp,1680.0,2026-11-14
HSDN00072,DN00078,1,Khoản phải thu,Doanh nghiệp,4540.0,2026-11-15
HSDN00073,DN00081,1,Khoản phải thu,Doanh nghiệp,920.0,2026-12-03
HSDN00074,DN00082,1,Hàng tồn kho thanh khoản cao,Doanh nghiệp,6210.0,2026-11-23
HSDN00074,DN00082,2,"Bất động sản là nhà ở, đất ở",Doanh nghiệp,6490.0,2026-11-18
HSDN00075,DN00083,1,"Bất động sản là nhà ở, đất ở",Doanh nghiệp,1640.0,2026-12-09
HSDN00075,DN00083,2,"Bất động sản là nhà ở, đất ở",Doanh nghiệp,40560.0,2026-12-02
HSDN00075,DN00083,3,"Bất động sản là nhà ở, đất ở",Doanh nghiệp,57120.0,2026-11-11
HSDN00077,DN00085,1,"Nhà xưởng, kho, đất sản xuất kinh doanh",Doanh nghiệp,1360.0,2026-11-25
HSDN00077,DN00085,2,"Bất động sản là nhà ở, đất ở",Doanh nghiệp,10880.0,2026-11-17
HSDN00078,DN00086,1,Hàng tồn kho thanh khoản cao,Doanh nghiệp,1000.0,2026-12-13
HSDN00078,DN00086,2,Hàng tồn kho thanh khoản cao,Doanh nghiệp,8050.0,2026-12-12
HSDN00079,DN00087,1,"Tiền gửi, sổ tiết kiệm bằng đồng Việt Nam tại FTA",Doanh nghiệp,7220.0,2026-11-05
HSDN00079,DN00087,2,Phương tiện vận tải mới,Bên thứ ba (người đại diện theo pháp luật),1300.0,2026-12-18
HSDN00080,DN00088,1,"Bất động sản là nhà ở, đất ở",Doanh nghiệp,4960.0,2026-12-06
HSDN00080,DN00088,2,"Tiền gửi, sổ tiết kiệm bằng đồng Việt Nam tại FTA",Doanh nghiệp,50.0,2026-11-30
HSDN00082,DN00090,1,Hàng tồn kho thanh khoản thấp,Doanh nghiệp,8140.0,2026-11-30
HSDN00082,DN00090,2,Máy móc thiết bị,Doanh nghiệp,5410.0,2026-11-21
HSDN00083,DN00091,1,Phương tiện vận tải đã qua sử dụng,Doanh nghiệp,8990.0,2026-11-07
HSDN00083,DN00091,2,"Bất động sản là nhà ở, đất ở",Bên thứ ba (người đại diện theo pháp luật),3610.0,2026-12-19
HSDN00083,DN00091,3,Phương tiện vận tải mới,Bên thứ ba (người đại diện theo pháp luật),1730.0,2026-11-24
HSDN00084,DN00092,1,"Tiền gửi, sổ tiết kiệm bằng đồng Việt Nam tại FTA",Bên thứ ba (người đại diện theo pháp luật),3660.0,2026-11-05
HSDN00084,DN00092,2,Hàng tồn kho thanh khoản cao,Doanh nghiệp,1010.0,2026-12-15
HSDN00085,DN00093,1,Khoản phải thu,Doanh nghiệp,2070.0,2026-12-01
HSDN00086,DN00094,1,Hàng tồn kho thanh khoản cao,Doanh nghiệp,2600.0,2026-12-12
HSDN00086,DN00094,2,"Bất động sản là nhà ở, đất ở",Doanh nghiệp,60390.0,2026-12-07
HSDN00086,DN00094,3,"Tiền gửi, sổ tiết kiệm bằng đồng Việt Nam tại FTA",Doanh nghiệp,20290.0,2026-11-04
HSDN00087,DN00095,1,"Bất động sản là nhà ở, đất ở",Bên thứ ba (người đại diện theo pháp luật),18020.0,2026-12-11
HSDN00088,DN00097,1,"Bất động sản là nhà ở, đất ở",Bên thứ ba (người đại diện theo pháp luật),4260.0,2026-12-05
HSDN00088,DN00097,2,"Bất động sản là nhà ở, đất ở",Bên thứ ba (người đại diện theo pháp luật),114150.0,2026-11-21
HSDN00088,DN00097,3,Khoản phải thu,Doanh nghiệp,11580.0,2026-12-08
HSDN00089,DN00098,1,"Tiền gửi, sổ tiết kiệm bằng đồng Việt Nam tại FTA",Doanh nghiệp,15640.0,2026-12-03
HSDN00089,DN00098,2,"Bất động sản là nhà ở, đất ở",Doanh nghiệp,7650.0,2026-11-06
HSDN00090,DN00099,1,Hàng tồn kho thanh khoản thấp,Doanh nghiệp,1090.0,2026-11-24
HSDN00091,DN00100,1,Hàng tồn kho thanh khoản cao,Doanh nghiệp,1070.0,2026-11-07
HSDN00092,DN00101,1,"Tiền gửi, sổ tiết kiệm bằng đồng Việt Nam tại FTA",Doanh nghiệp,9460.0,2026-11-14
HSDN00093,DN00102,1,"Bất động sản là nhà ở, đất ở",Bên thứ ba (người đại diện theo pháp luật),1610.0,2026-11-14
HSDN00093,DN00102,2,Máy móc thiết bị,Doanh nghiệp,190.0,2026-12-09
HSDN00094,DN00103,1,"Bất động sản là nhà ở, đất ở",Doanh nghiệp,12510.0,2026-12-04
HSDN00094,DN00103,2,Phương tiện vận tải mới,Doanh nghiệp,56730.0,2026-12-03
HSDN00094,DN00103,3,"Bất động sản là nhà ở, đất ở",Doanh nghiệp,9260.0,2026-11-25
HSDN00094,DN00103,4,Hàng tồn kho thanh khoản cao,Doanh nghiệp,8870.0,2026-12-02
HSDN00095,DN00104,1,"Bất động sản là nhà ở, đất ở",Doanh nghiệp,110990.0,2026-12-08
HSDN00096,DN00105,1,Phương tiện vận tải đã qua sử dụng,Doanh nghiệp,3110.0,2026-11-02
HSDN00097,DN00106,1,Máy móc thiết bị,Doanh nghiệp,630.0,2026-12-18
HSDN00098,DN00107,1,"Bất động sản là nhà ở, đất ở",Doanh nghiệp,5640.0,2026-11-19
HSDN00098,DN00107,2,Hàng tồn kho thanh khoản cao,Doanh nghiệp,14330.0,2026-11-16
HSDN00099,DN00108,1,"Bất động sản là nhà ở, đất ở",Doanh nghiệp,18050.0,2026-12-09
HSDN00100,DN00109,1,"Bất động sản là nhà ở, đất ở",Doanh nghiệp,800.0,2026-11-18
HSDN00100,DN00109,2,Hàng tồn kho thanh khoản cao,Doanh nghiệp,6180.0,2026-12-12
HSDN00100,DN00109,3,"Tiền gửi, sổ tiết kiệm bằng đồng Việt Nam tại FTA",Doanh nghiệp,6500.0,2026-11-12
HSDN00101,DN00110,1,"Bất động sản là nhà ở, đất ở",Doanh nghiệp,129030.0,2026-11-30
HSDN00101,DN00110,2,"Nhà xưởng, kho, đất sản xuất kinh doanh",Doanh nghiệp,269720.0,2026-11-20
HSDN00101,DN00110,3,"Nhà xưởng, kho, đất sản xuất kinh doanh",Doanh nghiệp,149050.0,2026-12-11
HSDN00102,DN00111,1,Phương tiện vận tải mới,Doanh nghiệp,10500.0,2026-11-24
HSDN00102,DN00111,2,"Bất động sản là nhà ở, đất ở",Bên thứ ba (người đại diện theo pháp luật),6330.0,2026-12-17
HSDN00102,DN00111,3,"Tiền gửi, sổ tiết kiệm bằng đồng Việt Nam tại FTA",Doanh nghiệp,24990.0,2026-12-10
HSDN00103,DN00112,1,"Bất động sản là nhà ở, đất ở",Doanh nghiệp,1370.0,2026-11-10
HSDN00104,DN00113,1,Khoản phải thu,Doanh nghiệp,3920.0,2026-11-22
HSDN00105,DN00114,1,Hàng tồn kho thanh khoản cao,Doanh nghiệp,660.0,2026-11-21
HSDN00106,DN00115,1,"Bất động sản là nhà ở, đất ở",Doanh nghiệp,38820.0,2026-11-30
HSDN00108,DN00117,1,"Bất động sản là nhà ở, đất ở",Bên thứ ba (người đại diện theo pháp luật),3920.0,2026-11-09
HSDN00108,DN00117,2,Phương tiện vận tải đã qua sử dụng,Doanh nghiệp,350.0,2026-11-03
HSDN00108,DN00117,3,"Bất động sản là nhà ở, đất ở",Doanh nghiệp,1380.0,2026-12-03
HSDN00109,DN00118,1,Hàng tồn kho thanh khoản cao,Doanh nghiệp,7610.0,2026-11-24
HSDN00109,DN00118,2,"Bất động sản là nhà ở, đất ở",Doanh nghiệp,330.0,2026-12-11
HSDN00109,DN00118,3,"Tiền gửi, sổ tiết kiệm bằng đồng Việt Nam tại FTA",Doanh nghiệp,9440.0,2026-11-20
HSDN00112,DN00122,1,"Tiền gửi, sổ tiết kiệm bằng đồng Việt Nam tại FTA",Doanh nghiệp,7090.0,2026-12-19
HSDN00112,DN00122,2,"Bất động sản là nhà ở, đất ở",Bên thứ ba (người đại diện theo pháp luật),4110.0,2026-12-20
HSDN00113,DN00124,1,Khoản phải thu,Doanh nghiệp,710.0,2026-12-11
HSDN00114,DN00125,1,Hàng tồn kho thanh khoản cao,Doanh nghiệp,540.0,2026-11-16
HSDN00115,DN00126,1,"Tiền gửi, sổ tiết kiệm bằng đồng Việt Nam tại FTA",Doanh nghiệp,592640.0,2026-12-18
HSDN00115,DN00126,2,Phương tiện vận tải đã qua sử dụng,Doanh nghiệp,1198240.0,2026-11-02
HSDN00117,DN00128,1,Máy móc thiết bị,Bên thứ ba (người đại diện theo pháp luật),7190.0,2026-11-20
HSDN00118,DN00129,1,"Bất động sản là nhà ở, đất ở",Bên thứ ba (người đại diện theo pháp luật),26970.0,2026-11-06
HSDN00119,DN00130,1,Phương tiện vận tải mới,Bên thứ ba (người đại diện theo pháp luật),2480.0,2026-12-20
HSDN00119,DN00130,2,"Bất động sản là nhà ở, đất ở",Bên thứ ba (người đại diện theo pháp luật),280.0,2026-11-07
HSDN00120,DN00131,1,Máy móc thiết bị,Bên thứ ba (người đại diện theo pháp luật),210.0,2026-11-12
HSDN00120,DN00131,2,"Nhà xưởng, kho, đất sản xuất kinh doanh",Doanh nghiệp,340.0,2026-12-03
HSDN00123,DN00134,1,"Bất động sản là nhà ở, đất ở",Doanh nghiệp,890.0,2026-12-20
HSDN00124,DN00135,1,"Nhà xưởng, kho, đất sản xuất kinh doanh",Doanh nghiệp,7000.0,2026-11-11
HSDN00124,DN00135,2,"Nhà xưởng, kho, đất sản xuất kinh doanh",Doanh nghiệp,10710.0,2026-11-28
HSDN00125,DN00136,1,"Nhà xưởng, kho, đất sản xuất kinh doanh",Bên thứ ba (người đại diện theo pháp luật),520.0,2026-12-21
HSDN00127,DN00138,1,Hàng tồn kho thanh khoản cao,Doanh nghiệp,50.0,2026-12-05
HSDN00127,DN00138,2,Hàng tồn kho thanh khoản cao,Doanh nghiệp,430.0,2026-11-26
HSDN00127,DN00138,3,"Bất động sản là nhà ở, đất ở",Doanh nghiệp,260.0,2026-12-08
HSDN00127,DN00138,4,Máy móc thiết bị,Bên thứ ba (người đại diện theo pháp luật),2400.0,2026-11-09
HSDN00129,DN00140,1,"Bất động sản là nhà ở, đất ở",Doanh nghiệp,6900.0,2026-12-20
HSDN00130,DN00141,1,"Nhà xưởng, kho, đất sản xuất kinh doanh",Doanh nghiệp,86830.0,2026-12-18
HSDN00130,DN00141,2,Máy móc thiết bị,Doanh nghiệp,129990.0,2026-11-24
HSDN00132,DN00143,1,"Nhà xưởng, kho, đất sản xuất kinh doanh",Doanh nghiệp,2300.0,2026-12-05
HSDN00133,DN00144,1,"Nhà xưởng, kho, đất sản xuất kinh doanh",Bên thứ ba (người đại diện theo pháp luật),1820.0,2026-12-05
HSDN00135,DN00146,1,Hàng tồn kho thanh khoản thấp,Doanh nghiệp,2350.0,2026-12-12
HSDN00136,DN00147,1,Phương tiện vận tải mới,Bên thứ ba (người đại diện theo pháp luật),370.0,2026-12-13
HSDN00136,DN00147,2,Phương tiện vận tải mới,Doanh nghiệp,1090.0,2026-11-26
HSDN00139,DN00150,1,"Bất động sản là nhà ở, đất ở",Doanh nghiệp,4320.0,2026-12-21
HSDN00140,DN00151,1,"Bất động sản là nhà ở, đất ở",Bên thứ ba (người đại diện theo pháp luật),640.0,2026-12-04
HSDN00141,DN00152,1,"Bất động sản là nhà ở, đất ở",Bên thứ ba (người đại diện theo pháp luật),249820.0,2026-12-04
HSDN00141,DN00152,2,"Bất động sản là nhà ở, đất ở",Bên thứ ba (người đại diện theo pháp luật),255490.0,2026-11-15
HSDN00142,DN00153,1,"Tiền gửi, sổ tiết kiệm bằng đồng Việt Nam tại FTA",Doanh nghiệp,1860.0,2026-12-07
HSDN00142,DN00153,2,Phương tiện vận tải mới,Doanh nghiệp,2080.0,2026-11-05
HSDN00142,DN00153,3,"Bất động sản là nhà ở, đất ở",Doanh nghiệp,50.0,2026-11-09
HSDN00142,DN00153,4,Phương tiện vận tải đã qua sử dụng,Doanh nghiệp,2410.0,2026-11-19
HSDN00143,DN00154,1,Khoản phải thu,Doanh nghiệp,320.0,2026-12-09
HSDN00144,DN00155,1,Hàng tồn kho thanh khoản cao,Doanh nghiệp,2080.0,2026-11-29
HSDN00146,DN00157,1,Khoản phải thu,Doanh nghiệp,2610.0,2026-12-07
HSDN00147,DN00158,1,Phương tiện vận tải đã qua sử dụng,Doanh nghiệp,1580.0,2026-11-18
HSDN00148,DN00159,1,"Bất động sản là nhà ở, đất ở",Bên thứ ba (người đại diện theo pháp luật),3660.0,2026-12-13
HSDN00149,DN00160,1,"Bất động sản là nhà ở, đất ở",Doanh nghiệp,2070.0,2026-11-27
HSDN00149,DN00160,2,Phương tiện vận tải mới,Bên thứ ba (người đại diện theo pháp luật),8750.0,2026-11-10
HSDN00149,DN00160,3,"Bất động sản là nhà ở, đất ở",Doanh nghiệp,25660.0,2026-12-15
HSDN00149,DN00160,4,Hàng tồn kho thanh khoản thấp,Doanh nghiệp,1830.0,2026-11-28
HSDN00150,DN00161,1,Khoản phải thu,Doanh nghiệp,3030.0,2026-12-19
HSDN00151,DN00162,1,"Nhà xưởng, kho, đất sản xuất kinh doanh",Doanh nghiệp,25980.0,2026-11-14
HSDN00151,DN00162,2,Hàng tồn kho thanh khoản cao,Doanh nghiệp,106530.0,2026-12-16
HSDN00152,DN00163,1,"Bất động sản là nhà ở, đất ở",Doanh nghiệp,180.0,2026-11-10
HSDN00154,DN00165,1,Phương tiện vận tải mới,Doanh nghiệp,490.0,2026-11-03
HSDN00155,DN00166,1,Khoản phải thu,Doanh nghiệp,1650.0,2026-11-09
HSDN00156,DN00167,1,"Tiền gửi, sổ tiết kiệm bằng đồng Việt Nam tại FTA",Doanh nghiệp,3110.0,2026-11-07
HSDN00157,DN00168,1,Máy móc thiết bị,Bên thứ ba (người đại diện theo pháp luật),2120.0,2026-12-10
HSDN00158,DN00169,1,"Bất động sản là nhà ở, đất ở",Bên thứ ba (người đại diện theo pháp luật),8240.0,2026-11-11
HSDN00158,DN00169,2,"Tiền gửi, sổ tiết kiệm bằng đồng Việt Nam tại FTA",Doanh nghiệp,3150.0,2026-11-14
HSDN00159,DN00170,1,Máy móc thiết bị,Doanh nghiệp,2700.0,2026-11-26
HSDN00159,DN00170,2,"Nhà xưởng, kho, đất sản xuất kinh doanh",Bên thứ ba (người đại diện theo pháp luật),8990.0,2026-11-04
HSDN00160,DN00171,1,Hàng tồn kho thanh khoản cao,Doanh nghiệp,24080.0,2026-12-01
HSDN00160,DN00171,2,"Bất động sản là nhà ở, đất ở",Bên thứ ba (người đại diện theo pháp luật),499640.0,2026-12-14
HSDN00161,DN00173,1,"Bất động sản là nhà ở, đất ở",Doanh nghiệp,20080.0,2026-11-03
HSDN00161,DN00173,2,"Bất động sản là nhà ở, đất ở",Doanh nghiệp,11290.0,2026-11-23
HSDN00162,DN00174,1,"Bất động sản là nhà ở, đất ở",Bên thứ ba (người đại diện theo pháp luật),550.0,2026-11-25
HSDN00162,DN00174,2,Hàng tồn kho thanh khoản cao,Doanh nghiệp,50.0,2026-12-20
HSDN00163,DN00175,1,"Bất động sản là nhà ở, đất ở",Doanh nghiệp,1690.0,2026-11-14
HSDN00164,DN00176,1,"Bất động sản là nhà ở, đất ở",Doanh nghiệp,1220.0,2026-11-05
HSDN00165,DN00177,1,Máy móc thiết bị,Doanh nghiệp,610.0,2026-11-07
HSDN00166,DN00178,1,"Bất động sản là nhà ở, đất ở",Doanh nghiệp,260.0,2026-12-15
HSDN00167,DN00179,1,"Bất động sản là nhà ở, đất ở",Doanh nghiệp,2890.0,2026-11-05
HSDN00168,DN00180,1,"Bất động sản là nhà ở, đất ở",Doanh nghiệp,9770.0,2026-12-10
HSDN00169,DN00181,1,Khoản phải thu,Doanh nghiệp,560.0,2026-12-19
HSDN00170,DN00182,1,"Bất động sản là nhà ở, đất ở",Bên thứ ba (người đại diện theo pháp luật),580.0,2026-11-19
HSDN00170,DN00182,2,"Bất động sản là nhà ở, đất ở",Doanh nghiệp,500.0,2026-12-06
HSDN00172,DN00184,1,Hàng tồn kho thanh khoản cao,Doanh nghiệp,320.0,2026-11-19
HSDN00173,DN00185,1,"Bất động sản là nhà ở, đất ở",Doanh nghiệp,1730.0,2026-11-24
HSDN00174,DN00186,1,"Bất động sản là nhà ở, đất ở",Doanh nghiệp,12990.0,2026-12-06
HSDN00174,DN00186,2,"Bất động sản là nhà ở, đất ở",Bên thứ ba (người đại diện theo pháp luật),1910.0,2026-11-29
HSDN00174,DN00186,3,Phương tiện vận tải mới,Bên thứ ba (người đại diện theo pháp luật),4580.0,2026-12-17
HSDN00175,DN00187,1,"Bất động sản là nhà ở, đất ở",Doanh nghiệp,2150.0,2026-12-06
HSDN00175,DN00187,2,"Nhà xưởng, kho, đất sản xuất kinh doanh",Doanh nghiệp,820.0,2026-12-21
HSDN00175,DN00187,3,"Nhà xưởng, kho, đất sản xuất kinh doanh",Bên thứ ba (người đại diện theo pháp luật),800.0,2026-11-20
HSDN00176,DN00188,1,Khoản phải thu,Doanh nghiệp,4370.0,2026-11-25
HSDN00177,DN00190,1,"Bất động sản là nhà ở, đất ở",Doanh nghiệp,130.0,2026-11-08
HSDN00177,DN00190,2,"Bất động sản là nhà ở, đất ở",Doanh nghiệp,90.0,2026-11-04
HSDN00178,DN00191,1,"Bất động sản là nhà ở, đất ở",Doanh nghiệp,28390.0,2026-12-03
HSDN00179,DN00192,1,"Bất động sản là nhà ở, đất ở",Doanh nghiệp,304710.0,2026-11-13
HSDN00179,DN00192,2,"Bất động sản là nhà ở, đất ở",Doanh nghiệp,1089350.0,2026-11-16
HSDN00180,DN00193,1,"Bất động sản là nhà ở, đất ở",Doanh nghiệp,971100.0,2026-11-03
HSDN00180,DN00193,2,Hàng tồn kho thanh khoản cao,Doanh nghiệp,63170.0,2026-12-02
HSDN00180,DN00193,3,Hàng tồn kho thanh khoản cao,Doanh nghiệp,18540.0,2026-12-19
HSDN00181,DN00194,1,Khoản phải thu,Doanh nghiệp,17530.0,2026-12-05
HSDN00181,DN00194,2,"Bất động sản là nhà ở, đất ở",Doanh nghiệp,2250.0,2026-12-17
HSDN00182,DN00195,1,Phương tiện vận tải mới,Bên thứ ba (người đại diện theo pháp luật),3700.0,2026-11-28
HSDN00182,DN00195,2,"Tiền gửi, sổ tiết kiệm bằng đồng Việt Nam tại FTA",Bên thứ ba (người đại diện theo pháp luật),270.0,2026-12-13
HSDN00182,DN00195,3,"Bất động sản là nhà ở, đất ở",Bên thứ ba (người đại diện theo pháp luật),10640.0,2026-11-30
HSDN00183,DN00197,1,"Bất động sản là nhà ở, đất ở",Doanh nghiệp,70.0,2026-12-15
HSDN00183,DN00197,2,"Tiền gửi, sổ tiết kiệm bằng đồng Việt Nam tại FTA",Doanh nghiệp,310.0,2026-12-06
HSDN00183,DN00197,3,"Bất động sản là nhà ở, đất ở",Doanh nghiệp,160.0,2026-11-02
HSDN00184,DN00198,1,Phương tiện vận tải mới,Doanh nghiệp,2490.0,2026-12-13
HSDN00185,DN00199,1,"Bất động sản là nhà ở, đất ở",Bên thứ ba (người đại diện theo pháp luật),24760.0,2026-11-09
HSDN00185,DN00199,2,Máy móc thiết bị,Doanh nghiệp,34940.0,2026-12-14
HSDN00186,DN00200,1,"Bất động sản là nhà ở, đất ở",Bên thứ ba (người đại diện theo pháp luật),50.0,2026-12-11
HSDN00186,DN00200,2,Máy móc thiết bị,Doanh nghiệp,60.0,2026-11-14
HSDN00186,DN00200,3,"Nhà xưởng, kho, đất sản xuất kinh doanh",Bên thứ ba (người đại diện theo pháp luật),1580.0,2026-11-11
HSDN00186,DN00200,4,"Nhà xưởng, kho, đất sản xuất kinh doanh",Doanh nghiệp,1550.0,2026-11-22
HSDN00187,DN00201,1,Hàng tồn kho thanh khoản cao,Doanh nghiệp,4890.0,2026-12-14
HSDN00188,DN00202,1,"Bất động sản là nhà ở, đất ở",Doanh nghiệp,1140.0,2026-11-03
HSDN00188,DN00202,2,"Nhà xưởng, kho, đất sản xuất kinh doanh",Doanh nghiệp,50.0,2026-12-21
HSDN00188,DN00202,3,Máy móc thiết bị,Doanh nghiệp,320.0,2026-11-21
HSDN00189,DN00203,1,Phương tiện vận tải đã qua sử dụng,Bên thứ ba (người đại diện theo pháp luật),1030.0,2026-11-10
HSDN00191,DN00205,1,Máy móc thiết bị,Doanh nghiệp,1890.0,2026-11-29
HSDN00192,DN00206,1,Khoản phải thu,Doanh nghiệp,50.0,2026-12-13
HSDN00192,DN00206,2,"Bất động sản là nhà ở, đất ở",Doanh nghiệp,130.0,2026-11-02
HSDN00194,DN00208,1,Hàng tồn kho thanh khoản cao,Doanh nghiệp,380.0,2026-12-05
HSDN00195,DN00210,1,"Tiền gửi, sổ tiết kiệm bằng đồng Việt Nam tại FTA",Doanh nghiệp,4310.0,2026-11-16
HSDN00196,DN00211,1,Khoản phải thu,Doanh nghiệp,3950.0,2026-12-14
HSDN00197,DN00212,1,"Bất động sản là nhà ở, đất ở",Bên thứ ba (người đại diện theo pháp luật),453900.0,2026-12-01
HSDN00197,DN00212,2,"Bất động sản là nhà ở, đất ở",Doanh nghiệp,100040.0,2026-11-25
HSDN00198,DN00214,1,"Bất động sản là nhà ở, đất ở",Doanh nghiệp,2860.0,2026-11-23
HSDN00199,DN00215,1,Phương tiện vận tải đã qua sử dụng,Doanh nghiệp,4080.0,2026-12-01
HSDN00200,DN00216,1,Máy móc thiết bị,Doanh nghiệp,2500.0,2026-11-13
HSDN00200,DN00216,2,Hàng tồn kho thanh khoản thấp,Doanh nghiệp,1410.0,2026-11-21
HSDN00201,DN00217,1,"Bất động sản là nhà ở, đất ở",Bên thứ ba (người đại diện theo pháp luật),15030.0,2026-12-15
HSDN00202,DN00218,1,"Bất động sản là nhà ở, đất ở",Doanh nghiệp,280.0,2026-11-14
HSDN00203,DN00219,1,"Nhà xưởng, kho, đất sản xuất kinh doanh",Doanh nghiệp,50.0,2026-11-26
HSDN00203,DN00219,2,Máy móc thiết bị,Doanh nghiệp,350.0,2026-12-07
HSDN00204,DN00220,1,"Bất động sản là nhà ở, đất ở",Bên thứ ba (người đại diện theo pháp luật),1110.0,2026-12-04
HSDN00205,DN00221,1,"Bất động sản là nhà ở, đất ở",Bên thứ ba (người đại diện theo pháp luật),26250.0,2026-11-13
HSDN00205,DN00221,2,Phương tiện vận tải mới,Doanh nghiệp,15700.0,2026-11-19
HSDN00206,DN00222,1,Máy móc thiết bị,Doanh nghiệp,1650.0,2026-11-16
HSDN00207,DN00223,1,"Bất động sản là nhà ở, đất ở",Doanh nghiệp,8430.0,2026-12-06
HSDN00208,DN00224,1,Khoản phải thu,Doanh nghiệp,10760.0,2026-11-04
HSDN00210,DN00226,1,"Bất động sản là nhà ở, đất ở",Doanh nghiệp,1850.0,2026-12-02
HSDN00211,DN00227,1,Khoản phải thu,Doanh nghiệp,5800.0,2026-12-18
HSDN00213,DN00229,1,"Bất động sản là nhà ở, đất ở",Doanh nghiệp,36860.0,2026-11-03
HSDN00213,DN00229,2,Hàng tồn kho thanh khoản cao,Doanh nghiệp,5230.0,2026-11-02
HSDN00214,DN00231,1,"Bất động sản là nhà ở, đất ở",Doanh nghiệp,1840.0,2026-12-07
HSDN00215,DN00232,1,Hàng tồn kho thanh khoản cao,Doanh nghiệp,270.0,2026-11-15
HSDN00216,DN00234,1,Hàng tồn kho thanh khoản thấp,Doanh nghiệp,230.0,2026-11-06
HSDN00217,DN00235,1,Hàng tồn kho thanh khoản cao,Doanh nghiệp,910.0,2026-12-02
HSDN00217,DN00235,2,Phương tiện vận tải mới,Doanh nghiệp,970.0,2026-11-07
HSDN00218,DN00236,1,"Bất động sản là nhà ở, đất ở",Doanh nghiệp,10160.0,2026-11-14
HSDN00218,DN00236,2,Hàng tồn kho thanh khoản cao,Doanh nghiệp,1670.0,2026-12-06
HSDN00218,DN00236,3,"Bất động sản là nhà ở, đất ở",Doanh nghiệp,4380.0,2026-11-02
HSDN00219,DN00237,1,"Bất động sản là nhà ở, đất ở",Bên thứ ba (người đại diện theo pháp luật),320.0,2026-11-24
HSDN00219,DN00237,2,"Bất động sản là nhà ở, đất ở",Doanh nghiệp,190.0,2026-11-27
HSDN00220,DN00238,1,Hàng tồn kho thanh khoản thấp,Doanh nghiệp,3890.0,2026-11-18
HSDN00220,DN00238,2,Hàng tồn kho thanh khoản cao,Doanh nghiệp,410.0,2026-11-22
HSDN00220,DN00238,3,"Tiền gửi, sổ tiết kiệm bằng đồng Việt Nam tại FTA",Bên thứ ba (người đại diện theo pháp luật),5240.0,2026-12-09
HSDN00220,DN00238,4,"Bất động sản là nhà ở, đất ở",Bên thứ ba (người đại diện theo pháp luật),3600.0,2026-12-13
HSDN00220,DN00238,5,"Bất động sản là nhà ở, đất ở",Doanh nghiệp,13520.0,2026-11-30
HSDN00221,DN00239,1,"Nhà xưởng, kho, đất sản xuất kinh doanh",Doanh nghiệp,470.0,2026-11-02
HSDN00222,DN00240,1,Phương tiện vận tải đã qua sử dụng,Doanh nghiệp,3210.0,2026-11-06
HSDN00223,DN00242,1,Phương tiện vận tải mới,Doanh nghiệp,630.0,2026-11-04
HSDN00225,DN00244,1,Máy móc thiết bị,Doanh nghiệp,850.0,2026-12-08
HSDN00226,DN00245,1,"Tiền gửi, sổ tiết kiệm bằng đồng Việt Nam tại FTA",Bên thứ ba (người đại diện theo pháp luật),12730.0,2026-12-18
HSDN00227,DN00246,1,Phương tiện vận tải mới,Bên thứ ba (người đại diện theo pháp luật),14000.0,2026-11-25
HSDN00227,DN00246,2,Phương tiện vận tải đã qua sử dụng,Bên thứ ba (người đại diện theo pháp luật),44400.0,2026-12-17
HSDN00227,DN00246,3,Phương tiện vận tải đã qua sử dụng,Bên thứ ba (người đại diện theo pháp luật),118230.0,2026-12-18
HSDN00228,DN00247,1,Máy móc thiết bị,Doanh nghiệp,48440.0,2026-11-22
HSDN00228,DN00247,2,"Nhà xưởng, kho, đất sản xuất kinh doanh",Bên thứ ba (người đại diện theo pháp luật),6670.0,2026-11-25
HSDN00229,DN00248,1,Phương tiện vận tải mới,Doanh nghiệp,1620.0,2026-12-16
HSDN00230,DN00249,1,Hàng tồn kho thanh khoản cao,Doanh nghiệp,18680.0,2026-12-14
HSDN00231,DN00250,1,"Nhà xưởng, kho, đất sản xuất kinh doanh",Doanh nghiệp,2620.0,2026-12-13
HSDN00232,DN00251,1,"Tiền gửi, sổ tiết kiệm bằng đồng Việt Nam tại FTA",Bên thứ ba (người đại diện theo pháp luật),1450.0,2026-11-24
HSDN00232,DN00251,2,Hàng tồn kho thanh khoản thấp,Doanh nghiệp,920.0,2026-11-25
HSDN00233,DN00252,1,"Bất động sản là nhà ở, đất ở",Doanh nghiệp,2760.0,2026-12-11
HSDN00234,DN00253,1,"Nhà xưởng, kho, đất sản xuất kinh doanh",Doanh nghiệp,1630.0,2026-11-29
HSDN00235,DN00254,1,"Bất động sản là nhà ở, đất ở",Doanh nghiệp,390670.0,2026-11-26
HSDN00236,DN00255,1,"Tiền gửi, sổ tiết kiệm bằng đồng Việt Nam tại FTA",Doanh nghiệp,560.0,2026-11-19
HSDN00236,DN00255,2,Hàng tồn kho thanh khoản cao,Doanh nghiệp,50.0,2026-11-24
HSDN00236,DN00255,3,Hàng tồn kho thanh khoản cao,Doanh nghiệp,370.0,2026-12-12
HSDN00237,DN00256,1,Hàng tồn kho thanh khoản cao,Doanh nghiệp,180.0,2026-11-29
HSDN00237,DN00256,2,Phương tiện vận tải mới,Doanh nghiệp,320.0,2026-11-11
HSDN00240,DN00259,1,"Bất động sản là nhà ở, đất ở",Doanh nghiệp,540.0,2026-11-15
HSDN00241,DN00260,1,Phương tiện vận tải đã qua sử dụng,Doanh nghiệp,2770.0,2026-12-11
HSDN00241,DN00260,2,"Bất động sản là nhà ở, đất ở",Doanh nghiệp,65910.0,2026-12-04
HSDN00241,DN00260,3,Phương tiện vận tải mới,Bên thứ ba (người đại diện theo pháp luật),18120.0,2026-12-14
HSDN00242,DN00261,1,Khoản phải thu,Doanh nghiệp,9470.0,2026-11-08
HSDN00243,DN00262,1,"Bất động sản là nhà ở, đất ở",Doanh nghiệp,4940.0,2026-11-15
HSDN00244,DN00263,1,Khoản phải thu,Doanh nghiệp,90.0,2026-12-08
HSDN00244,DN00263,2,Khoản phải thu,Doanh nghiệp,90.0,2026-12-08
HSDN00245,DN00264,1,Phương tiện vận tải đã qua sử dụng,Doanh nghiệp,33440.0,2026-12-21
HSDN00245,DN00264,2,Phương tiện vận tải mới,Doanh nghiệp,13790.0,2026-11-06
HSDN00246,DN00265,1,"Bất động sản là nhà ở, đất ở",Doanh nghiệp,1950.0,2026-11-27
HSDN00246,DN00265,2,Phương tiện vận tải đã qua sử dụng,Doanh nghiệp,31860.0,2026-11-12
HSDN00248,DN00267,1,"Nhà xưởng, kho, đất sản xuất kinh doanh",Doanh nghiệp,1250.0,2026-12-01
HSDN00250,DN00269,1,"Tiền gửi, sổ tiết kiệm bằng đồng Việt Nam tại FTA",Bên thứ ba (người đại diện theo pháp luật),5030.0,2026-11-13
HSDN00250,DN00269,2,"Bất động sản là nhà ở, đất ở",Bên thứ ba (người đại diện theo pháp luật),5950.0,2026-11-29
HSDN00250,DN00269,3,"Bất động sản là nhà ở, đất ở",Doanh nghiệp,1030.0,2026-12-03
HSDN00251,DN00270,1,Máy móc thiết bị,Bên thứ ba (người đại diện theo pháp luật),27650.0,2026-11-08
HSDN00252,DN00271,1,"Bất động sản là nhà ở, đất ở",Doanh nghiệp,1320.0,2026-11-07
HSDN00252,DN00271,2,"Bất động sản là nhà ở, đất ở",Doanh nghiệp,90.0,2026-12-15
HSDN00253,DN00272,1,Khoản phải thu,Doanh nghiệp,3870.0,2026-11-26
HSDN00254,DN00273,1,Phương tiện vận tải mới,Doanh nghiệp,7330.0,2026-12-06
HSDN00254,DN00273,2,Hàng tồn kho thanh khoản cao,Doanh nghiệp,15470.0,2026-11-22
HSDN00254,DN00273,3,Hàng tồn kho thanh khoản thấp,Doanh nghiệp,6650.0,2026-11-15
HSDN00255,DN00274,1,"Nhà xưởng, kho, đất sản xuất kinh doanh",Doanh nghiệp,4170.0,2026-12-19
HSDN00256,DN00275,1,Hàng tồn kho thanh khoản cao,Doanh nghiệp,11730.0,2026-11-23
HSDN00257,DN00276,1,Khoản phải thu,Doanh nghiệp,1850.0,2026-12-07
HSDN00258,DN00277,1,Khoản phải thu,Doanh nghiệp,47060.0,2026-12-14
HSDN00258,DN00277,2,Máy móc thiết bị,Doanh nghiệp,52640.0,2026-11-08
HSDN00260,DN00279,1,"Bất động sản là nhà ở, đất ở",Doanh nghiệp,3300.0,2026-11-22
HSDN00260,DN00279,2,"Bất động sản là nhà ở, đất ở",Doanh nghiệp,50.0,2026-12-11
HSDN00260,DN00279,3,"Tiền gửi, sổ tiết kiệm bằng đồng Việt Nam tại FTA",Doanh nghiệp,50.0,2026-12-09
HSDN00261,DN00280,1,"Bất động sản là nhà ở, đất ở",Doanh nghiệp,2870.0,2026-11-09
HSDN00261,DN00280,2,"Bất động sản là nhà ở, đất ở",Bên thứ ba (người đại diện theo pháp luật),5400.0,2026-12-18
HSDN00261,DN00280,3,"Bất động sản là nhà ở, đất ở",Doanh nghiệp,2250.0,2026-12-16
HSDN00262,DN00281,1,"Bất động sản là nhà ở, đất ở",Doanh nghiệp,3420.0,2026-12-05
HSDN00263,DN00282,1,Hàng tồn kho thanh khoản cao,Doanh nghiệp,1180.0,2026-11-23
HSDN00264,DN00284,1,Phương tiện vận tải đã qua sử dụng,Doanh nghiệp,20490.0,2026-11-22
HSDN00264,DN00284,2,"Bất động sản là nhà ở, đất ở",Doanh nghiệp,33620.0,2026-12-18
HSDN00264,DN00284,3,"Bất động sản là nhà ở, đất ở",Doanh nghiệp,6680.0,2026-11-09
HSDN00265,DN00285,1,Phương tiện vận tải mới,Doanh nghiệp,220.0,2026-12-19
HSDN00266,DN00286,1,"Tiền gửi, sổ tiết kiệm bằng đồng Việt Nam tại FTA",Bên thứ ba (người đại diện theo pháp luật),3550.0,2026-11-19
HSDN00267,DN00288,1,Phương tiện vận tải mới,Doanh nghiệp,1680.0,2026-11-28
HSDN00268,DN00289,1,"Bất động sản là nhà ở, đất ở",Bên thứ ba (người đại diện theo pháp luật),7310.0,2026-11-09
HSDN00269,DN00290,1,Hàng tồn kho thanh khoản cao,Doanh nghiệp,22390.0,2026-11-10
HSDN00269,DN00290,2,"Bất động sản là nhà ở, đất ở",Doanh nghiệp,13480.0,2026-12-14
HSDN00270,DN00291,1,Phương tiện vận tải mới,Doanh nghiệp,14920.0,2026-11-03
HSDN00270,DN00291,2,Khoản phải thu,Doanh nghiệp,4290.0,2026-12-10
HSDN00271,DN00292,1,Máy móc thiết bị,Bên thứ ba (người đại diện theo pháp luật),1190.0,2026-11-26
HSDN00271,DN00292,2,"Bất động sản là nhà ở, đất ở",Doanh nghiệp,330.0,2026-11-11
HSDN00272,DN00293,1,Phương tiện vận tải mới,Doanh nghiệp,4730.0,2026-11-11
HSDN00273,DN00294,1,"Bất động sản là nhà ở, đất ở",Doanh nghiệp,16120.0,2026-12-18
HSDN00273,DN00294,2,Hàng tồn kho thanh khoản cao,Doanh nghiệp,83170.0,2026-11-12
HSDN00274,DN00295,1,Khoản phải thu,Doanh nghiệp,8250.0,2026-11-08
HSDN00275,DN00296,1,"Nhà xưởng, kho, đất sản xuất kinh doanh",Doanh nghiệp,420.0,2026-12-14
HSDN00276,DN00297,1,"Bất động sản là nhà ở, đất ở",Bên thứ ba (người đại diện theo pháp luật),2120.0,2026-11-30
HSDN00277,DN00298,1,"Nhà xưởng, kho, đất sản xuất kinh doanh",Doanh nghiệp,410.0,2026-11-20
HSDN00278,DN00299,1,"Nhà xưởng, kho, đất sản xuất kinh doanh",Doanh nghiệp,31180.0,2026-12-10
HSDN00278,DN00299,2,"Bất động sản là nhà ở, đất ở",Doanh nghiệp,10650.0,2026-11-18
HSDN00278,DN00299,3,Máy móc thiết bị,Doanh nghiệp,540.0,2026-11-26
HSDN00279,DN00300,1,"Bất động sản là nhà ở, đất ở",Bên thứ ba (người đại diện theo pháp luật),7250.0,2026-11-23
HSDN00280,DN00301,1,Máy móc thiết bị,Doanh nghiệp,220.0,2026-11-20
HSDN00280,DN00301,2,"Bất động sản là nhà ở, đất ở",Doanh nghiệp,50.0,2026-11-18
HSDN00280,DN00301,3,"Nhà xưởng, kho, đất sản xuất kinh doanh",Bên thứ ba (người đại diện theo pháp luật),50.0,2026-12-16
HSDN00281,DN00302,1,Hàng tồn kho thanh khoản cao,Doanh nghiệp,260.0,2026-11-14
HSDN00281,DN00302,2,"Bất động sản là nhà ở, đất ở",Doanh nghiệp,1170.0,2026-12-12
HSDN00283,DN00305,1,"Tiền gửi, sổ tiết kiệm bằng đồng Việt Nam tại FTA",Doanh nghiệp,18010.0,2026-11-27
HSDN00283,DN00305,2,"Tiền gửi, sổ tiết kiệm bằng đồng Việt Nam tại FTA",Bên thứ ba (người đại diện theo pháp luật),68960.0,2026-12-06
HSDN00283,DN00305,3,"Bất động sản là nhà ở, đất ở",Doanh nghiệp,17520.0,2026-12-04
HSDN00284,DN00306,1,Phương tiện vận tải đã qua sử dụng,Doanh nghiệp,1110.0,2026-11-21
HSDN00284,DN00306,2,Phương tiện vận tải mới,Doanh nghiệp,50.0,2026-12-01
HSDN00285,DN00307,1,Hàng tồn kho thanh khoản cao,Doanh nghiệp,11120.0,2026-11-18
HSDN00286,DN00308,1,"Bất động sản là nhà ở, đất ở",Bên thứ ba (người đại diện theo pháp luật),760.0,2026-12-05
HSDN00288,DN00310,1,Hàng tồn kho thanh khoản thấp,Doanh nghiệp,480.0,2026-11-25
HSDN00288,DN00310,2,"Nhà xưởng, kho, đất sản xuất kinh doanh",Doanh nghiệp,100.0,2026-11-25
HSDN00289,DN00311,1,"Bất động sản là nhà ở, đất ở",Doanh nghiệp,12130.0,2026-11-23
HSDN00291,DN00313,1,"Tiền gửi, sổ tiết kiệm bằng đồng Việt Nam tại FTA",Doanh nghiệp,250.0,2026-11-06
HSDN00292,DN00314,1,Phương tiện vận tải đã qua sử dụng,Doanh nghiệp,6310.0,2026-11-18
HSDN00293,DN00315,1,Phương tiện vận tải mới,Bên thứ ba (người đại diện theo pháp luật),11810.0,2026-12-08
HSDN00294,DN00316,1,Khoản phải thu,Doanh nghiệp,360.0,2026-11-20
HSDN00294,DN00316,2,Phương tiện vận tải mới,Doanh nghiệp,540.0,2026-11-30
HSDN00295,DN00317,1,Máy móc thiết bị,Doanh nghiệp,6690.0,2026-11-29
HSDN00295,DN00317,2,Khoản phải thu,Doanh nghiệp,15420.0,2026-12-06
HSDN00296,DN00318,1,"Bất động sản là nhà ở, đất ở",Bên thứ ba (người đại diện theo pháp luật),750.0,2026-11-15
HSDN00297,DN00320,1,Phương tiện vận tải đã qua sử dụng,Doanh nghiệp,2180.0,2026-12-06
HSDN00297,DN00320,2,"Bất động sản là nhà ở, đất ở",Doanh nghiệp,1410.0,2026-12-09
HSDN00298,DN00321,1,Hàng tồn kho thanh khoản thấp,Doanh nghiệp,10530.0,2026-11-12
HSDN00299,DN00322,1,Khoản phải thu,Doanh nghiệp,1298890.0,2026-12-01
HSDN00300,DN00323,1,"Bất động sản là nhà ở, đất ở",Doanh nghiệp,50.0,2026-11-03
HSDN00300,DN00323,2,Phương tiện vận tải mới,Doanh nghiệp,140.0,2026-11-27
HSDN00300,DN00323,3,Khoản phải thu,Doanh nghiệp,540.0,2026-12-06
HSDN00300,DN00323,4,"Bất động sản là nhà ở, đất ở",Bên thứ ba (người đại diện theo pháp luật),180.0,2026-12-13
HSDN00301,DN00324,1,"Nhà xưởng, kho, đất sản xuất kinh doanh",Bên thứ ba (người đại diện theo pháp luật),145260.0,2026-11-10
HSDN00301,DN00324,2,Khoản phải thu,Doanh nghiệp,25340.0,2026-11-13
HSDN00303,DN00326,1,Hàng tồn kho thanh khoản cao,Doanh nghiệp,1940.0,2026-12-16
HSDN00303,DN00326,2,Khoản phải thu,Doanh nghiệp,1280.0,2026-12-10
HSDN00304,DN00327,1,"Bất động sản là nhà ở, đất ở",Doanh nghiệp,24820.0,2026-11-03
HSDN00304,DN00327,2,Hàng tồn kho thanh khoản thấp,Doanh nghiệp,5320.0,2026-11-12
HSDN00305,DN00328,1,"Bất động sản là nhà ở, đất ở",Doanh nghiệp,280.0,2026-11-09
HSDN00305,DN00328,2,Hàng tồn kho thanh khoản cao,Doanh nghiệp,190.0,2026-11-10
HSDN00306,DN00329,1,"Bất động sản là nhà ở, đất ở",Doanh nghiệp,150.0,2026-11-02
HSDN00306,DN00329,2,"Tiền gửi, sổ tiết kiệm bằng đồng Việt Nam tại FTA",Bên thứ ba (người đại diện theo pháp luật),800.0,2026-11-24
HSDN00307,DN00330,1,Phương tiện vận tải đã qua sử dụng,Bên thứ ba (người đại diện theo pháp luật),670.0,2026-12-10
HSDN00308,DN00331,1,Hàng tồn kho thanh khoản cao,Doanh nghiệp,950.0,2026-11-27
HSDN00309,DN00332,1,Hàng tồn kho thanh khoản cao,Doanh nghiệp,150.0,2026-12-21
HSDN00309,DN00332,2,Hàng tồn kho thanh khoản cao,Doanh nghiệp,330.0,2026-11-15
HSDN00310,DN00333,1,"Bất động sản là nhà ở, đất ở",Bên thứ ba (người đại diện theo pháp luật),3120.0,2026-12-07
HSDN00311,DN00334,1,"Nhà xưởng, kho, đất sản xuất kinh doanh",Doanh nghiệp,5610.0,2026-12-20
HSDN00312,DN00335,1,Phương tiện vận tải mới,Doanh nghiệp,340.0,2026-11-24
HSDN00312,DN00335,2,Hàng tồn kho thanh khoản cao,Doanh nghiệp,5860.0,2026-12-20
HSDN00313,DN00336,1,Hàng tồn kho thanh khoản cao,Doanh nghiệp,610.0,2026-11-02
HSDN00314,DN00337,1,Hàng tồn kho thanh khoản cao,Doanh nghiệp,572190.0,2026-12-12
HSDN00314,DN00337,2,Hàng tồn kho thanh khoản cao,Doanh nghiệp,512280.0,2026-11-13
HSDN00314,DN00337,3,"Bất động sản là nhà ở, đất ở",Doanh nghiệp,1750030.0,2026-12-19
HSDN00315,DN00338,1,Khoản phải thu,Doanh nghiệp,1010.0,2026-12-09
HSDN00315,DN00338,2,Hàng tồn kho thanh khoản thấp,Doanh nghiệp,720.0,2026-12-10
HSDN00315,DN00338,3,Khoản phải thu,Doanh nghiệp,620.0,2026-11-23
HSDN00316,DN00339,1,"Bất động sản là nhà ở, đất ở",Bên thứ ba (người đại diện theo pháp luật),1370.0,2026-12-18
HSDN00316,DN00339,2,"Tiền gửi, sổ tiết kiệm bằng đồng Việt Nam tại FTA",Doanh nghiệp,50.0,2026-12-16
HSDN00317,DN00341,1,Khoản phải thu,Doanh nghiệp,16830.0,2026-11-27
HSDN00318,DN00342,1,"Bất động sản là nhà ở, đất ở",Doanh nghiệp,1440.0,2026-11-25
HSDN00319,DN00343,1,"Tiền gửi, sổ tiết kiệm bằng đồng Việt Nam tại FTA",Doanh nghiệp,1270.0,2026-11-03
HSDN00320,DN00344,1,"Bất động sản là nhà ở, đất ở",Bên thứ ba (người đại diện theo pháp luật),2620.0,2026-12-11
HSDN00322,DN00346,1,"Tiền gửi, sổ tiết kiệm bằng đồng Việt Nam tại FTA",Bên thứ ba (người đại diện theo pháp luật),2130.0,2026-12-05
HSDN00322,DN00346,2,Phương tiện vận tải đã qua sử dụng,Doanh nghiệp,740.0,2026-12-15
HSDN00323,DN00347,1,Phương tiện vận tải mới,Doanh nghiệp,490.0,2026-11-03
HSDN00325,DN00349,1,"Bất động sản là nhà ở, đất ở",Doanh nghiệp,39260.0,2026-11-20
HSDN00325,DN00349,2,Phương tiện vận tải mới,Bên thứ ba (người đại diện theo pháp luật),38180.0,2026-12-21
HSDN00325,DN00349,3,"Bất động sản là nhà ở, đất ở",Doanh nghiệp,33880.0,2026-12-12
HSDN00326,DN00350,1,Máy móc thiết bị,Doanh nghiệp,300.0,2026-12-11
HSDN00327,DN00351,1,Hàng tồn kho thanh khoản thấp,Doanh nghiệp,1050.0,2026-12-21
HSDN00328,DN00352,1,"Bất động sản là nhà ở, đất ở",Doanh nghiệp,280.0,2026-12-16
HSDN00329,DN00353,1,"Bất động sản là nhà ở, đất ở",Doanh nghiệp,430.0,2026-12-19
HSDN00330,DN00354,1,Khoản phải thu,Doanh nghiệp,8030.0,2026-11-28
HSDN00331,DN00355,1,Máy móc thiết bị,Bên thứ ba (người đại diện theo pháp luật),12930.0,2026-12-07
HSDN00332,DN00356,1,"Tiền gửi, sổ tiết kiệm bằng đồng Việt Nam tại FTA",Doanh nghiệp,12570.0,2026-11-24
HSDN00334,DN00358,1,"Bất động sản là nhà ở, đất ở",Doanh nghiệp,58010.0,2026-11-03
HSDN00335,DN00359,1,Hàng tồn kho thanh khoản thấp,Doanh nghiệp,1150.0,2026-12-14
HSDN00335,DN00359,2,"Bất động sản là nhà ở, đất ở",Doanh nghiệp,110.0,2026-11-14
HSDN00336,DN00360,1,Khoản phải thu,Doanh nghiệp,100.0,2026-11-21
HSDN00336,DN00360,2,Khoản phải thu,Doanh nghiệp,220.0,2026-12-02
HSDN00337,DN00361,1,Khoản phải thu,Doanh nghiệp,50.0,2026-12-01
HSDN00337,DN00361,2,Khoản phải thu,Doanh nghiệp,5840.0,2026-12-16
HSDN00337,DN00361,3,Máy móc thiết bị,Bên thứ ba (người đại diện theo pháp luật),13820.0,2026-12-13
HSDN00339,DN00363,1,"Tiền gửi, sổ tiết kiệm bằng đồng Việt Nam tại FTA",Doanh nghiệp,16270.0,2026-12-03
HSDN00340,DN00364,1,"Bất động sản là nhà ở, đất ở",Bên thứ ba (người đại diện theo pháp luật),1970.0,2026-12-15
HSDN00340,DN00364,2,"Bất động sản là nhà ở, đất ở",Doanh nghiệp,1070.0,2026-12-06
HSDN00342,DN00366,1,"Bất động sản là nhà ở, đất ở",Doanh nghiệp,2350.0,2026-12-11
HSDN00343,DN00368,1,"Bất động sản là nhà ở, đất ở",Doanh nghiệp,1260.0,2026-11-30
HSDN00343,DN00368,2,Phương tiện vận tải đã qua sử dụng,Bên thứ ba (người đại diện theo pháp luật),970.0,2026-12-10
HSDN00343,DN00368,3,Phương tiện vận tải mới,Doanh nghiệp,450.0,2026-11-22
HSDN00345,DN00370,1,Máy móc thiết bị,Doanh nghiệp,9000.0,2026-12-05
HSDN00346,DN00371,1,"Bất động sản là nhà ở, đất ở",Bên thứ ba (người đại diện theo pháp luật),220.0,2026-12-08
HSDN00346,DN00371,2,"Bất động sản là nhà ở, đất ở",Doanh nghiệp,60.0,2026-11-10
HSDN00346,DN00371,3,Khoản phải thu,Doanh nghiệp,160.0,2026-12-11
HSDN00346,DN00371,4,"Bất động sản là nhà ở, đất ở",Doanh nghiệp,450.0,2026-12-04
HSDN00347,DN00372,1,"Bất động sản là nhà ở, đất ở",Doanh nghiệp,23880.0,2026-11-30
HSDN00347,DN00372,2,"Tiền gửi, sổ tiết kiệm bằng đồng Việt Nam tại FTA",Doanh nghiệp,122650.0,2026-11-26
HSDN00347,DN00372,3,"Bất động sản là nhà ở, đất ở",Doanh nghiệp,29760.0,2026-11-05
HSDN00347,DN00372,4,"Bất động sản là nhà ở, đất ở",Doanh nghiệp,3960.0,2026-12-09
HSDN00348,DN00373,1,"Bất động sản là nhà ở, đất ở",Doanh nghiệp,880.0,2026-12-12
HSDN00349,DN00374,1,"Bất động sản là nhà ở, đất ở",Doanh nghiệp,1530.0,2026-11-30
HSDN00349,DN00374,2,"Bất động sản là nhà ở, đất ở",Doanh nghiệp,1560.0,2026-11-14
HSDN00349,DN00374,3,"Bất động sản là nhà ở, đất ở",Doanh nghiệp,5240.0,2026-11-25
HSDN00350,DN00375,1,Máy móc thiết bị,Doanh nghiệp,1040.0,2026-11-29
HSDN00351,DN00376,1,"Tiền gửi, sổ tiết kiệm bằng đồng Việt Nam tại FTA",Bên thứ ba (người đại diện theo pháp luật),1300.0,2026-12-05
HSDN00353,DN00379,1,Máy móc thiết bị,Bên thứ ba (người đại diện theo pháp luật),980.0,2026-12-04
HSDN00355,DN00381,1,"Bất động sản là nhà ở, đất ở",Doanh nghiệp,38050.0,2026-11-11
HSDN00355,DN00381,2,"Tiền gửi, sổ tiết kiệm bằng đồng Việt Nam tại FTA",Doanh nghiệp,4730.0,2026-11-02
HSDN00356,DN00382,1,Phương tiện vận tải mới,Doanh nghiệp,14420.0,2026-11-07
HSDN00357,DN00383,1,Máy móc thiết bị,Doanh nghiệp,3240.0,2026-11-18
HSDN00357,DN00383,2,"Nhà xưởng, kho, đất sản xuất kinh doanh",Bên thứ ba (người đại diện theo pháp luật),3890.0,2026-12-09
HSDN00358,DN00384,1,"Bất động sản là nhà ở, đất ở",Doanh nghiệp,960.0,2026-12-06
HSDN00360,DN00386,1,Hàng tồn kho thanh khoản cao,Doanh nghiệp,40510.0,2026-11-25
HSDN00361,DN00387,1,"Bất động sản là nhà ở, đất ở",Bên thứ ba (người đại diện theo pháp luật),380.0,2026-11-05
HSDN00361,DN00387,2,"Tiền gửi, sổ tiết kiệm bằng đồng Việt Nam tại FTA",Doanh nghiệp,250.0,2026-12-20
HSDN00362,DN00388,1,"Bất động sản là nhà ở, đất ở",Doanh nghiệp,5490.0,2026-12-12
HSDN00363,DN00389,1,"Tiền gửi, sổ tiết kiệm bằng đồng Việt Nam tại FTA",Doanh nghiệp,360.0,2026-11-10
HSDN00364,DN00390,1,Khoản phải thu,Doanh nghiệp,240.0,2026-12-18
HSDN00364,DN00390,2,Phương tiện vận tải mới,Doanh nghiệp,3500.0,2026-12-11
HSDN00365,DN00391,1,Hàng tồn kho thanh khoản cao,Doanh nghiệp,1580.0,2026-11-21
HSDN00366,DN00392,1,Khoản phải thu,Doanh nghiệp,560.0,2026-11-05
HSDN00368,DN00394,1,"Bất động sản là nhà ở, đất ở",Doanh nghiệp,1030.0,2026-11-16
HSDN00369,DN00395,1,"Bất động sản là nhà ở, đất ở",Bên thứ ba (người đại diện theo pháp luật),1390.0,2026-11-20
HSDN00370,DN00396,1,"Bất động sản là nhà ở, đất ở",Doanh nghiệp,770.0,2026-11-25
HSDN00370,DN00396,2,Phương tiện vận tải mới,Doanh nghiệp,360.0,2026-12-09
HSDN00371,DN00397,1,"Tiền gửi, sổ tiết kiệm bằng đồng Việt Nam tại FTA",Doanh nghiệp,8710.0,2026-11-29
HSDN00372,DN00398,1,"Bất động sản là nhà ở, đất ở",Doanh nghiệp,1450.0,2026-12-05
HSDN00374,DN00400,1,Khoản phải thu,Doanh nghiệp,4360.0,2026-12-16
HSDN00376,DN00402,1,"Tiền gửi, sổ tiết kiệm bằng đồng Việt Nam tại FTA",Bên thứ ba (người đại diện theo pháp luật),2320.0,2026-11-08
HSDN00377,DN00403,1,"Bất động sản là nhà ở, đất ở",Doanh nghiệp,290.0,2026-11-26
HSDN00377,DN00403,2,"Bất động sản là nhà ở, đất ở",Doanh nghiệp,160.0,2026-12-10
HSDN00379,DN00405,1,"Bất động sản là nhà ở, đất ở",Doanh nghiệp,50.0,2026-12-17
HSDN00379,DN00405,2,Phương tiện vận tải mới,Doanh nghiệp,300.0,2026-11-18
HSDN00379,DN00405,3,Khoản phải thu,Doanh nghiệp,90.0,2026-12-10
HSDN00380,DN00406,1,"Tiền gửi, sổ tiết kiệm bằng đồng Việt Nam tại FTA",Doanh nghiệp,90.0,2026-11-05
HSDN00380,DN00406,2,Hàng tồn kho thanh khoản cao,Doanh nghiệp,50.0,2026-12-21
HSDN00382,DN00409,1,"Bất động sản là nhà ở, đất ở",Doanh nghiệp,187820.0,2026-11-06
HSDN00383,DN00410,1,Máy móc thiết bị,Doanh nghiệp,1430.0,2026-11-05
HSDN00384,DN00411,1,"Bất động sản là nhà ở, đất ở",Doanh nghiệp,310.0,2026-11-02
HSDN00385,DN00412,1,Hàng tồn kho thanh khoản thấp,Doanh nghiệp,2310.0,2026-12-01
HSDN00386,DN00413,1,Hàng tồn kho thanh khoản thấp,Doanh nghiệp,32360.0,2026-11-05
HSDN00386,DN00413,2,Hàng tồn kho thanh khoản thấp,Doanh nghiệp,31170.0,2026-11-02
HSDN00387,DN00415,1,"Bất động sản là nhà ở, đất ở",Bên thứ ba (người đại diện theo pháp luật),740.0,2026-11-30
HSDN00388,DN00416,1,Máy móc thiết bị,Bên thứ ba (người đại diện theo pháp luật),410.0,2026-12-01
HSDN00389,DN00417,1,Hàng tồn kho thanh khoản cao,Doanh nghiệp,30880.0,2026-12-14
HSDN00390,DN00418,1,Phương tiện vận tải đã qua sử dụng,Doanh nghiệp,36070.0,2026-11-10
HSDN00390,DN00418,2,Phương tiện vận tải đã qua sử dụng,Doanh nghiệp,13670.0,2026-11-12
HSDN00391,DN00419,1,Phương tiện vận tải mới,Doanh nghiệp,2150.0,2026-11-28
HSDN00391,DN00419,2,"Bất động sản là nhà ở, đất ở",Bên thứ ba (người đại diện theo pháp luật),50.0,2026-12-02
HSDN00391,DN00419,3,"Bất động sản là nhà ở, đất ở",Doanh nghiệp,2590.0,2026-12-06
HSDN00392,DN00420,1,"Bất động sản là nhà ở, đất ở",Doanh nghiệp,520.0,2026-12-16
HSDN00393,DN00421,1,"Bất động sản là nhà ở, đất ở",Doanh nghiệp,273310.0,2026-11-17
HSDN00393,DN00421,2,"Nhà xưởng, kho, đất sản xuất kinh doanh",Doanh nghiệp,28000.0,2026-11-27
HSDN00393,DN00421,3,Hàng tồn kho thanh khoản cao,Doanh nghiệp,170.0,2026-11-19
HSDN00394,DN00422,1,"Tiền gửi, sổ tiết kiệm bằng đồng Việt Nam tại FTA",Bên thứ ba (người đại diện theo pháp luật),2740.0,2026-12-12
HSDN00394,DN00422,2,"Tiền gửi, sổ tiết kiệm bằng đồng Việt Nam tại FTA",Doanh nghiệp,1020.0,2026-11-23
HSDN00395,DN00423,1,Máy móc thiết bị,Bên thứ ba (người đại diện theo pháp luật),80.0,2026-11-30
HSDN00395,DN00423,2,Hàng tồn kho thanh khoản thấp,Doanh nghiệp,110.0,2026-12-01
HSDN00395,DN00423,3,Khoản phải thu,Doanh nghiệp,330.0,2026-12-17
HSDN00396,DN00425,1,Hàng tồn kho thanh khoản thấp,Doanh nghiệp,920.0,2026-11-19
HSDN00397,DN00426,1,Máy móc thiết bị,Doanh nghiệp,5270.0,2026-11-13
HSDN00397,DN00426,2,"Nhà xưởng, kho, đất sản xuất kinh doanh",Doanh nghiệp,5870.0,2026-12-03
HSDN00397,DN00426,3,Máy móc thiết bị,Doanh nghiệp,2640.0,2026-11-28
HSDN00397,DN00426,4,Máy móc thiết bị,Doanh nghiệp,9340.0,2026-11-12
HSDN00398,DN00427,1,Phương tiện vận tải mới,Doanh nghiệp,170.0,2026-12-14
HSDN00398,DN00427,2,Phương tiện vận tải đã qua sử dụng,Doanh nghiệp,50.0,2026-11-23
HSDN00399,DN00428,1,Hàng tồn kho thanh khoản cao,Doanh nghiệp,1470.0,2026-12-14
HSDN00401,DN00431,1,Hàng tồn kho thanh khoản thấp,Doanh nghiệp,50.0,2026-11-26
HSDN00401,DN00431,2,"Bất động sản là nhà ở, đất ở",Doanh nghiệp,250.0,2026-11-17
HSDN00402,DN00432,1,"Bất động sản là nhà ở, đất ở",Bên thứ ba (người đại diện theo pháp luật),170.0,2026-11-04
HSDN00403,DN00433,1,"Bất động sản là nhà ở, đất ở",Doanh nghiệp,11410.0,2026-11-25
HSDN00405,DN00435,1,Hàng tồn kho thanh khoản cao,Doanh nghiệp,3110.0,2026-12-13
HSDN00405,DN00435,2,"Tiền gửi, sổ tiết kiệm bằng đồng Việt Nam tại FTA",Doanh nghiệp,4430.0,2026-12-10
HSDN00406,DN00436,1,Khoản phải thu,Doanh nghiệp,1700540.0,2026-12-12
HSDN00407,DN00437,1,"Bất động sản là nhà ở, đất ở",Doanh nghiệp,700.0,2026-11-03
HSDN00407,DN00437,2,Khoản phải thu,Doanh nghiệp,460.0,2026-12-07
HSDN00408,DN00438,1,Hàng tồn kho thanh khoản cao,Doanh nghiệp,2780.0,2026-11-12
HSDN00409,DN00439,1,Khoản phải thu,Doanh nghiệp,3960.0,2026-12-04
HSDN00409,DN00439,2,Phương tiện vận tải đã qua sử dụng,Doanh nghiệp,4130.0,2026-11-30
HSDN00409,DN00439,3,Hàng tồn kho thanh khoản cao,Doanh nghiệp,10090.0,2026-12-11
HSDN00409,DN00439,4,Hàng tồn kho thanh khoản thấp,Doanh nghiệp,11660.0,2026-11-26
HSDN00410,DN00440,1,"Bất động sản là nhà ở, đất ở",Bên thứ ba (người đại diện theo pháp luật),474520.0,2026-12-04
HSDN00410,DN00440,2,Phương tiện vận tải đã qua sử dụng,Doanh nghiệp,127440.0,2026-11-26
HSDN00410,DN00440,3,Hàng tồn kho thanh khoản cao,Doanh nghiệp,47500.0,2026-12-08
HSDN00412,DN00442,1,Phương tiện vận tải mới,Doanh nghiệp,21380.0,2026-12-07
HSDN00412,DN00442,2,"Tiền gửi, sổ tiết kiệm bằng đồng Việt Nam tại FTA",Doanh nghiệp,13470.0,2026-12-19
HSDN00413,DN00443,1,Phương tiện vận tải đã qua sử dụng,Doanh nghiệp,1110.0,2026-12-20
HSDN00414,DN00445,1,Khoản phải thu,Doanh nghiệp,4670.0,2026-12-06
HSDN00415,DN00446,1,Hàng tồn kho thanh khoản cao,Doanh nghiệp,1980.0,2026-11-11
HSDN00416,DN00447,1,Phương tiện vận tải mới,Doanh nghiệp,860.0,2026-11-27
HSDN00416,DN00447,2,"Bất động sản là nhà ở, đất ở",Doanh nghiệp,1420.0,2026-11-14
HSDN00416,DN00447,3,"Bất động sản là nhà ở, đất ở",Bên thứ ba (người đại diện theo pháp luật),73310.0,2026-11-07
HSDN00417,DN00448,1,Khoản phải thu,Doanh nghiệp,920.0,2026-12-21
HSDN00419,DN00450,1,Khoản phải thu,Doanh nghiệp,44360.0,2026-11-04
HSDN00421,DN00452,1,"Bất động sản là nhà ở, đất ở",Bên thứ ba (người đại diện theo pháp luật),880.0,2026-12-15
HSDN00422,DN00453,1,"Bất động sản là nhà ở, đất ở",Doanh nghiệp,600.0,2026-11-27
HSDN00422,DN00453,2,"Bất động sản là nhà ở, đất ở",Doanh nghiệp,410.0,2026-12-10
HSDN00423,DN00454,1,"Nhà xưởng, kho, đất sản xuất kinh doanh",Doanh nghiệp,190.0,2026-12-09
HSDN00423,DN00454,2,"Bất động sản là nhà ở, đất ở",Doanh nghiệp,120.0,2026-11-07
HSDN00424,DN00455,1,"Bất động sản là nhà ở, đất ở",Bên thứ ba (người đại diện theo pháp luật),17680.0,2026-12-09
HSDN00424,DN00455,2,"Bất động sản là nhà ở, đất ở",Doanh nghiệp,250.0,2026-12-08
HSDN00426,DN00457,1,Khoản phải thu,Doanh nghiệp,1320.0,2026-11-09
HSDN00427,DN00458,1,"Nhà xưởng, kho, đất sản xuất kinh doanh",Bên thứ ba (người đại diện theo pháp luật),1580.0,2026-11-17
HSDN00427,DN00458,2,Khoản phải thu,Doanh nghiệp,1000.0,2026-11-16
HSDN00428,DN00459,1,"Bất động sản là nhà ở, đất ở",Doanh nghiệp,12460.0,2026-11-11
HSDN00428,DN00459,2,Hàng tồn kho thanh khoản thấp,Doanh nghiệp,27610.0,2026-11-24
HSDN00429,DN00460,1,Khoản phải thu,Doanh nghiệp,1530.0,2026-12-02
HSDN00430,DN00461,1,"Bất động sản là nhà ở, đất ở",Doanh nghiệp,910.0,2026-12-12
HSDN00431,DN00462,1,"Bất động sản là nhà ở, đất ở",Doanh nghiệp,75030.0,2026-12-07
HSDN00433,DN00464,1,"Bất động sản là nhà ở, đất ở",Bên thứ ba (người đại diện theo pháp luật),39360.0,2026-12-17
HSDN00433,DN00464,2,Khoản phải thu,Doanh nghiệp,8130.0,2026-11-17
HSDN00434,DN00465,1,Máy móc thiết bị,Doanh nghiệp,1420.0,2026-12-19
HSDN00434,DN00465,2,Phương tiện vận tải mới,Doanh nghiệp,450.0,2026-12-13
HSDN00435,DN00466,1,"Nhà xưởng, kho, đất sản xuất kinh doanh",Doanh nghiệp,4140.0,2026-12-07
HSDN00436,DN00467,1,Hàng tồn kho thanh khoản cao,Doanh nghiệp,1820.0,2026-11-11
HSDN00437,DN00468,1,Khoản phải thu,Doanh nghiệp,2030.0,2026-12-03
HSDN00437,DN00468,2,"Bất động sản là nhà ở, đất ở",Bên thứ ba (người đại diện theo pháp luật),3790.0,2026-11-14
HSDN00438,DN00469,1,"Bất động sản là nhà ở, đất ở",Doanh nghiệp,23610.0,2026-11-12
HSDN00439,DN00470,1,"Bất động sản là nhà ở, đất ở",Bên thứ ba (người đại diện theo pháp luật),2630.0,2026-11-02
HSDN00439,DN00470,2,"Bất động sản là nhà ở, đất ở",Doanh nghiệp,4150.0,2026-11-06
HSDN00440,DN00471,1,"Bất động sản là nhà ở, đất ở",Bên thứ ba (người đại diện theo pháp luật),37060.0,2026-12-05
HSDN00441,DN00472,1,"Bất động sản là nhà ở, đất ở",Bên thứ ba (người đại diện theo pháp luật),3880.0,2026-12-18
HSDN00443,DN00474,1,Hàng tồn kho thanh khoản cao,Doanh nghiệp,7700.0,2026-11-20
HSDN00443,DN00474,2,Hàng tồn kho thanh khoản cao,Doanh nghiệp,2530.0,2026-12-21
HSDN00443,DN00474,3,Phương tiện vận tải đã qua sử dụng,Doanh nghiệp,15540.0,2026-12-16
HSDN00443,DN00474,4,Hàng tồn kho thanh khoản thấp,Doanh nghiệp,850.0,2026-12-19
HSDN00444,DN00475,1,"Bất động sản là nhà ở, đất ở",Doanh nghiệp,600.0,2026-12-19
HSDN00445,DN00476,1,Hàng tồn kho thanh khoản cao,Doanh nghiệp,320.0,2026-11-24
HSDN00446,DN00477,1,Máy móc thiết bị,Bên thứ ba (người đại diện theo pháp luật),3900.0,2026-12-11
HSDN00447,DN00478,1,Phương tiện vận tải đã qua sử dụng,Doanh nghiệp,830.0,2026-11-03
HSDN00447,DN00478,2,"Tiền gửi, sổ tiết kiệm bằng đồng Việt Nam tại FTA",Bên thứ ba (người đại diện theo pháp luật),450.0,2026-12-05
HSDN00448,DN00479,1,"Bất động sản là nhà ở, đất ở",Bên thứ ba (người đại diện theo pháp luật),150.0,2026-11-03
HSDN00448,DN00479,2,"Bất động sản là nhà ở, đất ở",Doanh nghiệp,500.0,2026-12-16
HSDN00449,DN00480,1,Hàng tồn kho thanh khoản cao,Doanh nghiệp,350.0,2026-11-10
HSDN00449,DN00480,2,"Bất động sản là nhà ở, đất ở",Doanh nghiệp,60.0,2026-11-06
HSDN00450,DN00481,1,"Bất động sản là nhà ở, đất ở",Bên thứ ba (người đại diện theo pháp luật),2180.0,2026-12-16
HSDN00451,DN00483,1,"Bất động sản là nhà ở, đất ở",Doanh nghiệp,29190.0,2026-11-20
HSDN00451,DN00483,2,Hàng tồn kho thanh khoản cao,Doanh nghiệp,4810.0,2026-11-13
HSDN00452,DN00484,1,Máy móc thiết bị,Doanh nghiệp,1610.0,2026-12-17
HSDN00454,DN00486,1,Khoản phải thu,Doanh nghiệp,6290.0,2026-12-15
HSDN00456,DN00488,1,Hàng tồn kho thanh khoản thấp,Doanh nghiệp,690.0,2026-11-28
HSDN00457,DN00489,1,"Tiền gửi, sổ tiết kiệm bằng đồng Việt Nam tại FTA",Doanh nghiệp,1190.0,2026-12-02
HSDN00458,DN00490,1,"Tiền gửi, sổ tiết kiệm bằng đồng Việt Nam tại FTA",Bên thứ ba (người đại diện theo pháp luật),6580.0,2026-12-04
HSDN00458,DN00490,2,"Bất động sản là nhà ở, đất ở",Doanh nghiệp,3080.0,2026-11-12
HSDN00459,DN00491,1,"Bất động sản là nhà ở, đất ở",Doanh nghiệp,1830.0,2026-11-18
HSDN00459,DN00491,2,"Bất động sản là nhà ở, đất ở",Bên thứ ba (người đại diện theo pháp luật),2250.0,2026-12-13
HSDN00460,DN00492,1,Khoản phải thu,Doanh nghiệp,460.0,2026-12-17
HSDN00461,DN00494,1,Phương tiện vận tải mới,Bên thứ ba (người đại diện theo pháp luật),120.0,2026-11-19
HSDN00461,DN00494,2,"Bất động sản là nhà ở, đất ở",Bên thứ ba (người đại diện theo pháp luật),140.0,2026-11-29
HSDN00462,DN00495,1,"Tiền gửi, sổ tiết kiệm bằng đồng Việt Nam tại FTA",Bên thứ ba (người đại diện theo pháp luật),14880.0,2026-12-03
HSDN00462,DN00495,2,"Bất động sản là nhà ở, đất ở",Doanh nghiệp,74450.0,2026-11-29
HSDN00463,DN00496,1,Hàng tồn kho thanh khoản cao,Doanh nghiệp,720.0,2026-12-13
HSDN00463,DN00496,2,"Bất động sản là nhà ở, đất ở",Bên thứ ba (người đại diện theo pháp luật),1160.0,2026-11-29
HSDN00463,DN00496,3,"Bất động sản là nhà ở, đất ở",Doanh nghiệp,370.0,2026-11-04
HSDN00464,DN00497,1,Hàng tồn kho thanh khoản cao,Doanh nghiệp,680.0,2026-11-04
HSDN00465,DN00498,1,Khoản phải thu,Doanh nghiệp,1290.0,2026-11-15
HSDN00466,DN00499,1,Khoản phải thu,Doanh nghiệp,930.0,2026-11-23
HSDN00466,DN00499,2,Khoản phải thu,Doanh nghiệp,90.0,2026-11-16
HSDN00467,DN00500,1,"Bất động sản là nhà ở, đất ở",Doanh nghiệp,92700.0,2026-12-05
HSDN00467,DN00500,2,"Bất động sản là nhà ở, đất ở",Doanh nghiệp,29390.0,2026-12-05
HSDN00467,DN00500,3,"Bất động sản là nhà ở, đất ở",Doanh nghiệp,44310.0,2026-11-26
