nganh,quy_mo,chi_tieu,A,B,C,D
Công nghiệp,Lớn,tt_hien_hanh,1.71,1.45,1.27,1.11
Công nghiệp,Lớn,tt_nhanh,0.97,0.83,0.72,0.62
Công nghiệp,Lớn,vq_htk,4.9,3.7,2.9,2.1
Công nghiệp,Lớn,ky_thu_tien,41.0,60.0,77.0,106.0
Công nghiệp,Lớn,hieu_suat_ts,1.12,0.88,0.74,0.63
Công nghiệp,Lớn,no_tts,0.56,0.66,0.72,0.8
Công nghiệp,Lớn,no_vcsh,1.26,1.94,2.55,3.94
Công nghiệp,Lớn,ln_dt,0.081,0.06,0.043,0.027
Công nghiệp,Lớn,ln_tts,0.073,0.049,0.034,0.021
Công nghiệp,Lớn,ln_vcsh,0.235,0.151,0.106,0.062
Công nghiệp,Nhỏ,tt_hien_hanh,1.81,1.56,1.34,1.17
Công nghiệp,Nhỏ,tt_nhanh,1.09,0.9,0.76,0.63
Công nghiệp,Nhỏ,vq_htk,5.4,4.1,3.2,2.5
Công nghiệp,Nhỏ,ky_thu_tien,37.0,52.0,68.0,92.0
Công nghiệp,Nhỏ,hieu_suat_ts,1.25,1.01,0.85,0.69
Công nghiệp,Nhỏ,no_tts,0.4,0.5,0.58,0.67
Công nghiệp,Nhỏ,no_vcsh,0.67,1.01,1.37,2.0
Công nghiệp,Nhỏ,ln_dt,0.074,0.049,0.036,0.024
Công nghiệp,Nhỏ,ln_tts,0.074,0.048,0.032,0.022
Công nghiệp,Nhỏ,ln_vcsh,0.149,0.1,0.07,0.046
Công nghiệp,Siêu nhỏ,tt_hien_hanh,1.98,1.63,1.42,1.21
Công nghiệp,Siêu nhỏ,tt_nhanh,1.19,0.96,0.82,0.67
Công nghiệp,Siêu nhỏ,vq_htk,4.4,3.2,2.6,1.9
Công nghiệp,Siêu nhỏ,ky_thu_tien,46.0,67.0,88.0,123.0
Công nghiệp,Siêu nhỏ,hieu_suat_ts,0.99,0.79,0.67,0.54
Công nghiệp,Siêu nhỏ,no_tts,0.33,0.42,0.49,0.57
Công nghiệp,Siêu nhỏ,no_vcsh,0.49,0.74,0.97,1.35
Công nghiệp,Siêu nhỏ,ln_dt,0.065,0.044,0.031,0.022
Công nghiệp,Siêu nhỏ,ln_tts,0.052,0.032,0.022,0.016
Công nghiệp,Siêu nhỏ,ln_vcsh,0.088,0.056,0.04,0.028
Công nghiệp,Vừa,tt_hien_hanh,1.77,1.52,1.28,1.09
Công nghiệp,Vừa,tt_nhanh,1.03,0.86,0.75,0.61
Công nghiệp,Vừa,vq_htk,5.8,4.2,3.1,2.5
Công nghiệp,Vừa,ky_thu_tien,36.0,51.0,69.0,93.0
Công nghiệp,Vừa,hieu_suat_ts,1.27,1.04,0.86,0.71
Công nghiệp,Vừa,no_tts,0.49,0.57,0.64,0.72
Công nghiệp,Vừa,no_vcsh,0.95,1.31,1.78,2.57
Công nghiệp,Vừa,ln_dt,0.079,0.055,0.039,0.028
Công nghiệp,Vừa,ln_tts,0.079,0.055,0.038,0.025
Công nghiệp,Vừa,ln_vcsh,0.2,0.129,0.091,0.061
"Nông, lâm nghiệp và thủy sản",Lớn,tt_hien_hanh,1.67,1.51,1.29,1.06
"Nông, lâm nghiệp và thủy sản",Lớn,tt_nhanh,0.92,0.84,0.73,0.59
"Nông, lâm nghiệp và thủy sản",Lớn,vq_htk,1.9,1.5,1.1,0.8
"Nông, lâm nghiệp và thủy sản",Lớn,ky_thu_tien,91.0,130.0,171.0,236.0
"Nông, lâm nghiệp và thủy sản",Lớn,hieu_suat_ts,0.44,0.38,0.3,0.24
"Nông, lâm nghiệp và thủy sản",Lớn,no_tts,0.59,0.67,0.72,0.78
"Nông, lâm nghiệp và thủy sản",Lớn,no_vcsh,1.44,2.01,2.61,3.5
"Nông, lâm nghiệp và thủy sản",Lớn,ln_dt,0.067,0.048,0.031,0.024
"Nông, lâm nghiệp và thủy sản",Lớn,ln_tts,0.024,0.015,0.012,0.007
"Nông, lâm nghiệp và thủy sản",Lớn,ln_vcsh,0.082,0.051,0.037,0.024
"Nông, lâm nghiệp và thủy sản",Nhỏ,tt_hien_hanh,1.8,1.56,1.33,1.13
"Nông, lâm nghiệp và thủy sản",Nhỏ,tt_nhanh,1.01,0.84,0.7,0.6
"Nông, lâm nghiệp và thủy sản",Nhỏ,vq_htk,2.0,1.6,1.2,0.9
"Nông, lâm nghiệp và thủy sản",Nhỏ,ky_thu_tien,81.0,116.0,158.0,231.0
"Nông, lâm nghiệp và thủy sản",Nhỏ,hieu_suat_ts,0.45,0.38,0.31,0.25
"Nông, lâm nghiệp và thủy sản",Nhỏ,no_tts,0.41,0.5,0.58,0.65
"Nông, lâm nghiệp và thủy sản",Nhỏ,no_vcsh,0.69,1.02,1.39,1.87
"Nông, lâm nghiệp và thủy sản",Nhỏ,ln_dt,0.058,0.04,0.028,0.02
"Nông, lâm nghiệp và thủy sản",Nhỏ,ln_tts,0.021,0.014,0.009,0.006
"Nông, lâm nghiệp và thủy sản",Nhỏ,ln_vcsh,0.046,0.029,0.019,0.012
"Nông, lâm nghiệp và thủy sản",Siêu nhỏ,tt_hien_hanh,1.97,1.67,1.43,1.23
"Nông, lâm nghiệp và thủy sản",Siêu nhỏ,tt_nhanh,1.16,0.93,0.78,0.62
"Nông, lâm nghiệp và thủy sản",Siêu nhỏ,vq_htk,1.8,1.2,1.0,0.7
"Nông, lâm nghiệp và thủy sản",Siêu nhỏ,ky_thu_tien,104.0,138.0,188.0,249.0
"Nông, lâm nghiệp và thủy sản",Siêu nhỏ,hieu_suat_ts,0.37,0.3,0.25,0.21
"Nông, lâm nghiệp và thủy sản",Siêu nhỏ,no_tts,0.3,0.41,0.48,0.57
"Nông, lâm nghiệp và thủy sản",Siêu nhỏ,no_vcsh,0.44,0.7,0.93,1.35
"Nông, lâm nghiệp và thủy sản",Siêu nhỏ,ln_dt,0.054,0.04,0.028,0.02
"Nông, lâm nghiệp và thủy sản",Siêu nhỏ,ln_tts,0.019,0.011,0.007,0.005
"Nông, lâm nghiệp và thủy sản",Siêu nhỏ,ln_vcsh,0.031,0.022,0.013,0.008
"Nông, lâm nghiệp và thủy sản",Vừa,tt_hien_hanh,1.8,1.55,1.36,1.17
"Nông, lâm nghiệp và thủy sản",Vừa,tt_nhanh,1.0,0.81,0.72,0.56
"Nông, lâm nghiệp và thủy sản",Vừa,vq_htk,2.1,1.7,1.2,0.8
"Nông, lâm nghiệp và thủy sản",Vừa,ky_thu_tien,81.0,97.0,133.0,177.0
"Nông, lâm nghiệp và thủy sản",Vừa,hieu_suat_ts,0.5,0.36,0.33,0.27
"Nông, lâm nghiệp và thủy sản",Vừa,no_tts,0.56,0.62,0.67,0.72
"Nông, lâm nghiệp và thủy sản",Vừa,no_vcsh,1.26,1.65,2.05,2.53
"Nông, lâm nghiệp và thủy sản",Vừa,ln_dt,0.061,0.046,0.036,0.027
"Nông, lâm nghiệp và thủy sản",Vừa,ln_tts,0.024,0.017,0.012,0.009
"Nông, lâm nghiệp và thủy sản",Vừa,ln_vcsh,0.074,0.05,0.036,0.02
Thương mại và dịch vụ,Lớn,tt_hien_hanh,1.74,1.48,1.3,1.13
Thương mại và dịch vụ,Lớn,tt_nhanh,1.32,1.07,0.86,0.7
Thương mại và dịch vụ,Lớn,vq_htk,8.5,5.9,4.4,3.3
Thương mại và dịch vụ,Lớn,ky_thu_tien,49.0,74.0,108.0,161.0
Thương mại và dịch vụ,Lớn,hieu_suat_ts,1.67,1.28,0.98,0.71
Thương mại và dịch vụ,Lớn,no_tts,0.6,0.69,0.75,0.82
Thương mại và dịch vụ,Lớn,no_vcsh,1.51,2.17,3.04,4.52
Thương mại và dịch vụ,Lớn,ln_dt,0.065,0.036,0.023,0.014
Thương mại và dịch vụ,Lớn,ln_tts,0.063,0.038,0.025,0.016
Thương mại và dịch vụ,Lớn,ln_vcsh,0.218,0.138,0.095,0.06
Thương mại và dịch vụ,Nhỏ,tt_hien_hanh,1.89,1.6,1.4,1.21
Thương mại và dịch vụ,Nhỏ,tt_nhanh,1.43,1.13,0.93,0.75
Thương mại và dịch vụ,Nhỏ,vq_htk,9.7,6.4,4.8,3.5
Thương mại và dịch vụ,Nhỏ,ky_thu_tien,44.0,68.0,100.0,147.0
Thương mại và dịch vụ,Nhỏ,hieu_suat_ts,1.84,1.39,1.06,0.76
Thương mại và dịch vụ,Nhỏ,no_tts,0.47,0.56,0.63,0.72
Thương mại và dịch vụ,Nhỏ,no_vcsh,0.89,1.28,1.72,2.52
Thương mại và dịch vụ,Nhỏ,ln_dt,0.058,0.033,0.02,0.012
Thương mại và dịch vụ,Nhỏ,ln_tts,0.06,0.038,0.025,0.016
Thương mại và dịch vụ,Nhỏ,ln_vcsh,0.138,0.089,0.06,0.039
Thương mại và dịch vụ,Siêu nhỏ,tt_hien_hanh,2.07,1.72,1.5,1.29
Thương mại và dịch vụ,Siêu nhỏ,tt_nhanh,1.55,1.22,1.01,0.82
Thương mại và dịch vụ,Siêu nhỏ,vq_htk,7.8,5.1,3.8,2.8
Thương mại và dịch vụ,Siêu nhỏ,ky_thu_tien,56.0,88.0,129.0,191.0
Thương mại và dịch vụ,Siêu nhỏ,hieu_suat_ts,1.46,1.1,0.81,0.6
Thương mại và dịch vụ,Siêu nhỏ,no_tts,0.39,0.48,0.56,0.64
Thương mại và dịch vụ,Siêu nhỏ,no_vcsh,0.63,0.94,1.27,1.8
Thương mại và dịch vụ,Siêu nhỏ,ln_dt,0.051,0.031,0.018,0.011
Thương mại và dịch vụ,Siêu nhỏ,ln_tts,0.042,0.027,0.018,0.012
Thương mại và dịch vụ,Siêu nhỏ,ln_vcsh,0.084,0.053,0.036,0.023
Thương mại và dịch vụ,Vừa,tt_hien_hanh,1.85,1.56,1.35,1.17
Thương mại và dịch vụ,Vừa,tt_nhanh,1.39,1.1,0.89,0.73
Thương mại và dịch vụ,Vừa,vq_htk,9.3,6.4,4.8,3.5
Thương mại và dịch vụ,Vừa,ky_thu_tien,44.0,67.0,99.0,151.0
Thương mại và dịch vụ,Vừa,hieu_suat_ts,1.87,1.41,1.06,0.74
Thương mại và dịch vụ,Vừa,no_tts,0.52,0.61,0.68,0.75
Thương mại và dịch vụ,Vừa,no_vcsh,1.07,1.53,2.11,3.07
Thương mại và dịch vụ,Vừa,ln_dt,0.065,0.036,0.021,0.013
Thương mại và dịch vụ,Vừa,ln_tts,0.062,0.042,0.028,0.017
Thương mại và dịch vụ,Vừa,ln_vcsh,0.168,0.111,0.077,0.051
Xây dựng,Lớn,tt_hien_hanh,1.52,1.32,1.19,1.06
Xây dựng,Lớn,tt_nhanh,1.02,0.9,0.77,0.68
Xây dựng,Lớn,vq_htk,3.0,2.1,1.6,1.1
Xây dựng,Lớn,ky_thu_tien,149.0,193.0,231.0,313.0
Xây dựng,Lớn,hieu_suat_ts,0.65,0.56,0.47,0.37
Xây dựng,Lớn,no_tts,0.63,0.73,0.79,0.85
Xây dựng,Lớn,no_vcsh,1.7,2.68,3.8,5.67
Xây dựng,Lớn,ln_dt,0.048,0.037,0.029,0.022
Xây dựng,Lớn,ln_tts,0.027,0.018,0.014,0.009
Xây dựng,Lớn,ln_vcsh,0.122,0.084,0.052,0.033
Xây dựng,Nhỏ,tt_hien_hanh,1.7,1.48,1.3,1.15
Xây dựng,Nhỏ,tt_nhanh,1.19,1.0,0.87,0.74
Xây dựng,Nhỏ,vq_htk,3.3,2.4,1.9,1.4
Xây dựng,Nhỏ,ky_thu_tien,128.0,171.0,212.0,274.0
Xây dựng,Nhỏ,hieu_suat_ts,0.74,0.61,0.51,0.41
Xây dựng,Nhỏ,no_tts,0.5,0.59,0.65,0.73
Xây dựng,Nhỏ,no_vcsh,1.02,1.43,1.88,2.64
Xây dựng,Nhỏ,ln_dt,0.043,0.029,0.021,0.015
Xây dựng,Nhỏ,ln_tts,0.024,0.017,0.012,0.007
Xây dựng,Nhỏ,ln_vcsh,0.068,0.043,0.028,0.019
Xây dựng,Siêu nhỏ,tt_hien_hanh,1.89,1.61,1.4,1.25
Xây dựng,Siêu nhỏ,tt_nhanh,1.33,1.08,0.94,0.8
Xây dựng,Siêu nhỏ,vq_htk,2.6,1.9,1.4,1.1
Xây dựng,Siêu nhỏ,ky_thu_tien,160.0,220.0,280.0,363.0
Xây dựng,Siêu nhỏ,hieu_suat_ts,0.58,0.47,0.39,0.32
Xây dựng,Siêu nhỏ,no_tts,0.42,0.51,0.59,0.65
Xây dựng,Siêu nhỏ,no_vcsh,0.73,1.06,1.44,1.89
Xây dựng,Siêu nhỏ,ln_dt,0.038,0.026,0.02,0.014
Xây dựng,Siêu nhỏ,ln_tts,0.018,0.012,0.008,0.005
Xây dựng,Siêu nhỏ,ln_vcsh,0.039,0.025,0.018,0.011
Xây dựng,Vừa,tt_hien_hanh,1.56,1.36,1.22,1.09
Xây dựng,Vừa,tt_nhanh,1.08,0.93,0.81,0.71
Xây dựng,Vừa,vq_htk,3.6,2.7,2.1,1.4
Xây dựng,Vừa,ky_thu_tien,123.0,162.0,204.0,244.0
Xây dựng,Vừa,hieu_suat_ts,0.83,0.66,0.56,0.46
Xây dựng,Vừa,no_tts,0.59,0.67,0.71,0.78
Xây dựng,Vừa,no_vcsh,1.44,1.99,2.48,3.45
Xây dựng,Vừa,ln_dt,0.05,0.033,0.024,0.017
Xây dựng,Vừa,ln_tts,0.033,0.02,0.014,0.01
Xây dựng,Vừa,ln_vcsh,0.105,0.065,0.043,0.029
