ma_kh,ho_ten,ngay_sinh,gioi_tinh,so_giay_to,tinh_thanh,nghe_nghiep,phan_khuc,loai_khach_hang,chi_nhanh_quan_ly,ngay_mo_quan_he,kenh_dang_ky,trang_thai,canh_bao_gian_lan,cong_nhan_dac_biet,dien_thoai,email,so_gd,doanh_so,gd_lon_nhat,so_thang_hd,thang_gd_cuoi,ty_trong_kenh_so,nhom_doanh_so,muc_dich_chinh,gd_bq_thang,thang_tu_gd_cuoi,nhom,ten_nhom,nhom_no,muc_rui_ro,tien_gui,so_sp,so_du_tktt_bq3,tong_tai_san_bq3,khach_uu_tien,diem_uu_tien
KH000020,Hồ Xuân Yến,1996-02-26,Nữ,70024531720,Bình Dương,Kinh doanh tự do,Phổ thông,Cá nhân,CN TP Hồ Chí Minh,2023-11-02,Tại quầy,Đang hoạt động,Không,Không,0343222861,kh000020@email.vn,214,2991203554,62910003,12,12,0.6682242990654206,Cao,Đa mục đích,17.833333333333332,0,4,Số hóa cao,1.0,Thấp,1408000000.0,3,100540279.0,1508540279.0,Có,49.287499999999994
KH000135,Vũ Tuấn Bình,2006-02-13,Nam,84763667657,Hà Nội,Công chức,Phổ thông,Cá nhân,CN Cầu Giấy,2025-08-02,Tại quầy,Đang hoạt động,Không,Không,0544037844,kh000135@email.vn,36,746147000,81326000,4,11,0.7222222222222222,Khá,Tiền mặt,3.0,1,0,Dùng theo đợt,1.0,Thấp,1296000000.0,2,44353576.0,1340353576.0,Có,67.62499999999999
KH000192,Hoàng Xuân Cường,1965-05-02,Nữ,26029105051,Thái Bình,Công nhân,Phổ thông,Cá nhân,CN Bình Dương,2016-09-05,Trực tuyến,Đang hoạt động,Không,Không,0622976916,kh000192@email.vn,24,397829259,26645000,12,12,0.0833333333333333,Trung bình,Nhận lương,2.0,0,2,Quầy truyền thống,1.0,Thấp,501000000.0,2,214786106.0,715786106.0,Không,54.25
KH000127,Hoàng Ngọc Nga,1999-11-22,Nữ,50293843570,Thái Bình,Lái xe,Phổ thông,Cá nhân,CN TP Hồ Chí Minh,2023-04-03,Trực tuyến,Đang hoạt động,Không,Không,0374073875,kh000127@email.vn,260,650236328,16114512,12,12,0.6923076923076923,Khá,"Thanh toán, chi tiêu",21.666666666666668,0,4,Số hóa cao,1.0,Thấp,458000000.0,2,7572678.333333333,465572678.3333333,Không,50.050000000000004
KH000116,Đỗ Thị Hùng,1960-07-09,Nam,70746066219,Đồng Nai,Công chức,Phổ thông,Cá nhân,CN TP Hồ Chí Minh,2015-06-07,Trực tuyến,Đang hoạt động,Không,Không,0511705945,kh000116@email.vn,43,397944000,37592000,4,11,0.5813953488372093,Trung bình,"Thanh toán, chi tiêu",3.583333333333333,1,0,Dùng theo đợt,1.0,Thấp,1906000000.0,2,7405085.0,1913405085.0,Có,69.89999999999999
KH000181,Tô Ngọc Linh,1955-01-04,Nam,57406799469,Đồng Nai,Bác sĩ,Phổ thông,Cá nhân,CN Hoàn Kiếm,2016-05-06,Tại quầy,Đang hoạt động,Không,Không,0693077378,kh000181@email.vn,125,48911000,2373000,12,12,0.576,Thấp,"Thanh toán, chi tiêu",10.416666666666666,0,1,Giao dịch đều đặn,1.0,Thấp,22000000.0,2,223653.33333333334,22223653.333333332,Không,31.5
KH000079,Huỳnh Khánh Quân,1984-10-19,Nữ,36381060494,Quảng Ninh,Kế toán,Phổ thông,Cá nhân,CN Hải Phòng,2020-01-04,Trực tuyến,Đang hoạt động,Không,Không,0494265181,kh000079@email.vn,268,1498681608,39168000,12,12,0.7164179104477612,Cao,Đa mục đích,22.33333333333333,0,4,Số hóa cao,1.0,Thấp,1749000000.0,2,8321649.666666667,1757321649.6666667,Có,60.724999999999994
KH000176,Lê Quang Dũng,1976-07-04,Nữ,85353695753,Thanh Hóa,Hưu trí,Phổ thông,Cá nhân,CN Hải Phòng,2024-06-02,Trực tuyến,Đang hoạt động,Không,Không,0800876415,kh000176@email.vn,237,280860842,12243107,12,12,0.7552742616033755,Trung bình,Nhận lương,19.75,0,4,Số hóa cao,1.0,Thấp,0.0,1,73330965.0,73330965.0,Không,46.60000000000001
KH000120,Phạm Xuân Mai,1979-08-02,Nam,29401998027,Thanh Hóa,Kinh doanh tự do,Phổ thông,Cá nhân,CN Hải Phòng,2026-10-01,Trực tuyến,Đang hoạt động,Không,Không,0671372115,kh000120@email.vn,38,85451180,9095184,3,12,0.5789473684210527,Thấp,Đa mục đích,3.1666666666666665,0,0,Dùng theo đợt,1.0,Thấp,29000000.0,2,67469752.0,96469752.0,Không,38.14999999999999
KH000189,Trần Thị Đạt,1982-07-21,Nam,33885723409,Thái Bình,Hưu trí,Phổ thông,Cá nhân,CN Bình Dương,2018-03-06,Tại quầy,Đang hoạt động,Không,Không,0538271043,kh000189@email.vn,115,6538666599,391434000,12,12,0.5130434782608696,Cao,"Thanh toán, chi tiêu",9.583333333333334,0,1,Giao dịch đều đặn,1.0,Thấp,9647000000.0,3,159957772.66666666,9806957772.666666,Có,54.1875
KH000190,Đặng Tuấn Hiếu,1970-06-22,Nam,22532667250,Hà Nội,Công nhân,Phổ thông,Cá nhân,CN Thanh Xuân,2017-01-04,Tại quầy,Đang hoạt động,Không,Không,0399310669,kh000190@email.vn,53,3606187268,176627000,12,12,0.2641509433962264,Cao,Đa mục đích,4.416666666666667,0,2,Quầy truyền thống,1.0,Thấp,2833000000.0,2,123638218.66666667,2956638218.6666665,Có,62.64999999999999
KH000179,Tô Ngọc Việt,1952-10-04,Nữ,61494537887,Hà Nội,Kế toán,Phổ thông,Cá nhân,CN Quận 1,2015-02-05,Tại quầy,Đang hoạt động,Không,Không,0608632361,kh000179@email.vn,33,687099556,30304972,12,12,0.0303030303030303,Khá,Nhận lương,2.75,0,2,Quầy truyền thống,1.0,Thấp,573000000.0,2,217422295.33333334,790422295.3333334,Không,54.775
KH000153,Hồ Ngọc Trang,1991-05-27,Nam,18236597658,Cần Thơ,Nhân viên văn phòng,Phổ thông,Cá nhân,CN Hải Phòng,2022-04-04,Tại quầy,Đang hoạt động,Không,Không,0478338445,kh000153@email.vn,267,260871000,22169000,12,12,0.7602996254681648,Trung bình,"Thanh toán, chi tiêu",22.25,0,4,Số hóa cao,1.0,Thấp,1029000000.0,2,261407.66666666666,1029261407.6666666,Có,57.4
KH000197,Hoàng Đức Cường,1988-07-14,Nam,66157259915,Quảng Ninh,Công chức,Ưu tiên,Cá nhân,CN Quận 1,2025-07-02,Tại quầy,Đang hoạt động,Không,Không,0540047473,kh000197@email.vn,105,2993017071,122940000,12,12,0.6190476190476191,Cao,"Thanh toán, chi tiêu",8.75,0,1,Giao dịch đều đặn,1.0,Thấp,1908000000.0,3,86574724.33333333,1994574724.3333333,Có,51.21249999999999
KH000023,Lê Anh Bình,1981-05-27,Nữ,73424912141,Nam Định,Kỹ sư,Phổ thông,Cá nhân,CN Cần Thơ,2020-02-03,Trực tuyến,Đang hoạt động,Không,Không,0932889916,kh000023@email.vn,109,787244101,20625276,12,12,0.4862385321100917,Khá,Đa mục đích,9.083333333333334,0,1,Giao dịch đều đặn,1.0,Thấp,517000000.0,3,13975029.0,530975029.0,Không,40.012499999999996
KH000034,Trương Bá Sơn,1992-04-15,Nữ,75688819129,Nghệ An,Nhân viên văn phòng,Phổ thông,Cá nhân,CN Bình Dương,2017-02-04,Tại quầy,Đang hoạt động,Không,Không,0483123367,kh000034@email.vn,198,346466326,8322402,12,12,0.7171717171717171,Trung bình,"Thanh toán, chi tiêu",16.5,0,4,Số hóa cao,1.0,Thấp,0.0,1,45968629.333333336,45968629.333333336,Không,44.325
KH000043,Ngô Đức Tâm,1974-03-07,Nữ,86554913881,Quảng Ninh,Công chức,Phổ thông,Cá nhân,CN Bình Dương,2015-08-07,Tại quầy,Đang hoạt động,Không,Không,0425802576,kh000043@email.vn,38,118338215,9462496,12,12,0.1052631578947368,Thấp,Nhận lương,3.1666666666666665,0,2,Quầy truyền thống,1.0,Thấp,0.0,1,105308798.33333333,105308798.33333333,Không,49.575
KH000106,Trương Hải Sơn,1984-01-03,Nữ,59121816761,Quảng Ninh,Kế toán,Phổ thông,Cá nhân,CN Cần Thơ,2022-07-04,Tại quầy,Đang hoạt động,Không,Không,0450791739,kh000106@email.vn,56,87309748,9791919,4,11,0.4821428571428571,Thấp,Nhận lương,4.666666666666667,1,0,Dùng theo đợt,1.0,Thấp,0.0,1,43586440.0,43586440.0,Không,52.449999999999996
KH000098,Hồ Thanh Trung,1989-08-07,Nữ,11184142053,Đồng Nai,Kỹ sư,Phổ thông,Cá nhân,CN Thanh Xuân,2026-02-03,Tại quầy,Đang hoạt động,Không,Không,0415393542,kh000098@email.vn,55,68330127,8409662,4,11,0.5272727272727272,Thấp,Nhận lương,4.583333333333333,1,0,Dùng theo đợt,1.0,Thấp,0.0,1,21034803.333333332,21034803.333333332,Không,50.349999999999994
KH000016,Trương Kim Nhung,1986-11-01,Nữ,48041013970,Hải Phòng,Kinh doanh tự do,Phổ thông,Cá nhân,CN Thanh Xuân,2017-01-04,Trực tuyến,Đang hoạt động,Không,Không,0677975794,kh000016@email.vn,223,105116000,15808000,12,12,0.7174887892376681,Thấp,"Thanh toán, chi tiêu",18.58333333333333,0,4,Số hóa cao,1.0,Thấp,1374000000.0,2,239540.33333333334,1374239540.3333333,Có,59.150000000000006
KH000144,Võ Thanh Linh,1990-07-01,Nữ,37241938003,Thanh Hóa,Bán hàng,Ưu tiên,Cá nhân,CN Hoàn Kiếm,2020-05-04,Tại quầy,Đang hoạt động,Không,Không,0634536997,kh000144@email.vn,81,147641570,11341726,4,11,0.654320987654321,Trung bình,Đa mục đích,6.75,1,0,Dùng theo đợt,1.0,Thấp,108000000.0,2,2349818.3333333335,110349818.33333333,Không,48.724999999999994
KH000076,Vũ Văn Hùng,1961-10-24,Nam,81828582329,TP Hồ Chí Minh,Lái xe,Phổ thông,Cá nhân,CN Thanh Xuân,2020-11-03,Tại quầy,Ngừng giao dịch,Không,Không,0997396390,kh000076@email.vn,27,42367000,3783000,7,7,0.5925925925925926,Thấp,"Thanh toán, chi tiêu",2.25,5,3,Đang xa dần,1.0,Thấp,44000000.0,2,1560341.0,45560341.0,Không,45.875
KH000134,Đinh Hải Hà,1984-07-24,Nam,44134777241,Hải Phòng,Nhân viên văn phòng,Phổ thông,Cá nhân,CN Quận 1,2025-01-01,Trực tuyến,Đang hoạt động,Không,Không,0416927881,kh000134@email.vn,25,41335000,9347000,4,11,0.52,Thấp,"Thanh toán, chi tiêu",2.083333333333333,1,0,Dùng theo đợt,1.0,Thấp,265000000.0,2,2430428.6666666665,267430428.66666666,Không,56.25
KH000102,Hồ Hữu Quân,1990-05-16,Nam,28683225435,TP Hồ Chí Minh,Công nhân,Phổ thông,Cá nhân,CN Đà Nẵng,2024-03-03,Trực tuyến,Ngừng giao dịch,Không,Không,0708635893,kh000102@email.vn,33,509011812,29238000,7,7,0.5151515151515151,Trung bình,Đa mục đích,2.75,5,3,Đang xa dần,1.0,Thấp,454000000.0,2,177166443.0,631166443.0,Không,64.425
KH000025,Võ Thanh Hà,1993-04-27,Nữ,19119130523,Cần Thơ,Nhân viên văn phòng,Phổ thông,Cá nhân,CN Bình Dương,2020-03-05,Trực tuyến,Đang hoạt động,Không,Không,0384146655,kh000025@email.vn,261,58242000,6240000,12,12,0.7854406130268199,Thấp,"Thanh toán, chi tiêu",21.75,0,4,Số hóa cao,1.0,Thấp,196000000.0,2,258897.66666666666,196258897.66666666,Không,46.550000000000004
KH000184,Trần Ngọc Lam,1999-03-25,Nữ,40145838555,Nam Định,Lái xe,Phổ thông,Cá nhân,CN Quận 1,2024-02-01,Tại quầy,Đang hoạt động,Không,Không,0486573972,kh000184@email.vn,40,434809713,39337958,4,11,0.4,Trung bình,"Thanh toán, chi tiêu",3.333333333333333,1,0,Dùng theo đợt,1.0,Thấp,595000000.0,2,17709954.0,612709954.0,Không,60.449999999999996
KH000195,Tô Hải Nga,1979-07-28,Nam,11795277694,Bình Dương,Kinh doanh tự do,Phổ thông,Cá nhân,CN Bình Dương,2018-05-06,Tại quầy,Đang hoạt động,Không,Không,0758829018,kh000195@email.vn,171,2320444000,194557000,12,12,0.7426900584795322,Cao,"Thanh toán, chi tiêu",14.25,0,4,Số hóa cao,1.0,Thấp,3518000000.0,2,218517.0,3518218517.0,Có,63.349999999999994
KH000058,Trương Xuân Ngân,1955-04-06,Nữ,62424361364,Bình Dương,Kế toán,Phổ thông,Cá nhân,CN Quận 1,2017-12-05,Trực tuyến,Đang hoạt động,Không,Không,0863179105,kh000058@email.vn,47,1054849730,44590403,12,12,0.0851063829787234,Khá,Nhận lương,3.9166666666666665,0,2,Quầy truyền thống,1.0,Thấp,730000000.0,3,311618349.3333333,1041618349.3333333,Có,47.0125
KH000037,Mai Hải Đạt,1972-02-26,Nữ,12952122937,Quảng Ninh,Kỹ sư,Phổ thông,Cá nhân,CN TP Hồ Chí Minh,2017-01-04,Tại quầy,Đang hoạt động,Không,Không,0815982367,kh000037@email.vn,31,425897000,49433000,12,12,0.1612903225806451,Trung bình,"Thanh toán, chi tiêu",2.583333333333333,0,2,Quầy truyền thống,1.0,Thấp,1310000000.0,2,14670791.333333334,1324670791.3333333,Có,58.8
KH000073,Võ Đức Cường,1956-12-18,Nữ,38958907215,Thanh Hóa,Kế toán,Phổ thông,Cá nhân,CN TP Hồ Chí Minh,2020-03-05,Trực tuyến,Ngừng giao dịch,Không,Không,0859441941,kh000073@email.vn,36,691570001,48364267,7,7,0.5277777777777778,Khá,Nhận lương,3.0,5,3,Đang xa dần,1.0,Thấp,859000000.0,3,144272812.0,1003272812.0,Có,58.4125
KH000059,Lý Xuân Nam,1958-09-05,Nam,35111490973,Đồng Nai,Lái xe,Phổ thông,Cá nhân,CN Đà Nẵng,2022-10-03,Trực tuyến,Đang hoạt động,Không,Không,0390861950,kh000059@email.vn,168,3129201459,86998000,12,12,0.6964285714285714,Cao,"Thanh toán, chi tiêu",14.0,0,4,Số hóa cao,1.0,Thấp,1630000000.0,2,30830356.666666668,1660830356.6666667,Có,60.550000000000004
KH000113,Huỳnh Văn Dũng,1962-12-12,Nam,70519422919,Hà Nội,Bán hàng,Phổ thông,Cá nhân,CN Thanh Xuân,2015-05-07,Tại quầy,Đang hoạt động,Không,Không,0758166454,kh000113@email.vn,106,387057328,8239012,12,12,0.5566037735849056,Trung bình,Đa mục đích,8.833333333333334,0,1,Giao dịch đều đặn,1.0,Thấp,125000000.0,2,10518345.666666666,135518345.66666666,Không,42.7
KH000123,Mai Minh An,1967-08-14,Nữ,49383764910,Đà Nẵng,Giáo viên,Phổ thông,Cá nhân,CN Hải Phòng,2022-02-02,Tại quầy,Đang hoạt động,Không,Không,0989447067,kh000123@email.vn,24,1275748319,75650226,12,12,0.0416666666666666,Cao,Nhận lương,2.0,0,2,Quầy truyền thống,1.0,Thấp,1144000000.0,2,1074956726.6666667,2218956726.666667,Có,62.3
KH000030,Phan Đức Mai,1990-05-10,Nam,83908070596,Quảng Ninh,Lái xe,Ưu tiên,Cá nhân,CN Cần Thơ,2017-02-04,Trực tuyến,Ngừng giao dịch,Không,Không,0776728313,kh000030@email.vn,25,113420696,12122485,7,7,0.52,Thấp,Nhận lương,2.083333333333333,5,3,Đang xa dần,1.0,Thấp,0.0,1,157655400.0,157655400.0,Không,66.925
KH000118,Võ Hữu Giang,1989-10-04,Nam,34685188483,Hải Phòng,Kỹ sư,Phổ thông,Cá nhân,CN Cần Thơ,2021-02-02,Tại quầy,Đang hoạt động,Không,Không,0472805479,kh000118@email.vn,121,659305254,31545000,12,12,0.512396694214876,Khá,"Thanh toán, chi tiêu",10.083333333333334,0,1,Giao dịch đều đặn,1.0,Thấp,901000000.0,3,10809424.0,911809424.0,Không,45.787499999999994
KH000077,Ngô Tuấn Nhung,2002-02-06,Nam,10976675143,Đà Nẵng,Bán hàng,Phổ thông,Cá nhân,CN Cần Thơ,2023-10-03,Tại quầy,Đang hoạt động,Không,Không,0762775167,kh000077@email.vn,277,429382981,9012016,12,12,0.6570397111913358,Trung bình,"Thanh toán, chi tiêu",23.08333333333333,0,4,Số hóa cao,1.0,Thấp,133000000.0,2,2011974.3333333333,135011974.33333334,Không,42.525
KH000082,Trần Tuấn Mai,1987-08-02,Nam,89060688707,TP Hồ Chí Minh,Kỹ sư,Ưu tiên,Cá nhân,CN Đà Nẵng,2016-09-05,Trực tuyến,Đang hoạt động,Không,Không,,kh000082@email.vn,157,475050110,10694828,12,12,0.7006369426751592,Trung bình,"Thanh toán, chi tiêu",13.083333333333334,0,1,Giao dịch đều đặn,1.0,Thấp,53000000.0,3,6450532.666666667,59450532.666666664,Không,23.9125
KH000174,Ngô Hữu Khoa,1984-04-19,Nữ,12920509014,Thanh Hóa,Hưu trí,Ưu tiên,Cá nhân,CN Hoàn Kiếm,2021-10-03,Trực tuyến,Ngừng giao dịch,Không,Không,0891023770,kh000174@email.vn,53,133514412,9471135,7,7,0.3396226415094339,Trung bình,Nhận lương,4.416666666666667,5,3,Đang xa dần,1.0,Thấp,36000000.0,2,82886767.0,118886767.0,Không,53.05
KH000038,Vũ Quang Yến,1995-07-11,Nam,60897952534,Quảng Ninh,Bán hàng,Ưu tiên,Cá nhân,CN Hải Phòng,2020-05-04,Tại quầy,Đang hoạt động,Không,Không,0398947226,kh000038@email.vn,116,418671206,11840641,12,12,0.6120689655172413,Trung bình,Đa mục đích,9.666666666666666,0,1,Giao dịch đều đặn,2.0,Trung bình,51000000.0,3,105977940.33333333,156977940.3333333,Không,23.9125
KH000040,Vũ Gia Tú,1965-01-20,Nam,81143598243,Hà Nội,Nội trợ,Phổ thông,Cá nhân,CN Hoàn Kiếm,2015-05-07,Trực tuyến,Đang hoạt động,Không,Không,0597015553,kh000040@email.vn,103,489233253,10720953,12,12,0.5436893203883495,Trung bình,Đa mục đích,8.583333333333334,0,1,Giao dịch đều đặn,1.0,Thấp,150000000.0,3,19410231.333333332,169410231.33333334,Không,34.4125
KH000185,Hoàng Xuân Linh,1984-10-05,Nữ,73174442084,Thái Bình,Nhân viên văn phòng,Phổ thông,Cá nhân,CN TP Hồ Chí Minh,2023-04-03,Tại quầy,Đang hoạt động,Không,Không,0388746183,kh000185@email.vn,76,795354944,23519236,12,12,0.4210526315789473,Khá,Đa mục đích,6.333333333333333,0,1,Giao dịch đều đặn,1.0,Thấp,300000000.0,2,96628407.33333333,396628407.3333333,Không,49.0
KH000086,Nguyễn Kim Yến,2000-10-14,Nữ,83364980917,Đà Nẵng,Kinh doanh tự do,Phổ thông,Cá nhân,CN Hải Phòng,2023-12-25,Tại quầy,Đang hoạt động,Không,Không,0494735575,kh000086@email.vn,78,1537053378,84066000,4,11,0.5384615384615384,Cao,"Thanh toán, chi tiêu",6.5,1,0,Dùng theo đợt,1.0,Thấp,2171000000.0,2,32355931.666666668,2203355931.6666665,Có,70.775
KH000049,Ngô Văn Vân,1986-12-28,Nam,68495060385,Đà Nẵng,Lái xe,Phổ thông,Cá nhân,CN Thanh Xuân,2026-11-01,Tại quầy,Đang hoạt động,Không,Không,0967654464,kh000049@email.vn,29,91070513,8831535,2,12,0.6206896551724138,Thấp,"Thanh toán, chi tiêu",2.4166666666666665,0,0,Dùng theo đợt,1.0,Thấp,57000000.0,2,22184065.5,79184065.5,Không,36.575
KH000126,Nguyễn Tuấn Lam,1959-01-18,Nam,52171747149,Nam Định,Lái xe,Phổ thông,Cá nhân,CN TP Hồ Chí Minh,2016-12-05,Tại quầy,Đã đóng,Không,Không,0599956190,kh000126@email.vn,23,47204000,13528000,7,7,0.5217391304347826,Thấp,"Thanh toán, chi tiêu",1.9166666666666667,5,3,Đang xa dần,1.0,Thấp,271000000.0,2,826999.0,271826999.0,Không,59.875
KH000053,Bùi Thanh Nhung,1978-08-07,Nữ,69816984845,Cần Thơ,Kinh doanh tự do,Phổ thông,Cá nhân,CN Đà Nẵng,2020-03-05,Tại quầy,Đang hoạt động,Không,Không,0517510124,kh000053@email.vn,62,1288490864,85321000,4,11,0.5483870967741935,Cao,"Thanh toán, chi tiêu",5.166666666666667,1,0,Dùng theo đợt,1.0,Thấp,4638000000.0,2,23368666.0,4661368666.0,Có,72.875
KH000017,Bùi Tuấn Hiếu,1991-09-19,Nữ,44597556356,Bình Dương,Lái xe,Phổ thông,Cá nhân,CN Bình Dương,2014-07-07,Tại quầy,Đang hoạt động,Không,Không,0559062362,kh000017@email.vn,44,311804597,29381000,4,11,0.4545454545454545,Trung bình,"Thanh toán, chi tiêu",3.6666666666666665,1,0,Dùng theo đợt,1.0,Thấp,619000000.0,2,30655286.0,649655286.0,Không,61.849999999999994
KH000036,Dương Tuấn Cường,1957-11-17,Nữ,57815658084,Hải Phòng,Bán hàng,Phổ thông,Cá nhân,CN Hoàn Kiếm,2026-11-01,Tại quầy,Đang hoạt động,Không,Không,0977834508,kh000036@email.vn,16,22056000,2748000,2,12,0.5,Thấp,"Thanh toán, chi tiêu",1.3333333333333333,0,0,Dùng theo đợt,1.0,Thấp,25000000.0,2,15328436.0,40328436.0,Không,33.074999999999996
KH000122,Đặng Thị Khoa,2004-09-23,Nữ,14838621345,TP Hồ Chí Minh,Công nhân,Phổ thông,Cá nhân,CN Cần Thơ,2026-10-01,Tại quầy,Đang hoạt động,Không,Không,0946509941,kh000122@email.vn,23,251683135,20690522,3,12,0.6086956521739131,Trung bình,Đa mục đích,1.9166666666666667,0,0,Dùng theo đợt,1.0,Thấp,664000000.0,2,37180307.333333336,701180307.3333334,Không,54.074999999999996
KH000051,Phạm Bá Đạt,1953-03-24,Nữ,33938852357,Đồng Nai,Nội trợ,Phổ thông,Cá nhân,CN Cần Thơ,2014-09-06,Trực tuyến,Đang hoạt động,Không,Không,0875031613,kh000051@email.vn,46,107702000,23189000,12,12,0.1304347826086956,Thấp,"Thanh toán, chi tiêu",3.8333333333333335,0,2,Quầy truyền thống,1.0,Thấp,494000000.0,2,335622.6666666667,494335622.6666667,Không,50.4
KH000111,Đinh Ngọc Tâm,2003-12-04,Nam,36922957990,Hải Phòng,Công chức,Phổ thông,Cá nhân,CN Thanh Xuân,2019-12-04,Trực tuyến,Đang hoạt động,Không,Không,0940481043,kh000111@email.vn,86,2599962519,118622000,12,12,0.4069767441860465,Cao,"Thanh toán, chi tiêu",7.166666666666667,0,1,Giao dịch đều đặn,1.0,Thấp,2973000000.0,2,42976401.666666664,3015976401.6666665,Có,62.824999999999996
KH000054,Phạm Kim Hùng,1964-04-28,Nam,83142378923,Hà Nội,Bác sĩ,Phổ thông,Cá nhân,CN Đà Nẵng,2022-10-03,Trực tuyến,Đang hoạt động,Không,Không,0608626544,kh000054@email.vn,49,121787866,9881641,4,11,0.6122448979591837,Trung bình,Đa mục đích,4.083333333333333,1,0,Dùng theo đợt,1.0,Thấp,141000000.0,2,17381415.666666668,158381415.66666666,Không,53.449999999999996
KH000152,Đỗ Văn Thảo,1994-02-20,Nam,29810687496,Đà Nẵng,Kỹ sư,Phổ thông,Cá nhân,CN Cầu Giấy,2015-06-07,Trực tuyến,Đang hoạt động,Không,Không,0999549741,kh000152@email.vn,75,181570050,12055147,4,11,0.6666666666666666,Trung bình,Đa mục đích,6.25,1,0,Dùng theo đợt,1.0,Thấp,0.0,1,70326038.0,70326038.0,Không,54.89999999999999
KH000157,Nguyễn Ngọc Hiếu,1988-07-23,Nam,42548978265,TP Hồ Chí Minh,Kỹ sư,Ưu tiên,Cá nhân,CN Đà Nẵng,2019-07-05,Tại quầy,Đang hoạt động,Không,Không,0380663608,kh000157@email.vn,82,124088322,8921233,4,11,0.4634146341463415,Trung bình,Đa mục đích,6.833333333333333,1,0,Dùng theo đợt,1.0,Thấp,184000000.0,2,1392495.6666666667,185392495.66666666,Không,54.675
KH000094,Đinh Hữu Mai,1974-01-04,Nữ,32088279338,Bình Dương,Công chức,Phổ thông,Cá nhân,CN Bình Dương,2016-06-06,Trực tuyến,Đang hoạt động,Không,Không,0496166637,kh000094@email.vn,249,416952248,8542589,12,12,0.6907630522088354,Trung bình,Đa mục đích,20.75,0,4,Số hóa cao,1.0,Thấp,0.0,1,66513025.666666664,66513025.666666664,Không,45.550000000000004
KH000145,Đỗ Đức Quân,1958-01-05,Nữ,82672155316,Nghệ An,Công chức,Ưu tiên,Cá nhân,CN Bình Dương,2024-08-02,Trực tuyến,Đang hoạt động,Không,Không,0661728957,kh000145@email.vn,125,164209954,11786232,12,12,0.6,Trung bình,Nhận lương,10.416666666666666,0,1,Giao dịch đều đặn,3.0,Cao,0.0,2,122757162.0,122757162.0,Không,31.15
KH000146,Hồ Khánh Hạnh,1975-11-19,Nữ,21266482789,Nam Định,Hưu trí,Ưu tiên,Cá nhân,CN Đà Nẵng,2021-09-03,Tại quầy,Đang hoạt động,Không,Không,0717947789,kh000146@email.vn,16,560269000,97134000,12,12,0.25,Trung bình,"Thanh toán, chi tiêu",1.3333333333333333,0,2,Quầy truyền thống,1.0,Thấp,1484000000.0,2,61275880.333333336,1545275880.3333333,Có,60.02499999999999
KH000130,Hoàng Thị Giang,1977-09-15,Nữ,39070360738,Hà Nội,Nhân viên văn phòng,Phổ thông,Cá nhân,CN Quận 1,2021-11-03,Trực tuyến,Đang hoạt động,Không,Không,0933602574,kh000130@email.vn,136,484165371,11432271,12,12,0.7132352941176471,Trung bình,"Thanh toán, chi tiêu",11.333333333333334,0,1,Giao dịch đều đặn,1.0,Thấp,73000000.0,3,34466029.0,107466029.0,Không,28.812500000000004
KH000027,Mai Văn Thảo,1994-07-14,Nam,59612407121,Cần Thơ,Giáo viên,Ưu tiên,Cá nhân,CN Thanh Xuân,2019-09-04,Tại quầy,Đang hoạt động,Không,Có,0730800604,kh000027@email.vn,126,1063466607,46858000,12,12,0.626984126984127,Khá,"Thanh toán, chi tiêu",10.5,0,1,Giao dịch đều đặn,1.0,Thấp,834000000.0,3,12073209.666666666,846073209.6666666,Không,45.262499999999996
KH000172,Lê Thanh Nga,2006-02-16,Nữ,23258485424,Nam Định,Kế toán,Phổ thông,Cá nhân,CN Bình Dương,2016-09-05,Trực tuyến,Đang hoạt động,Không,Không,0709876254,kh000172@email.vn,186,383944656,10292115,12,12,0.6182795698924731,Trung bình,Đa mục đích,15.5,0,4,Số hóa cao,1.0,Thấp,175000000.0,2,6090258.666666667,181090258.66666666,Không,45.675
KH000075,Hoàng Thị Lam,1979-04-13,Nam,69357708672,Bình Dương,Nội trợ,Phổ thông,Cá nhân,CN TP Hồ Chí Minh,2024-05-03,Tại quầy,Đang hoạt động,Không,Không,0426851689,kh000075@email.vn,44,237469381,16523000,4,11,0.5227272727272727,Trung bình,"Thanh toán, chi tiêu",3.6666666666666665,1,0,Dùng theo đợt,1.0,Thấp,301000000.0,2,14220552.666666666,315220552.6666667,Không,57.12499999999999
KH000161,Đặng Thanh Linh,1996-04-19,Nam,19520418102,Nghệ An,Công chức,Phổ thông,Cá nhân,CN Cần Thơ,2026-10-01,Trực tuyến,Đang hoạt động,Không,Không,0677600344,kh000161@email.vn,28,146740834,10791623,3,12,0.6071428571428571,Trung bình,"Thanh toán, chi tiêu",2.333333333333333,0,0,Dùng theo đợt,1.0,Thấp,277000000.0,2,19330453.0,296330453.0,Không,48.12500000000001
KH000159,Mai Gia Lam,1990-08-24,Nam,61019191813,Nam Định,Nhân viên văn phòng,Phổ thông,Cá nhân,CN Đà Nẵng,2026-09-01,Trực tuyến,Đang hoạt động,Không,Không,0666473402,kh000159@email.vn,37,374659578,20512000,4,12,0.7837837837837838,Trung bình,Đa mục đích,3.083333333333333,0,0,Dùng theo đợt,1.0,Thấp,353000000.0,2,58814483.0,411814483.0,Không,49.35000000000001
KH000047,Vũ Thu Đạt,1960-10-21,Nam,84136812534,Bình Dương,Nhân viên văn phòng,Ưu tiên,Cá nhân,CN Hoàn Kiếm,2021-04-04,Tại quầy,Đang hoạt động,Không,Không,0818775171,kh000047@email.vn,39,190217357,10873703,12,12,0.1282051282051282,Trung bình,Nhận lương,3.25,0,2,Quầy truyền thống,1.0,Thấp,39000000.0,2,152959342.33333334,191959342.33333334,Không,46.199999999999996
KH000091,Bùi Tuấn Khoa,1991-06-12,Nữ,81296778958,Nghệ An,Công nhân,Phổ thông,Cá nhân,CN Thanh Xuân,2023-03-04,Trực tuyến,Đã đóng,Không,Không,,kh000091@email.vn,37,753205452,45069000,7,7,0.3243243243243243,Khá,Đa mục đích,3.083333333333333,5,3,Đang xa dần,1.0,Thấp,816000000.0,2,227410557.0,1043410557.0,Có,69.85
KH000162,Phạm Đức Hùng,1989-06-27,Nữ,81139659569,Quảng Ninh,Hưu trí,Phổ thông,Cá nhân,CN Cần Thơ,2018-06-05,Trực tuyến,Đang hoạt động,Không,Không,0991441942,kh000162@email.vn,200,249283000,28354000,12,12,0.665,Trung bình,"Thanh toán, chi tiêu",16.666666666666668,0,4,Số hóa cao,1.0,Thấp,820000000.0,2,168103.0,820168103.0,Không,55.474999999999994
KH000112,Nguyễn Anh Linh,2002-12-06,Nữ,45858499284,Quảng Ninh,Công chức,Phổ thông,Cá nhân,CN Hoàn Kiếm,2016-10-05,Tại quầy,Đang hoạt động,Không,Không,0950642850,kh000112@email.vn,32,97225198,9185874,4,11,0.46875,Thấp,Đa mục đích,2.6666666666666665,1,0,Dùng theo đợt,1.0,Thấp,50000000.0,2,33706962.0,83706962.0,Không,45.4
KH000186,Bùi Hữu Bình,1967-07-13,Nam,69362803714,Hải Phòng,Lái xe,Phổ thông,Cá nhân,CN Thanh Xuân,2024-05-03,Trực tuyến,Đang hoạt động,Có,Không,0443668546,kh000186@email.vn,55,176068722,11732729,4,11,0.6363636363636364,Trung bình,"Thanh toán, chi tiêu",4.583333333333333,1,0,Dùng theo đợt,1.0,Cao,239000000.0,2,5017811.0,244017811.0,Không,55.724999999999994
KH000088,Phan Bá Trung,2005-11-18,Nữ,27330243256,Đà Nẵng,Kỹ sư,Phổ thông,Cá nhân,CN Cần Thơ,2018-09-04,Tại quầy,Ngừng giao dịch,Không,Không,0527453042,kh000088@email.vn,50,132840144,8425228,7,7,0.44,Trung bình,Nhận lương,4.166666666666667,5,3,Đang xa dần,1.0,Thấp,123000000.0,2,14169137.0,137169137.0,Không,54.974999999999994
KH000032,Trần Gia Linh,1976-05-24,Nữ,84411978945,Quảng Ninh,Hưu trí,Phổ thông,Cá nhân,CN TP Hồ Chí Minh,2023-05-04,Trực tuyến,Đang hoạt động,Không,Không,0853626728,kh000032@email.vn,125,152170447,11787864,12,12,0.616,Trung bình,Nhận lương,10.416666666666666,0,1,Giao dịch đều đặn,1.0,Thấp,0.0,2,123762897.0,123762897.0,Không,41.65
KH000095,Phạm Kim Ngân,1961-08-05,Nữ,45397654900,Đồng Nai,Công chức,Phổ thông,Cá nhân,CN Cần Thơ,2024-09-01,Trực tuyến,Ngừng giao dịch,Không,Không,0782926500,kh000095@email.vn,36,324029778,30995000,7,7,0.3888888888888889,Trung bình,Đa mục đích,3.0,5,3,Đang xa dần,1.0,Thấp,596000000.0,2,45655560.0,641655560.0,Không,64.95
KH000067,Đỗ Thị Yến,1979-06-15,Nam,52460237505,Đồng Nai,Bác sĩ,Phổ thông,Cá nhân,CN Bình Dương,2014-07-07,Tại quầy,Đang hoạt động,Không,Không,0336081681,kh000067@email.vn,41,455021000,64903000,12,12,0.1951219512195122,Trung bình,"Thanh toán, chi tiêu",3.4166666666666665,0,2,Quầy truyền thống,1.0,Thấp,1478000000.0,2,711132.3333333334,1478711132.3333333,Có,59.675
KH000060,Phạm Bá Ngân,1999-01-26,Nam,66090812234,Thái Bình,Bác sĩ,Phổ thông,Cá nhân,CN Bình Dương,2026-11-01,Trực tuyến,Đang hoạt động,Không,Không,0372540007,kh000060@email.vn,21,71544912,8368653,2,12,0.5238095238095238,Thấp,Đa mục đích,1.75,0,0,Dùng theo đợt,1.0,Thấp,93000000.0,2,26162237.5,119162237.5,Không,41.125
KH000164,Lê Hải Hạnh,1997-06-22,Nam,72630452705,Bình Dương,Hưu trí,Phổ thông,Cá nhân,CN Thanh Xuân,2017-04-06,Tại quầy,Đang hoạt động,Không,Không,0305315056,kh000164@email.vn,72,43783558,8887942,4,11,0.6805555555555556,Thấp,Nhận lương,6.0,1,0,Dùng theo đợt,1.0,Thấp,0.0,1,31750766.0,31750766.0,Không,51.225
KH000035,Huỳnh Đức Tâm,1959-07-19,Nữ,79507171261,Nghệ An,Công nhân,Phổ thông,Cá nhân,CN Cầu Giấy,2018-06-05,Trực tuyến,Đang hoạt động,Không,Không,0427975300,kh000035@email.vn,31,56317000,8518000,12,12,0.3225806451612903,Thấp,"Thanh toán, chi tiêu",2.583333333333333,0,2,Quầy truyền thống,1.0,Thấp,147000000.0,2,2168988.3333333335,149168988.33333334,Không,43.574999999999996
KH000006,Bùi Gia Trung,1983-10-11,Nam,74788752134,Hải Phòng,Nội trợ,Phổ thông,Cá nhân,CN Cần Thơ,2015-02-05,Trực tuyến,Đang hoạt động,Không,Không,0563902100,kh000006@email.vn,50,168449000,32772000,4,11,0.5,Trung bình,"Thanh toán, chi tiêu",4.166666666666667,1,0,Dùng theo đợt,1.0,Thấp,799000000.0,2,742599.3333333334,799742599.3333334,Không,63.6
KH000165,Lý Văn An,1973-01-08,Nữ,45655980154,TP Hồ Chí Minh,Công nhân,Phổ thông,Cá nhân,CN Cầu Giấy,2022-12-03,Trực tuyến,Đang hoạt động,Không,Không,0422213843,kh000165@email.vn,54,443745630,25338000,12,12,0.1296296296296296,Trung bình,Đa mục đích,4.5,0,2,Quầy truyền thống,1.0,Thấp,414000000.0,2,27019485.666666668,441019485.6666667,Không,49.525
KH000128,Trần Thị Dũng,2003-04-04,Nam,41371028124,Bình Dương,Kỹ sư,Phổ thông,Cá nhân,CN Hải Phòng,2017-06-05,Tại quầy,Đang hoạt động,Không,Không,0479958798,kh000128@email.vn,113,145625673,9557628,12,12,0.6106194690265486,Trung bình,Nhận lương,9.416666666666666,0,1,Giao dịch đều đặn,1.0,Thấp,0.0,2,86417286.66666667,86417286.66666667,Không,36.925
KH000048,Trương Minh Lam,1963-01-16,Nữ,54134692197,TP Hồ Chí Minh,Nội trợ,Phổ thông,Cá nhân,CN Quận 1,2015-10-06,Tại quầy,Đang hoạt động,Không,Không,0362546873,kh000048@email.vn,39,80570000,11044000,4,11,0.6153846153846154,Thấp,"Thanh toán, chi tiêu",3.25,1,0,Dùng theo đợt,1.0,Thấp,192000000.0,2,785048.3333333334,192785048.33333334,Không,55.02499999999999
KH000160,Phan Anh An,1988-08-08,Nam,63804541937,Đồng Nai,Kỹ sư,Phổ thông,Cá nhân,CN Hải Phòng,2017-01-04,Trực tuyến,Đang hoạt động,Không,Không,0951965609,kh000160@email.vn,53,246655833,11884336,12,12,0.1509433962264151,Trung bình,Nhận lương,4.416666666666667,0,2,Quầy truyền thống,1.0,Thấp,56000000.0,2,125575900.33333333,181575900.3333333,Không,45.85
KH000170,Hồ Thanh Nhung,1995-06-14,Nữ,47007744107,Thanh Hóa,Bán hàng,Phổ thông,Cá nhân,CN Bình Dương,2022-10-03,Trực tuyến,Đang hoạt động,Không,Không,0686630544,kh000170@email.vn,79,168411000,34368000,4,11,0.5949367088607594,Trung bình,"Thanh toán, chi tiêu",6.583333333333333,1,0,Dùng theo đợt,1.0,Thấp,1085000000.0,3,346353.0,1085346353.0,Có,56.18749999999999
KH000175,Hoàng Kim Dũng,1952-07-03,Nam,56277503737,Thanh Hóa,Kế toán,Phổ thông,Cá nhân,CN Đà Nẵng,2019-10-05,Tại quầy,Đang hoạt động,Không,Không,0304333065,kh000175@email.vn,50,854469509,115548000,12,12,0.1,Khá,"Thanh toán, chi tiêu",4.166666666666667,0,2,Quầy truyền thống,1.0,Thấp,7670000000.0,2,28246538.0,7698246538.0,Có,64.57499999999999
KH000026,Đặng Đức Vân,1997-11-07,Nữ,73746303147,Cần Thơ,Bán hàng,Phổ thông,Cá nhân,CN Cầu Giấy,2023-01-02,Tại quầy,Ngừng giao dịch,Không,Không,0920222075,kh000026@email.vn,38,100313000,16974000,7,7,0.5263157894736842,Thấp,"Thanh toán, chi tiêu",3.1666666666666665,5,3,Đang xa dần,1.0,Thấp,1939000000.0,2,419222.0,1939419222.0,Có,73.52499999999999
KH000004,Dương Xuân Giang,1989-12-02,Nữ,79903912300,Đồng Nai,Kế toán,Ưu tiên,Cá nhân,CN Đà Nẵng,2018-02-04,Trực tuyến,Ngừng giao dịch,Không,Không,0695464634,kh000004@email.vn,23,339722861,25674000,7,7,0.4782608695652174,Trung bình,Nhận lương,1.9166666666666667,5,3,Đang xa dần,1.0,Thấp,391000000.0,2,193547746.0,584547746.0,Không,63.2
KH000129,Ngô Gia Yến,1994-08-16,Nam,26935463786,Nghệ An,Bán hàng,Phổ thông,Cá nhân,CN TP Hồ Chí Minh,2016-06-06,Trực tuyến,Ngừng giao dịch,Không,Không,0954357244,kh000129@email.vn,46,23343000,2331000,7,7,0.6304347826086957,Thấp,"Thanh toán, chi tiêu",3.8333333333333335,5,3,Đang xa dần,1.0,Thấp,26000000.0,2,313048.0,26313048.0,Không,43.775
KH000104,Bùi Thu Trang,1966-04-14,Nữ,19586785935,Đà Nẵng,Bán hàng,Phổ thông,Cá nhân,CN Hoàn Kiếm,2025-09-01,Trực tuyến,Đang hoạt động,Không,Không,0718989264,kh000104@email.vn,210,458747754,10484762,12,12,0.719047619047619,Trung bình,"Thanh toán, chi tiêu",17.5,0,4,Số hóa cao,1.0,Thấp,40000000.0,2,4720234.0,44720234.0,Không,33.6
KH000108,Hồ Đức Bình,2006-01-01,Nữ,71351756744,Quảng Ninh,Hưu trí,Phổ thông,Cá nhân,CN Cầu Giấy,2018-09-04,Trực tuyến,Đang hoạt động,Không,Không,0511823067,kh000108@email.vn,94,155861935,11697824,12,12,0.5106382978723404,Trung bình,Nhận lương,7.833333333333333,0,1,Giao dịch đều đặn,1.0,Thấp,0.0,1,123325797.33333333,123325797.33333333,Không,51.85000000000001
KH000005,Nguyễn Khánh Nhung,1997-02-19,Nam,35945188421,Đồng Nai,Kỹ sư,Phổ thông,Cá nhân,CN Hải Phòng,2025-07-02,Tại quầy,Đang hoạt động,Không,Không,0647002761,kh000005@email.vn,113,1263760000,78267000,12,12,0.6460176991150443,Cao,"Thanh toán, chi tiêu",9.416666666666666,0,1,Giao dịch đều đặn,1.0,Thấp,1314000000.0,3,287796.6666666667,1314287796.6666667,Có,48.0625
KH000138,Huỳnh Ngọc Hạnh,1974-06-11,Nam,24142510009,Hà Nội,Bác sĩ,Phổ thông,Cá nhân,CN Quận 1,2016-12-05,Trực tuyến,Đang hoạt động,Không,Không,0668389803,kh000138@email.vn,49,273373402,12386000,12,12,0.1632653061224489,Trung bình,Đa mục đích,4.083333333333333,0,2,Quầy truyền thống,3.0,Cao,229000000.0,3,19262162.333333332,248262162.33333334,Không,26.537499999999998
KH000155,Hồ Xuân Nhung,1995-01-02,Nữ,68179543282,Hà Nội,Kế toán,Phổ thông,Cá nhân,CN Quận 1,2025-12-01,Tại quầy,Đang hoạt động,Có,Không,0432034959,kh000155@email.vn,39,1370848086,74287000,4,11,0.5641025641025641,Cao,Đa mục đích,3.25,1,0,Dùng theo đợt,1.0,Cao,1571000000.0,2,43306628.0,1614306628.0,Có,69.02499999999999
KH000044,Đinh Hải Khoa,1977-08-13,Nữ,77923594828,Quảng Ninh,Kỹ sư,Phổ thông,Cá nhân,CN Cần Thơ,2015-10-06,Tại quầy,Đang hoạt động,Không,Không,0495392834,kh000044@email.vn,27,91068000,19150000,12,12,0.2222222222222222,Thấp,"Thanh toán, chi tiêu",2.25,0,2,Quầy truyền thống,1.0,Thấp,652000000.0,2,1972095.3333333333,653972095.3333334,Không,53.37500000000001
KH000085,Lý Anh Trang,1988-09-02,Nam,74229771517,TP Hồ Chí Minh,Kinh doanh tự do,Phổ thông,Cá nhân,CN Hải Phòng,2020-11-03,Tại quầy,Đang hoạt động,Không,Không,0904455195,kh000085@email.vn,24,150879000,42233000,12,12,0.125,Trung bình,Tiền mặt,2.0,0,2,Quầy truyền thống,1.0,Thấp,2723000000.0,2,2376855.6666666665,2725376855.6666665,Có,62.475
KH000131,Bùi Đức Nga,1957-04-09,Nữ,50688166797,Hải Phòng,Nhân viên văn phòng,Phổ thông,Cá nhân,CN Thanh Xuân,2019-01-04,Trực tuyến,Đang hoạt động,Không,Không,0605381052,kh000131@email.vn,269,191254000,5550000,12,12,0.7286245353159851,Trung bình,"Thanh toán, chi tiêu",22.416666666666668,0,4,Số hóa cao,1.0,Thấp,31000000.0,2,294780.0,31294780.0,Không,32.025000000000006
KH000169,Lý Thanh Hùng,1955-03-23,Nữ,62763573418,Thái Bình,Kế toán,Phổ thông,Cá nhân,CN Quận 1,2020-08-04,Tại quầy,Đang hoạt động,Không,Không,0858366361,kh000169@email.vn,83,825462135,45792922,4,11,0.4698795180722891,Khá,"Thanh toán, chi tiêu",6.916666666666667,1,0,Dùng theo đợt,1.0,Thấp,814000000.0,2,18010545.666666668,832010545.6666666,Không,64.3
KH000121,Lý Phương Cường,2000-12-11,Nam,64729117166,Thái Bình,Công chức,Phổ thông,Cá nhân,CN Quận 1,2025-01-31,Trực tuyến,Đang hoạt động,Không,Không,0833470851,kh000121@email.vn,51,50988000,6592000,4,11,0.7058823529411765,Thấp,"Thanh toán, chi tiêu",4.25,1,0,Dùng theo đợt,1.0,Thấp,610000000.0,2,1161782.3333333333,611161782.3333334,Không,60.275
KH000022,Võ Tuấn Tâm,1977-10-25,Nữ,71687936297,Quảng Ninh,Bác sĩ,Ưu tiên,Cá nhân,CN Cầu Giấy,2026-09-01,Trực tuyến,Đang hoạt động,Không,Không,0826398526,kh000022@email.vn,40,137460986,11455003,4,12,0.675,Trung bình,Đa mục đích,3.333333333333333,0,0,Dùng theo đợt,1.0,Thấp,66000000.0,2,43176999.0,109176999.0,Không,39.55
KH000168,Mai Văn Tú,1998-09-02,Nam,41034088371,Hà Nội,Kinh doanh tự do,Phổ thông,Cá nhân,CN TP Hồ Chí Minh,2017-10-05,Trực tuyến,Đang hoạt động,Không,Không,0354430573,kh000168@email.vn,29,259481000,26553000,4,11,0.5517241379310345,Trung bình,"Thanh toán, chi tiêu",2.4166666666666665,1,0,Dùng theo đợt,1.0,Thấp,454000000.0,2,6149466.666666667,460149466.6666667,Không,58.52499999999999
KH000042,Phạm Anh Thảo,1981-04-14,Nam,54877352955,Cần Thơ,Bác sĩ,Phổ thông,Cá nhân,CN Hải Phòng,2024-11-01,Trực tuyến,Đang hoạt động,Không,Không,0861970610,kh000042@email.vn,113,360328540,11400665,12,12,0.5752212389380531,Trung bình,Đa mục đích,9.416666666666666,0,1,Giao dịch đều đặn,1.0,Thấp,54000000.0,3,40051223.0,94051223.0,Không,27.0625
KH000158,Lê Minh Trung,1992-02-01,Nam,24890520062,Thái Bình,Kế toán,Phổ thông,Cá nhân,CN Hải Phòng,2023-10-03,Trực tuyến,Đang hoạt động,Không,Không,0880827513,kh000158@email.vn,81,744490971,17870000,12,12,0.4567901234567901,Khá,Đa mục đích,6.75,0,1,Giao dịch đều đặn,1.0,Thấp,260000000.0,3,40358606.666666664,300358606.6666667,Không,37.737500000000004
KH000191,Phạm Đức Tâm,1986-12-04,Nữ,58059662192,Bình Dương,Công nhân,Phổ thông,Cá nhân,CN Thanh Xuân,2017-04-06,Tại quầy,Đang hoạt động,Không,Không,0800346880,kh000191@email.vn,216,799886187,38426000,12,12,0.7037037037037037,Khá,"Thanh toán, chi tiêu",18.0,0,4,Số hóa cao,1.0,Thấp,678000000.0,2,3616233.6666666665,681616233.6666666,Không,53.900000000000006
KH000080,Lý Thanh Hà,1982-05-04,Nam,34054242873,Quảng Ninh,Kinh doanh tự do,Phổ thông,Cá nhân,CN Hải Phòng,2014-11-06,Trực tuyến,Ngừng giao dịch,Không,Không,0666782209,kh000080@email.vn,43,155132930,11723096,7,7,0.5116279069767442,Trung bình,Nhận lương,3.583333333333333,5,3,Đang xa dần,1.0,Thấp,0.0,1,98512423.0,98512423.0,Không,61.150000000000006
KH000142,Dương Thị Mai,2002-06-25,Nam,63452196421,Hải Phòng,Lái xe,Phổ thông,Cá nhân,CN Cầu Giấy,2018-08-05,Tại quầy,Đang hoạt động,Không,Không,0866239110,kh000142@email.vn,136,2232306038,52039256,12,12,0.4705882352941176,Cao,Đa mục đích,11.333333333333334,0,1,Giao dịch đều đặn,1.0,Thấp,928000000.0,2,66583606.666666664,994583606.6666666,Không,56.699999999999996
KH000003,Phạm Bá Trang,1960-03-09,Nữ,62040373006,Hà Nội,Giáo viên,Phổ thông,Cá nhân,CN Hoàn Kiếm,2018-05-06,Tại quầy,Đang hoạt động,Không,Không,0382046567,kh000003@email.vn,36,948439846,45669364,12,12,0.0833333333333333,Khá,Nhận lương,3.0,0,2,Quầy truyền thống,2.0,Trung bình,573000000.0,3,482326239.0,1055326239.0,Có,37.5625
KH000056,Đỗ Phương Thảo,1979-07-11,Nam,89931231347,Cần Thơ,Bác sĩ,Phổ thông,Cá nhân,CN Thanh Xuân,2018-07-06,Tại quầy,Đang hoạt động,Không,Không,0713467886,kh000056@email.vn,129,395144336,11709505,12,12,0.4728682170542636,Trung bình,Đa mục đích,10.75,0,1,Giao dịch đều đặn,1.0,Thấp,41000000.0,3,108464226.66666667,149464226.6666667,Không,33.1875
KH000066,Trương Thị Trung,1977-11-21,Nam,73737835191,Cần Thơ,Bán hàng,Phổ thông,Cá nhân,CN TP Hồ Chí Minh,2015-06-07,Tại quầy,Đang hoạt động,Không,Không,0793994430,kh000066@email.vn,89,342158461,11298900,12,12,0.4157303370786517,Trung bình,Đa mục đích,7.416666666666667,0,1,Giao dịch đều đặn,1.0,Thấp,0.0,2,147869807.66666666,147869807.66666666,Không,43.225
KH000062,Lý Khánh Giang,1968-07-16,Nữ,37227578799,Nghệ An,Kế toán,Phổ thông,Cá nhân,CN TP Hồ Chí Minh,2026-08-01,Trực tuyến,Đang hoạt động,Không,Không,0646110641,kh000062@email.vn,40,74636000,3564000,5,12,0.6,Thấp,"Thanh toán, chi tiêu",3.333333333333333,0,0,Dùng theo đợt,1.0,Thấp,39000000.0,2,7439290.666666667,46439290.666666664,Không,34.12500000000001
KH000041,Võ Minh Hạnh,1981-06-03,Nữ,70991264041,TP Hồ Chí Minh,Nội trợ,Phổ thông,Cá nhân,CN Thanh Xuân,2021-08-03,Tại quầy,Ngừng giao dịch,Không,Không,0582895853,kh000041@email.vn,43,1092365254,53244517,7,7,0.4883720930232558,Khá,Đa mục đích,3.583333333333333,5,3,Đang xa dần,1.0,Thấp,759000000.0,2,158567210.0,917567210.0,Không,68.625
KH000052,Trần Kim Tú,1986-04-13,Nữ,75833400305,Thanh Hóa,Hưu trí,Phổ thông,Cá nhân,CN Thanh Xuân,2024-10-02,Trực tuyến,Đang hoạt động,Không,Không,0449349769,kh000052@email.vn,314,59475000,3537000,12,12,0.697452229299363,Thấp,"Thanh toán, chi tiêu",26.166666666666668,0,4,Số hóa cao,1.0,Thấp,43000000.0,2,207506.0,43207506.0,Không,33.25
KH000057,Bùi Hữu Trung,1993-06-17,Nam,57610898790,Đà Nẵng,Giáo viên,Phổ thông,Cá nhân,CN Hoàn Kiếm,2024-11-01,Trực tuyến,Đang hoạt động,Không,Không,0901279285,kh000057@email.vn,108,1549812263,52029000,12,12,0.4722222222222222,Cao,"Thanh toán, chi tiêu",9.0,0,1,Giao dịch đều đặn,1.0,Thấp,1748000000.0,3,70764303.33333333,1818764303.3333333,Có,50.512499999999996
KH000008,Vũ Bá Tú,1960-12-27,Nam,27395941939,Hà Nội,Giáo viên,Phổ thông,Cá nhân,CN Bình Dương,2026-01-01,Tại quầy,Đang hoạt động,Không,Không,0856197347,kh000008@email.vn,178,4226739438,209619000,12,12,0.7921348314606742,Cao,Đa mục đích,14.833333333333334,0,4,Số hóa cao,1.0,Thấp,3750000000.0,2,20070673.666666668,3770070673.6666665,Có,63.525
KH000167,Hồ Quang Vân,1957-11-14,Nam,28695359144,Đồng Nai,Bác sĩ,Phổ thông,Cá nhân,CN Cầu Giấy,2024-12-01,Trực tuyến,Ngừng giao dịch,Không,Không,0605239115,kh000167@email.vn,22,42538000,3684000,7,7,0.6363636363636364,Thấp,Chuyển tiền,1.8333333333333333,5,3,Đang xa dần,3.0,Cao,0.0,2,38459608.0,38459608.0,Không,34.675000000000004
KH000021,Hồ Thanh Việt,1962-11-21,Nam,16153163433,Đồng Nai,Hưu trí,Phổ thông,Cá nhân,CN Quận 1,2025-08-02,Trực tuyến,Đang hoạt động,Không,Không,0837628893,kh000021@email.vn,71,134592374,8472732,12,12,0.5211267605633803,Trung bình,Nhận lương,5.916666666666667,0,1,Giao dịch đều đặn,1.0,Thấp,0.0,2,89457246.66666667,89457246.66666667,Không,37.275000000000006
KH000150,Tô Đức Nga,1978-04-09,Nam,49810136397,Hải Phòng,Hưu trí,Phổ thông,Cá nhân,CN Bình Dương,2017-03-06,Tại quầy,Đang hoạt động,Không,Không,0684003974,kh000150@email.vn,50,507691626,24175000,12,12,0.3,Trung bình,Đa mục đích,4.166666666666667,0,2,Quầy truyền thống,1.0,Thấp,843000000.0,2,30124860.0,873124860.0,Không,56.175
KH000093,Tô Hữu Hiếu,1984-03-08,Nữ,44782975795,Nghệ An,Giáo viên,Phổ thông,Cá nhân,CN Bình Dương,2026-10-01,Trực tuyến,Đang hoạt động,Không,Không,0490486909,kh000093@email.vn,27,114173000,19411000,3,12,0.7037037037037037,Thấp,Đa mục đích,2.25,0,0,Dùng theo đợt,1.0,Thấp,610000000.0,2,19205370.666666668,629205370.6666666,Không,52.15
KH000187,Trương Thanh Đạt,1966-10-24,Nam,64674067578,Cần Thơ,Bán hàng,Phổ thông,Cá nhân,CN Cần Thơ,2016-04-06,Trực tuyến,Đang hoạt động,Không,Không,0806539071,kh000187@email.vn,176,659620519,15644638,12,12,0.6818181818181818,Khá,Đa mục đích,14.666666666666666,0,4,Số hóa cao,1.0,Thấp,633000000.0,2,9280411.333333334,642280411.3333334,Không,53.025
KH000046,Hồ Đức Thảo,1966-10-17,Nam,60744200117,Đồng Nai,Kế toán,Phổ thông,Cá nhân,CN Cầu Giấy,2024-04-02,Tại quầy,Ngừng giao dịch,Không,Không,0367875241,kh000046@email.vn,28,755044437,43553468,7,7,0.25,Khá,Đa mục đích,2.333333333333333,5,3,Đang xa dần,1.0,Thấp,692000000.0,2,115206888.0,807206888.0,Không,67.225
KH000010,Trần Khánh Dũng,1968-03-05,Nữ,10627641498,Hải Phòng,Nội trợ,Phổ thông,Cá nhân,CN Hải Phòng,2025-09-01,Trực tuyến,Đang hoạt động,Không,Không,0963850623,kh000010@email.vn,207,460912264,13659577,12,12,0.6714975845410628,Trung bình,Đa mục đích,17.25,0,4,Số hóa cao,1.0,Thấp,248000000.0,2,2419308.6666666665,250419308.66666666,Không,47.425000000000004
KH000115,Bùi Minh Hiếu,1967-10-09,Nam,43406255939,Quảng Ninh,Hưu trí,Phổ thông,Cá nhân,CN Cầu Giấy,2016-11-05,Trực tuyến,Đang hoạt động,Không,Không,0388723340,kh000115@email.vn,87,415652103,11935002,12,12,0.6091954022988506,Trung bình,Đa mục đích,7.25,0,1,Giao dịch đều đặn,2.0,Trung bình,119000000.0,3,38877558.666666664,157877558.66666666,Không,24.2625
KH000196,Lý Hữu Hùng,1967-03-01,Nữ,31059818759,Thanh Hóa,Nhân viên văn phòng,Phổ thông,Cá nhân,CN Thanh Xuân,2024-08-02,Tại quầy,Ngừng giao dịch,Có,Không,0772294879,kh000196@email.vn,47,76061162,9058337,7,7,0.2978723404255319,Thấp,Nhận lương,3.9166666666666665,5,3,Đang xa dần,1.0,Cao,0.0,1,69392666.0,69392666.0,Không,58.175
KH000105,Võ Kim Hà,1983-08-05,Nam,53619980492,Nam Định,Bác sĩ,Phổ thông,Cá nhân,CN Bình Dương,2018-02-04,Tại quầy,Đang hoạt động,Không,Không,0353531993,kh000105@email.vn,28,1113113900,59111783,12,12,0.0357142857142857,Khá,Nhận lương,2.333333333333333,0,2,Quầy truyền thống,1.0,Thấp,1015000000.0,2,531561028.0,1546561028.0,Có,60.199999999999996
KH000182,Hồ Minh Vân,1958-08-14,Nam,43504834424,Bình Dương,Kỹ sư,Phổ thông,Cá nhân,CN Hải Phòng,2019-06-05,Trực tuyến,Đang hoạt động,Không,Không,0899313847,kh000182@email.vn,285,1101812683,27226171,12,12,0.775438596491228,Khá,"Thanh toán, chi tiêu",23.75,0,4,Số hóa cao,1.0,Thấp,480000000.0,2,5618994.0,485618994.0,Không,50.224999999999994
KH000183,Lý Ngọc Dũng,1973-07-24,Nam,77115926462,Nam Định,Nhân viên văn phòng,Phổ thông,Cá nhân,CN TP Hồ Chí Minh,2017-04-06,Trực tuyến,Đang hoạt động,Không,Không,0482592578,kh000183@email.vn,311,4213630358,87387000,12,12,0.6591639871382636,Cao,"Thanh toán, chi tiêu",25.916666666666668,0,4,Số hóa cao,1.0,Thấp,4163000000.0,2,34734501.333333336,4197734501.3333335,Có,63.87500000000001
KH000114,Trương Tuấn Nga,1985-05-05,Nam,72613132943,Hà Nội,Kỹ sư,Phổ thông,Cá nhân,CN Bình Dương,2015-12-06,Trực tuyến,Đang hoạt động,Không,Không,0323468906,kh000114@email.vn,115,273877662,11881357,12,12,0.6347826086956522,Trung bình,Nhận lương,9.583333333333334,0,1,Giao dịch đều đặn,1.0,Thấp,0.0,2,91740340.33333333,91740340.33333333,Không,37.45
KH000011,Đinh Khánh Đạt,1965-01-24,Nữ,88369049718,Thái Bình,Bác sĩ,Ưu tiên,Cá nhân,CN Hoàn Kiếm,2016-07-06,Trực tuyến,Đang hoạt động,Không,Không,0830411845,kh000011@email.vn,107,356120465,11893317,12,12,0.5887850467289719,Trung bình,Đa mục đích,8.916666666666666,0,1,Giao dịch đều đặn,1.0,Thấp,25000000.0,2,124118180.33333333,149118180.3333333,Không,43.400000000000006
KH000055,Trương Tuấn Khoa,1988-06-16,Nữ,30843408315,Hải Phòng,Kế toán,Ưu tiên,Cá nhân,CN Bình Dương,2023-05-04,Tại quầy,Đang hoạt động,Không,Không,0350618857,kh000055@email.vn,31,15667000,974000,4,11,0.5483870967741935,Thấp,Đa mục đích,2.583333333333333,1,0,Dùng theo đợt,1.0,Thấp,0.0,1,6778587.0,6778587.0,Không,50.175000000000004
KH000087,Huỳnh Hữu Việt,1956-01-15,Nữ,33740161552,TP Hồ Chí Minh,Nhân viên văn phòng,Phổ thông,Cá nhân,CN Bình Dương,2016-10-05,Trực tuyến,Đang hoạt động,Không,Không,0895306634,kh000087@email.vn,116,41132000,8894000,12,12,0.7068965517241379,Thấp,Đa mục đích,9.666666666666666,0,1,Giao dịch đều đặn,1.0,Thấp,572000000.0,3,324759.3333333333,572324759.3333334,Không,40.1875
KH000139,Hồ Ngọc Hà,1991-09-03,Nữ,59570967436,Quảng Ninh,Kỹ sư,Phổ thông,Cá nhân,CN Đà Nẵng,2016-04-06,Tại quầy,Đang hoạt động,Không,Không,0423719257,kh000139@email.vn,68,196107000,27901000,4,11,0.6617647058823529,Trung bình,"Thanh toán, chi tiêu",5.666666666666667,1,0,Dùng theo đợt,1.0,Thấp,639000000.0,2,374473.6666666667,639374473.6666666,Không,61.324999999999996
KH000199,Bùi Hữu Hùng,1957-02-01,Nam,29012424490,Quảng Ninh,Bác sĩ,Ưu tiên,Cá nhân,CN Cần Thơ,2021-07-04,Trực tuyến,Đang hoạt động,Không,Không,0995838327,kh000199@email.vn,50,1607563255,54806000,12,12,0.14,Cao,Đa mục đích,4.166666666666667,0,2,Quầy truyền thống,1.0,Thấp,904000000.0,2,236019267.33333334,1140019267.3333333,Có,58.275
KH000089,Võ Thu Hạnh,1988-11-04,Nữ,14209524828,Quảng Ninh,Công nhân,Phổ thông,Cá nhân,CN Hải Phòng,2021-02-02,Tại quầy,Đang hoạt động,Không,Không,0675742950,kh000089@email.vn,24,354546398,19953288,12,12,0.0416666666666666,Trung bình,Nhận lương,2.0,0,2,Quầy truyền thống,1.0,Thấp,419000000.0,2,241513560.33333334,660513560.3333334,Không,53.55
KH000140,Bùi Đức Đạt,1959-09-09,Nữ,65473411555,Đồng Nai,Bác sĩ,Phổ thông,Cá nhân,CN Cần Thơ,2023-01-02,Trực tuyến,Đang hoạt động,Không,Không,0705040590,kh000140@email.vn,18,21518000,3067000,12,12,0.2222222222222222,Thấp,"Thanh toán, chi tiêu",1.5,0,2,Quầy truyền thống,1.0,Thấp,24000000.0,2,25875402.666666668,49875402.66666667,Không,34.3
KH000024,Hoàng Thanh Mai,1965-09-12,Nam,53336720354,Nghệ An,Lái xe,Phổ thông,Cá nhân,CN Thanh Xuân,2016-11-05,Trực tuyến,Đang hoạt động,Có,Không,0584768588,kh000024@email.vn,53,161425532,11415841,12,12,0.0754716981132075,Trung bình,Nhận lương,4.416666666666667,0,2,Quầy truyền thống,1.0,Cao,0.0,1,133763196.0,133763196.0,Không,52.725
KH000078,Ngô Hải Thảo,1956-09-15,Nữ,79322436979,Đồng Nai,Giáo viên,Phổ thông,Cá nhân,CN Bình Dương,2021-02-02,Trực tuyến,Đang hoạt động,Không,Không,0902702251,kh000078@email.vn,51,998390851,39144000,12,12,0.0588235294117647,Khá,Đa mục đích,4.25,0,2,Quầy truyền thống,1.0,Thấp,622000000.0,2,57180222.0,679180222.0,Không,53.725
KH000117,Trương Gia An,1983-09-07,Nam,45191351854,Thái Bình,Lái xe,Phổ thông,Cá nhân,CN Cần Thơ,2022-10-03,Tại quầy,Đang hoạt động,Không,Không,0975476906,kh000117@email.vn,121,187654121,12040035,12,12,0.4710743801652892,Trung bình,Nhận lương,10.083333333333334,0,1,Giao dịch đều đặn,1.0,Thấp,0.0,1,124675885.66666667,124675885.66666667,Không,52.2
KH000194,Lý Xuân Lam,1980-03-03,Nam,23050737019,Đồng Nai,Bán hàng,Phổ thông,Cá nhân,CN Hải Phòng,2023-03-04,Trực tuyến,Đang hoạt động,Không,Không,0490344621,kh000194@email.vn,46,141174432,9446129,4,11,0.6304347826086957,Trung bình,"Thanh toán, chi tiêu",3.8333333333333335,1,0,Dùng theo đợt,1.0,Thấp,229000000.0,2,6192739.333333333,235192739.33333334,Không,55.55
KH000173,Hồ Văn Hạnh,1958-06-28,Nữ,78641445675,Quảng Ninh,Công nhân,Phổ thông,Cá nhân,CN Hoàn Kiếm,2019-03-06,Tại quầy,Đang hoạt động,Không,Không,0551935860,kh000173@email.vn,41,13079000,579000,12,12,0.1463414634146341,Thấp,"Thanh toán, chi tiêu",3.4166666666666665,0,2,Quầy truyền thống,1.0,Thấp,0.0,1,1135901.3333333333,1135901.3333333333,Không,40.825
KH000096,Hoàng Hữu Phúc,1961-08-17,Nữ,11473818039,Bình Dương,Nhân viên văn phòng,Ưu tiên,Cá nhân,CN Cần Thơ,2021-03-04,Trực tuyến,Đang hoạt động,Không,Không,0674174969,kh000096@email.vn,179,1489242728,71010000,12,12,0.6368715083798883,Cao,"Thanh toán, chi tiêu",14.916666666666666,0,4,Số hóa cao,1.0,Thấp,1244000000.0,3,6419897.666666667,1250419897.6666667,Có,47.887499999999996
KH000107,Đinh Hữu Hà,1987-10-17,Nam,39295371632,Đà Nẵng,Lái xe,Phổ thông,Cá nhân,CN Hoàn Kiếm,2021-01-03,Tại quầy,Đang hoạt động,Không,Không,0857472188,kh000107@email.vn,39,123111442,9978939,12,12,0.0769230769230769,Trung bình,Nhận lương,3.25,0,2,Quầy truyền thống,1.0,Thấp,0.0,1,110081692.0,110081692.0,Không,50.275000000000006
KH000029,Đặng Xuân Khoa,2000-06-23,Nữ,27849824799,TP Hồ Chí Minh,Nhân viên văn phòng,Phổ thông,Cá nhân,CN Hải Phòng,2014-10-07,Trực tuyến,Đang hoạt động,Không,Không,0486781367,kh000029@email.vn,70,202949457,11520539,4,11,0.5714285714285714,Trung bình,"Thanh toán, chi tiêu",5.833333333333333,1,0,Dùng theo đợt,1.0,Cao,168000000.0,2,10579884.333333334,178579884.33333334,Không,54.15
KH000103,Tô Quang Long,1990-01-01,Nữ,56081169467,Thanh Hóa,Công chức,Phổ thông,Cá nhân,CN Hoàn Kiếm,2014-07-07,Trực tuyến,Đang hoạt động,Không,Không,0906430656,kh000103@email.vn,59,38476000,1792000,4,11,0.6101694915254238,Thấp,"Thanh toán, chi tiêu",4.916666666666667,1,0,Dùng theo đợt,1.0,Thấp,26000000.0,2,485885.6666666667,26485885.666666668,Không,40.5
KH000097,Võ Xuân Nga,1965-11-28,Nữ,67046455825,TP Hồ Chí Minh,Nhân viên văn phòng,Phổ thông,Cá nhân,CN Bình Dương,2021-12-03,Trực tuyến,Đang hoạt động,Không,Không,0937736024,kh000097@email.vn,166,123432000,2648000,12,12,0.7168674698795181,Trung bình,"Thanh toán, chi tiêu",13.833333333333334,0,4,Số hóa cao,1.0,Thấp,0.0,1,350849.0,350849.0,Không,40.65
KH000147,Phạm Ngọc Tâm,1961-05-04,Nam,88882672778,Thái Bình,Nội trợ,Phổ thông,Cá nhân,CN Cần Thơ,2015-12-06,Tại quầy,Đang hoạt động,Không,Không,0971349003,kh000147@email.vn,59,250410072,11137905,12,12,0.135593220338983,Trung bình,Nhận lương,4.916666666666667,0,2,Quầy truyền thống,1.0,Thấp,32000000.0,3,138071981.33333334,170071981.33333334,Không,34.587500000000006
KH000072,Trần Đức Dũng,2003-11-10,Nam,57338714120,Cần Thơ,Công chức,Phổ thông,Cá nhân,CN Hải Phòng,2019-05-06,Tại quầy,Đã đóng,Không,Không,0466222946,kh000072@email.vn,40,95168621,11044799,7,7,0.375,Thấp,Nhận lương,3.333333333333333,5,3,Đang xa dần,1.0,Thấp,0.0,1,73053230.0,73053230.0,Không,58.525000000000006
KH000015,Đặng Đức Dũng,1977-10-02,Nữ,74795045624,Hà Nội,Kinh doanh tự do,Phổ thông,Cá nhân,CN TP Hồ Chí Minh,2018-02-04,Trực tuyến,Đang hoạt động,Không,Không,0815479785,kh000015@email.vn,92,3955568026,403624000,4,11,0.4782608695652174,Cao,"Thanh toán, chi tiêu",7.666666666666667,1,0,Dùng theo đợt,1.0,Thấp,6248000000.0,2,12147661.666666666,6260147661.666667,Có,73.05
KH000171,Võ Thu Sơn,1994-08-04,Nữ,77532809237,Thái Bình,Kế toán,Phổ thông,Cá nhân,CN Cần Thơ,2022-11-02,Trực tuyến,Đang hoạt động,Không,Không,0302663694,kh000171@email.vn,124,251295000,26113000,12,12,0.6048387096774194,Trung bình,"Thanh toán, chi tiêu",10.333333333333334,0,1,Giao dịch đều đặn,1.0,Thấp,401000000.0,3,191984.33333333334,401191984.3333333,Không,38.612500000000004
KH000045,Lê Hải Lam,1989-03-15,Nam,76985149200,Thái Bình,Giáo viên,Phổ thông,Cá nhân,CN Quận 1,2021-01-03,Trực tuyến,Đang hoạt động,Không,Không,0621784720,kh000045@email.vn,163,290722656,10999916,12,12,0.6748466257668712,Trung bình,Nhận lương,13.583333333333334,0,1,Giao dịch đều đặn,1.0,Thấp,0.0,1,67150841.0,67150841.0,Không,45.725
KH000007,Lê Gia Ngân,1992-02-17,Nữ,79443457645,Đồng Nai,Nhân viên văn phòng,Phổ thông,Cá nhân,CN Cần Thơ,2016-06-06,Tại quầy,Đã đóng,Không,Không,0778116869,kh000007@email.vn,37,1008074000,183602000,7,7,0.5945945945945946,Khá,"Thanh toán, chi tiêu",3.083333333333333,5,3,Đang xa dần,1.0,Thấp,3237000000.0,2,6101547.0,3243101547.0,Có,75.1
KH000137,Nguyễn Kim Ngân,1975-05-14,Nữ,81380826240,Hà Nội,Bác sĩ,Phổ thông,Cá nhân,CN Thanh Xuân,2025-05-02,Trực tuyến,Đang hoạt động,Không,Không,0646925172,kh000137@email.vn,119,617221471,17942000,12,12,0.5630252100840336,Khá,"Thanh toán, chi tiêu",9.916666666666666,0,1,Giao dịch đều đặn,1.0,Thấp,594000000.0,3,15000045.666666666,609000045.6666666,Không,40.887499999999996
KH000083,Bùi Văn Nhung,1983-06-12,Nam,83576854523,Cần Thơ,Kỹ sư,Phổ thông,Cá nhân,CN Bình Dương,2020-10-03,Tại quầy,Đang hoạt động,Không,Không,0665328906,kh000083@email.vn,81,126484603,9025153,12,12,0.5679012345679012,Trung bình,Nhận lương,6.75,0,1,Giao dịch đều đặn,1.0,Thấp,0.0,2,97917739.0,97917739.0,Không,38.324999999999996
KH000028,Lê Khánh An,1990-05-26,Nữ,43923668661,Hà Nội,Kế toán,Phổ thông,Cá nhân,CN Thanh Xuân,2019-02-03,Tại quầy,Đang hoạt động,Không,Không,0418931740,kh000028@email.vn,170,351081248,12050411,12,12,0.6058823529411764,Trung bình,Đa mục đích,14.166666666666666,0,1,Giao dịch đều đặn,1.0,Thấp,0.0,1,68830082.66666667,68830082.66666667,Không,45.900000000000006
KH000031,Võ Hữu Quân,1982-10-16,Nữ,66732253569,Bình Dương,Bán hàng,Phổ thông,Cá nhân,CN TP Hồ Chí Minh,2021-12-03,Trực tuyến,Đang hoạt động,Không,Không,0724839630,kh000031@email.vn,93,26246000,1234000,12,12,0.6774193548387096,Thấp,"Thanh toán, chi tiêu",7.75,0,1,Giao dịch đều đặn,1.0,Thấp,0.0,2,172136.33333333334,172136.33333333334,Không,30.100000000000005
KH000193,Lý Khánh Yến,1987-05-10,Nữ,89739504551,Nghệ An,Lái xe,Phổ thông,Cá nhân,CN Hải Phòng,2025-01-01,Trực tuyến,Đang hoạt động,Không,Không,0945651455,kh000193@email.vn,34,1187075652,75612000,12,12,0.1176470588235294,Khá,"Thanh toán, chi tiêu",2.833333333333333,0,2,Quầy truyền thống,1.0,Thấp,1729000000.0,2,348692661.3333333,2077692661.3333333,Có,61.95
KH000132,Hồ Văn Trung,1981-02-08,Nữ,42373084908,TP Hồ Chí Minh,Công nhân,Ưu tiên,Cá nhân,CN Cần Thơ,2022-03-04,Tại quầy,Đang hoạt động,Không,Không,0326214124,kh000132@email.vn,225,927700113,22835574,12,12,0.72,Khá,"Thanh toán, chi tiêu",18.75,0,4,Số hóa cao,1.0,Thấp,561000000.0,2,26171780.0,587171780.0,Không,51.275000000000006
KH000119,Bùi Phương Khoa,2003-01-16,Nam,17915242956,Đà Nẵng,Công nhân,Phổ thông,Cá nhân,CN Cầu Giấy,2020-09-03,Tại quầy,Đang hoạt động,Không,Không,0866411133,kh000119@email.vn,235,122364758,8127355,12,12,0.7361702127659574,Trung bình,Nhận lương,19.58333333333333,0,4,Số hóa cao,1.0,Thấp,0.0,1,78727656.66666667,78727656.66666667,Không,46.775
KH000124,Ngô Xuân Mai,1958-05-05,Nam,61806645554,Hải Phòng,Giáo viên,Phổ thông,Cá nhân,CN Đà Nẵng,2026-01-01,Trực tuyến,Ngừng giao dịch,Không,Không,0571248637,kh000124@email.vn,45,449845000,36106000,7,7,0.5333333333333333,Trung bình,Đa mục đích,3.75,5,3,Đang xa dần,1.0,Cao,629000000.0,2,7751138.0,636751138.0,Không,64.60000000000001
KH000148,Phạm Thu Hạnh,1966-07-18,Nam,59166586320,Bình Dương,Kỹ sư,Phổ thông,Cá nhân,CN Quận 1,2023-12-03,Trực tuyến,Đang hoạt động,Không,Không,0365096657,kh000148@email.vn,80,133837665,9421237,12,12,0.65,Trung bình,Nhận lương,6.666666666666667,0,1,Giao dịch đều đặn,1.0,Thấp,0.0,2,100580536.66666667,100580536.66666667,Không,39.025
KH000188,Lý Đức Sơn,1993-06-25,Nam,35651821450,Nghệ An,Kế toán,Phổ thông,Cá nhân,CN Bình Dương,2015-08-07,Trực tuyến,Đang hoạt động,Không,Không,0590391071,kh000188@email.vn,27,505337000,94564000,4,11,0.5185185185185185,Trung bình,"Thanh toán, chi tiêu",2.25,1,0,Dùng theo đợt,1.0,Thấp,3919000000.0,2,13903500.666666666,3932903500.6666665,Có,72.35
KH000019,Dương Phương Quân,1963-08-14,Nam,81614198776,TP Hồ Chí Minh,Lái xe,Ưu tiên,Cá nhân,CN Quận 1,2021-07-04,Tại quầy,Đang hoạt động,Không,Không,0982251443,kh000019@email.vn,291,533169387,9765330,12,12,0.6838487972508591,Trung bình,"Thanh toán, chi tiêu",24.25,0,4,Số hóa cao,1.0,Thấp,0.0,1,1658985.0,1658985.0,Không,41.175000000000004
KH000061,Đinh Anh Giang,2002-03-15,Nữ,14539246388,Đồng Nai,Hưu trí,Phổ thông,Cá nhân,CN Đà Nẵng,2017-12-05,Trực tuyến,Đang hoạt động,Không,Không,0707184230,kh000061@email.vn,310,424997552,8540618,12,12,0.6741935483870968,Trung bình,"Thanh toán, chi tiêu",25.83333333333333,0,4,Số hóa cao,1.0,Thấp,26000000.0,2,7910876.0,33910876.0,Không,32.375
KH000064,Nguyễn Ngọc Yến,1974-01-06,Nữ,16190682222,Hải Phòng,Bác sĩ,Phổ thông,Cá nhân,CN TP Hồ Chí Minh,2026-10-01,Tại quầy,Đang hoạt động,Không,Không,0436439730,kh000064@email.vn,26,7047000,423000,3,12,0.5,Thấp,"Thanh toán, chi tiêu",2.1666666666666665,0,0,Dùng theo đợt,1.0,Thấp,0.0,1,1578964.3333333333,1578964.3333333333,Không,41.0
KH000065,Vũ Hải Hùng,1988-09-09,Nữ,80181099869,Đồng Nai,Hưu trí,Ưu tiên,Cá nhân,CN Cần Thơ,2024-06-02,Tại quầy,Đang hoạt động,Không,Không,0881551007,kh000065@email.vn,219,4443614867,193621000,12,12,0.7579908675799086,Cao,"Thanh toán, chi tiêu",18.25,0,4,Số hóa cao,1.0,Thấp,3381000000.0,2,23697576.0,3404697576.0,Có,63.17499999999999
KH000163,Phan Tuấn Hiếu,2002-04-25,Nam,44696968952,Đồng Nai,Bán hàng,Phổ thông,Cá nhân,CN Hoàn Kiếm,2020-07-04,Trực tuyến,Đang hoạt động,Không,Không,0349987701,kh000163@email.vn,57,667342292,42226314,4,11,0.5087719298245614,Khá,Đa mục đích,4.75,1,0,Dùng theo đợt,1.0,Thấp,824000000.0,2,30200025.666666668,854200025.6666666,Không,64.64999999999999
KH000109,Mai Tuấn Nhung,1968-09-25,Nam,84203122820,Thái Bình,Nhân viên văn phòng,Phổ thông,Cá nhân,CN Thanh Xuân,2023-04-03,Trực tuyến,Đang hoạt động,Không,Không,0942760087,kh000109@email.vn,27,51103000,8375000,4,11,0.3703703703703703,Thấp,"Thanh toán, chi tiêu",2.25,1,0,Dùng theo đợt,1.0,Thấp,174000000.0,2,3355662.3333333335,177355662.33333334,Không,53.974999999999994
KH000050,Ngô Xuân Hạnh,2003-04-23,Nữ,73998390192,Đồng Nai,Kinh doanh tự do,Ưu tiên,Cá nhân,CN TP Hồ Chí Minh,2020-12-03,Trực tuyến,Đang hoạt động,Không,Không,0784537335,kh000050@email.vn,89,337470351,10424269,12,12,0.5168539325842697,Trung bình,Đa mục đích,7.416666666666667,0,1,Giao dịch đều đặn,1.0,Thấp,123000000.0,3,31293112.666666668,154293112.66666666,Không,33.537499999999994
KH000092,Lý Hải Hùng,1958-03-28,Nữ,72167181983,Nam Định,Bán hàng,Phổ thông,Cá nhân,CN Đà Nẵng,2016-08-05,Tại quầy,Đang hoạt động,Không,Không,0751311807,kh000092@email.vn,166,432893167,11555664,12,12,0.6265060240963856,Trung bình,"Thanh toán, chi tiêu",13.833333333333334,0,1,Giao dịch đều đặn,1.0,Thấp,107000000.0,3,5492440.666666667,112492440.66666667,Không,30.2125
KH000110,Bùi Tuấn Thảo,1990-03-28,Nam,79050938632,Thanh Hóa,Bán hàng,Ưu tiên,Cá nhân,CN Hải Phòng,2024-03-03,Tại quầy,Đang hoạt động,Không,Không,0322156895,kh000110@email.vn,108,293213930,10601150,12,12,0.6759259259259259,Trung bình,Nhận lương,9.0,0,1,Giao dịch đều đặn,1.0,Thấp,41000000.0,3,59057887.666666664,100057887.66666666,Không,28.287499999999998
KH000177,Đặng Hữu Linh,1975-02-21,Nam,41911305910,Thái Bình,Công chức,Phổ thông,Cá nhân,CN Thanh Xuân,2019-10-05,Tại quầy,Đang hoạt động,Không,Không,0794161736,kh000177@email.vn,102,1740228259,57120000,12,12,0.4803921568627451,Cao,"Thanh toán, chi tiêu",8.5,0,1,Giao dịch đều đặn,1.0,Thấp,986000000.0,3,27991371.666666668,1013991371.6666666,Có,46.662499999999994
KH000154,Trương Khánh Trung,1969-09-05,Nữ,20072910822,Thanh Hóa,Bác sĩ,Phổ thông,Cá nhân,CN Cần Thơ,2022-06-03,Trực tuyến,Đang hoạt động,Không,Không,0357597535,kh000154@email.vn,82,83575000,1904000,4,11,0.573170731707317,Thấp,"Thanh toán, chi tiêu",6.833333333333333,1,0,Dùng theo đợt,1.0,Thấp,0.0,1,3776327.3333333335,3776327.3333333335,Không,50.0
KH000200,Đỗ Ngọc Khoa,2005-07-21,Nữ,11841420952,TP Hồ Chí Minh,Nội trợ,Ưu tiên,Cá nhân,CN Quận 1,2017-02-04,Trực tuyến,Đang hoạt động,Không,Không,0397464238,kh000200@email.vn,44,15496000,2059000,4,11,0.5,Thấp,"Thanh toán, chi tiêu",3.6666666666666665,1,0,Dùng theo đợt,1.0,Thấp,133000000.0,2,221643.66666666666,133221643.66666667,Không,50.824999999999996
KH000063,Phạm Xuân Đạt,1985-12-04,Nữ,54285575761,Quảng Ninh,Bán hàng,Phổ thông,Cá nhân,CN Đà Nẵng,2016-05-06,Trực tuyến,Đang hoạt động,Không,Không,0653474879,kh000063@email.vn,182,228588538,10426676,12,12,0.6538461538461539,Trung bình,Nhận lương,15.166666666666666,0,4,Số hóa cao,1.0,Thấp,0.0,1,98358679.0,98358679.0,Không,48.875
KH000180,Mai Xuân Yến,1995-12-24,Nữ,61832670104,Hải Phòng,Công chức,Phổ thông,Cá nhân,CN Hoàn Kiếm,2021-10-03,Tại quầy,Đang hoạt động,Không,Không,0839768761,kh000180@email.vn,139,327233808,11921121,12,12,0.5107913669064749,Trung bình,Nhận lương,11.583333333333334,0,1,Giao dịch đều đặn,1.0,Thấp,32000000.0,2,79039316.33333333,111039316.33333333,Không,40.25
KH000101,Phạm Ngọc Yến,1956-01-09,Nữ,27744995960,Bình Dương,Công nhân,Phổ thông,Cá nhân,CN Cần Thơ,2023-09-02,Tại quầy,Đang hoạt động,Không,Không,0748491795,kh000101@email.vn,46,428796307,16649618,12,12,0.1739130434782608,Trung bình,Nhận lương,3.8333333333333335,0,2,Quầy truyền thống,1.0,Thấp,233000000.0,2,98791543.0,331791543.0,Không,48.650000000000006
KH000151,Vũ Phương Giang,1997-01-06,Nam,40942244383,Bình Dương,Bán hàng,Phổ thông,Cá nhân,CN Bình Dương,2021-03-04,Trực tuyến,Đang hoạt động,Không,Không,0374527530,kh000151@email.vn,73,29714000,1285000,12,12,0.6164383561643836,Thấp,"Thanh toán, chi tiêu",6.083333333333333,0,1,Giao dịch đều đặn,1.0,Thấp,0.0,1,140382.66666666666,140382.66666666666,Không,40.300000000000004
KH000149,Tô Hữu Lam,1967-04-21,Nam,76796359553,Bình Dương,Bán hàng,Phổ thông,Cá nhân,CN Đà Nẵng,2017-04-06,Tại quầy,Ngừng giao dịch,Không,Không,0650416823,kh000149@email.vn,39,213683511,12139000,7,7,0.4358974358974359,Trung bình,Đa mục đích,3.25,5,3,Đang xa dần,1.0,Thấp,422000000.0,2,34161738.0,456161738.0,Không,61.8
KH000133,Đỗ Bá Hà,1958-07-19,Nữ,31095549440,Cần Thơ,Bán hàng,Phổ thông,Cá nhân,CN Quận 1,2014-10-07,Tại quầy,Đang hoạt động,Không,Không,0639829228,kh000133@email.vn,24,99308000,14729000,12,12,0.2083333333333333,Thấp,Chuyển tiền,2.0,0,2,Quầy truyền thống,1.0,Thấp,360000000.0,2,2545821.0,362545821.0,Không,48.82500000000001
KH000033,Đỗ Tuấn Hùng,1969-04-20,Nam,86814582252,Quảng Ninh,Bác sĩ,Phổ thông,Cá nhân,CN Hải Phòng,2022-07-04,Tại quầy,Ngừng giao dịch,Không,Không,0754572776,kh000033@email.vn,52,137691439,10929293,7,7,0.7307692307692307,Trung bình,Nhận lương,4.333333333333333,5,3,Đang xa dần,1.0,Thấp,24000000.0,2,71742280.0,95742280.0,Không,50.075
KH000136,Nguyễn Quang An,1989-01-26,Nữ,77556822350,Hà Nội,Kỹ sư,Phổ thông,Cá nhân,CN Hải Phòng,2018-06-05,Tại quầy,Đang hoạt động,Không,Không,0543353002,kh000136@email.vn,101,1683223102,82292000,12,12,0.6138613861386139,Cao,Đa mục đích,8.416666666666666,0,1,Giao dịch đều đặn,1.0,Thấp,1374000000.0,2,24471418.0,1398471418.0,Có,59.324999999999996
KH000002,Hồ Xuân Việt,1966-12-20,Nữ,26461339510,Nam Định,Bán hàng,Phổ thông,Cá nhân,CN Cầu Giấy,2024-03-03,Trực tuyến,Ngừng giao dịch,Không,Không,0661409778,kh000002@email.vn,29,113514706,9879598,7,7,0.3793103448275862,Thấp,Nhận lương,2.4166666666666665,5,3,Đang xa dần,1.0,Thấp,0.0,1,94452376.0,94452376.0,Không,60.275
KH000014,Phan Tuấn Trung,1971-08-13,Nữ,16074485950,Bình Dương,Kế toán,Phổ thông,Cá nhân,CN Cần Thơ,2021-05-04,Trực tuyến,Đang hoạt động,Không,Không,0639182066,kh000014@email.vn,273,2384746684,66348543,12,12,0.7838827838827839,Cao,"Thanh toán, chi tiêu",22.75,0,4,Số hóa cao,1.0,Thấp,1948000000.0,2,13296176.0,1961296176.0,Có,61.6
KH000074,Ngô Đức Bình,1984-10-25,Nam,78245343198,Hải Phòng,Kinh doanh tự do,Phổ thông,Cá nhân,CN Cần Thơ,2014-08-07,Trực tuyến,Đang hoạt động,Không,Không,0546472236,kh000074@email.vn,237,333825521,9155379,12,12,0.70042194092827,Trung bình,Đa mục đích,19.75,0,4,Số hóa cao,1.0,Thấp,0.0,1,34155673.333333336,34155673.333333336,Không,42.925000000000004
KH000039,Vũ Phương Ngân,1971-07-09,Nữ,77491044400,Quảng Ninh,Công chức,Phổ thông,Cá nhân,CN Đà Nẵng,2019-08-05,Trực tuyến,Đang hoạt động,Không,Không,0859709085,kh000039@email.vn,45,114471632,8444779,4,11,0.5777777777777777,Thấp,Đa mục đích,3.75,1,0,Dùng theo đợt,1.0,Thấp,38000000.0,2,74267423.0,112267423.0,Không,49.24999999999999
KH000090,Đặng Gia Phúc,1957-09-15,Nam,18995910855,Hà Nội,Công nhân,Phổ thông,Cá nhân,CN TP Hồ Chí Minh,2019-02-03,Trực tuyến,Đang hoạt động,Không,Không,0758205901,kh000090@email.vn,34,1113512000,85323000,12,12,0.1764705882352941,Khá,"Thanh toán, chi tiêu",2.833333333333333,0,2,Quầy truyền thống,1.0,Thấp,1413000000.0,2,19376762.666666668,1432376762.6666667,Có,59.5
KH000081,Tô Khánh Vân,1983-05-17,Nam,84046574836,Cần Thơ,Công chức,Phổ thông,Cá nhân,CN Cầu Giấy,2023-01-02,Trực tuyến,Đang hoạt động,Không,Không,0423480548,kh000081@email.vn,49,1582499179,64314000,12,12,0.1224489795918367,Cao,Đa mục đích,4.083333333333333,0,2,Quầy truyền thống,1.0,Thấp,1315000000.0,3,471195155.6666667,1786195155.6666667,Có,50.3375
KH000143,Võ Kim Lam,1975-07-26,Nữ,10609213688,Đà Nẵng,Hưu trí,Ưu tiên,Cá nhân,CN Bình Dương,2021-03-04,Tại quầy,Ngừng giao dịch,Không,Không,0929935805,kh000143@email.vn,33,84941923,9314201,7,7,0.4545454545454545,Thấp,Nhận lương,2.75,5,3,Đang xa dần,1.0,Thấp,0.0,1,65631062.0,65631062.0,Không,57.300000000000004
KH000012,Lý Xuân Tú,2006-06-22,Nữ,76973893655,Thanh Hóa,Giáo viên,Phổ thông,Cá nhân,CN Cầu Giấy,2017-11-04,Trực tuyến,Đang hoạt động,Không,Không,0614577223,kh000012@email.vn,77,222793669,11344686,12,12,0.5454545454545454,Trung bình,Nhận lương,6.416666666666667,0,1,Giao dịch đều đặn,1.0,Thấp,25000000.0,3,126306722.66666667,151306722.6666667,Không,33.3625
KH000084,Lê Thu Trung,1986-12-02,Nữ,24336914747,Nghệ An,Kế toán,Phổ thông,Cá nhân,CN Đà Nẵng,2025-04-01,Tại quầy,Đang hoạt động,Không,Không,0956692868,kh000084@email.vn,248,444116522,8896089,12,12,0.7016129032258065,Trung bình,"Thanh toán, chi tiêu",20.666666666666668,0,4,Số hóa cao,3.0,Cao,29000000.0,3,9663014.333333334,38663014.333333336,Không,12.187500000000002
KH000001,Đinh Thanh Thảo,1991-09-08,Nam,11702399098,Nghệ An,Công chức,Phổ thông,Cá nhân,CN Hoàn Kiếm,2026-01-02,Tại quầy,Đã đóng,Không,Không,0919731178,kh000001@email.vn,31,618188111,47961000,7,7,0.4193548387096774,Khá,Đa mục đích,2.583333333333333,5,3,Đang xa dần,1.0,Thấp,737000000.0,2,81488911.0,818488911.0,Không,67.4
KH000068,Phạm Kim Hạnh,1991-03-07,Nam,55531554081,Bình Dương,Công nhân,Phổ thông,Cá nhân,CN TP Hồ Chí Minh,2021-04-04,Trực tuyến,Đang hoạt động,Không,Không,0674171220,kh000068@email.vn,44,469026000,35321000,4,11,0.4545454545454545,Trung bình,"Thanh toán, chi tiêu",3.6666666666666665,1,0,Dùng theo đợt,1.0,Thấp,716000000.0,2,34330089.0,750330089.0,Không,63.07499999999999
KH000100,Bùi Thanh Ngân,2005-09-20,Nam,12836876797,Thái Bình,Bác sĩ,Phổ thông,Cá nhân,CN Quận 1,2024-10-02,Tại quầy,Đã đóng,Không,Không,0860936381,kh000100@email.vn,35,421862821,28189000,7,7,0.5142857142857142,Trung bình,Đa mục đích,2.9166666666666665,5,3,Đang xa dần,1.0,Thấp,682000000.0,2,93603851.0,775603851.0,Không,66.7
KH000198,Phan Kim Linh,1959-03-11,Nam,20957499046,Nam Định,Giáo viên,Phổ thông,Cá nhân,CN Hải Phòng,2020-12-03,Tại quầy,Đang hoạt động,Không,Không,0612299071,kh000198@email.vn,35,76139000,4722000,12,12,0.1142857142857142,Thấp,Tiền mặt,2.9166666666666665,0,2,Quầy truyền thống,1.0,Thấp,64000000.0,2,2234588.0,66234588.0,Không,35.0
KH000156,Võ Hải Tâm,1956-12-23,Nam,84264248605,Đồng Nai,Kế toán,Ưu tiên,Cá nhân,CN Thanh Xuân,2017-09-05,Trực tuyến,Đang hoạt động,Không,Không,0886357962,kh000156@email.vn,28,172816000,22772000,4,11,0.6428571428571429,Trung bình,"Thanh toán, chi tiêu",2.333333333333333,1,0,Dùng theo đợt,1.0,Thấp,568000000.0,2,9021218.666666666,577021218.6666666,Không,59.575
KH000099,Tô Hữu Lam,1995-12-24,Nam,24486609265,Thanh Hóa,Giáo viên,Phổ thông,Cá nhân,CN Bình Dương,2019-03-06,Tại quầy,Đang hoạt động,Không,Không,0421861629,kh000099@email.vn,106,274827188,11004383,12,12,0.5754716981132075,Trung bình,Nhận lương,8.833333333333334,0,1,Giao dịch đều đặn,1.0,Thấp,0.0,2,59574577.333333336,59574577.333333336,Không,34.650000000000006
KH000178,Đặng Khánh Trang,1957-01-17,Nữ,35590118489,Đà Nẵng,Kỹ sư,Phổ thông,Cá nhân,CN Đà Nẵng,2022-07-04,Trực tuyến,Đang hoạt động,Không,Không,0758223538,kh000178@email.vn,32,176768765,11829000,4,11,0.5625,Trung bình,Đa mục đích,2.6666666666666665,1,0,Dùng theo đợt,1.0,Thấp,188000000.0,2,25463279.333333332,213463279.33333334,Không,55.375
KH000166,Phạm Quang Nam,1966-12-21,Nữ,54712849841,Đà Nẵng,Kỹ sư,Phổ thông,Cá nhân,CN Hải Phòng,2021-10-03,Tại quầy,Đang hoạt động,Không,Không,0600364122,kh000166@email.vn,53,1420887590,43434000,12,12,0.2075471698113207,Cao,Đa mục đích,4.416666666666667,0,2,Quầy truyền thống,1.0,Thấp,807000000.0,2,200364152.66666666,1007364152.6666666,Có,57.05
KH000013,Trần Hữu Khoa,1978-02-01,Nam,57489228905,TP Hồ Chí Minh,Hưu trí,Ưu tiên,Cá nhân,CN Hoàn Kiếm,2016-10-05,Tại quầy,Đang hoạt động,Không,Không,0411228996,kh000013@email.vn,88,1414036000,102320000,4,11,0.6022727272727273,Cao,Đa mục đích,7.333333333333333,1,0,Dùng theo đợt,1.0,Thấp,4607000000.0,2,1475771.3333333333,4608475771.333333,Có,72.7
KH000141,Nguyễn Ngọc Lam,1981-04-24,Nam,28735731158,Nam Định,Công nhân,Phổ thông,Cá nhân,CN TP Hồ Chí Minh,2017-10-05,Tại quầy,Đang hoạt động,Không,Không,0931660295,kh000141@email.vn,51,145137449,9037463,4,11,0.4901960784313725,Trung bình,Đa mục đích,4.25,1,0,Dùng theo đợt,1.0,Thấp,122000000.0,2,5769502.666666667,127769502.66666667,Không,50.64999999999999
KH000009,Hồ Kim Khoa,1999-06-10,Nam,79299659934,Hà Nội,Hưu trí,Phổ thông,Cá nhân,CN Bình Dương,2026-08-01,Tại quầy,Đang hoạt động,Không,Không,0438765377,kh000009@email.vn,40,136960221,10329815,5,12,0.625,Trung bình,Đa mục đích,3.333333333333333,0,0,Dùng theo đợt,1.0,Thấp,64000000.0,2,45317414.666666664,109317414.66666666,Không,39.725
KH000069,Dương Gia Phúc,1959-12-19,Nam,12270073354,TP Hồ Chí Minh,Công nhân,Phổ thông,Cá nhân,CN Hải Phòng,2015-09-06,Tại quầy,Đã đóng,Không,Không,0958861110,kh000069@email.vn,27,103456746,8343007,7,7,0.2962962962962963,Thấp,Nhận lương,2.25,5,3,Đang xa dần,1.0,Thấp,56000000.0,3,85783603.0,141783603.0,Không,44.587500000000006
KH000071,Đinh Anh Mai,1960-10-23,Nam,89640797282,Hà Nội,Nhân viên văn phòng,Phổ thông,Cá nhân,CN TP Hồ Chí Minh,2017-08-05,Tại quầy,Đang hoạt động,Không,Không,0321520784,kh000071@email.vn,68,394975000,23953000,12,12,0.6617647058823529,Trung bình,"Thanh toán, chi tiêu",5.666666666666667,0,1,Giao dịch đều đặn,1.0,Thấp,615000000.0,2,587904.6666666666,615587904.6666666,Không,51.975
KH000070,Đinh Thị Quân,1984-09-11,Nữ,65164762972,Đồng Nai,Kế toán,Ưu tiên,Cá nhân,CN Hải Phòng,2019-03-06,Trực tuyến,Đang hoạt động,Không,Không,0563844135,kh000070@email.vn,31,109788319,9660485,4,11,0.4193548387096774,Thấp,"Thanh toán, chi tiêu",2.583333333333333,1,0,Dùng theo đợt,1.0,Thấp,24000000.0,2,87889187.33333333,111889187.33333333,Không,49.075
KH000125,Hồ Quang Đạt,1968-11-09,Nam,24941082126,Thái Bình,Hưu trí,Phổ thông,Cá nhân,CN Quận 1,2022-02-02,Tại quầy,Đang hoạt động,Không,Không,0740649562,kh000125@email.vn,255,64379000,3631000,12,12,0.7529411764705882,Thấp,"Thanh toán, chi tiêu",21.25,0,4,Số hóa cao,1.0,Thấp,276000000.0,2,177369.33333333334,276177369.3333333,Không,47.95
KH000018,Dương Kim Phúc,2006-03-27,Nam,54368652791,Quảng Ninh,Nhân viên văn phòng,Phổ thông,Cá nhân,CN Đà Nẵng,2021-11-03,Trực tuyến,Đang hoạt động,Không,Không,0987815906,kh000018@email.vn,89,160413069,8748356,12,12,0.651685393258427,Trung bình,Nhận lương,7.416666666666667,0,1,Giao dịch đều đặn,1.0,Thấp,0.0,1,88249540.66666667,88249540.66666667,Không,47.475
