ma_kh,ho_ten,ngay_sinh,gioi_tinh,so_giay_to,tinh_thanh,nghe_nghiep,phan_khuc,loai_khach_hang,chi_nhanh_quan_ly,ngay_mo_quan_he,kenh_dang_ky,trang_thai,canh_bao_gian_lan,cong_nhan_dac_biet,dien_thoai,email
KH000020,Hồ Xuân Yến,1996-02-26,Nữ,70024531720,Bình Dương,Kinh doanh tự do,Phổ thông,Cá nhân,CN TP Hồ Chí Minh,2023-11-02,Tại quầy,Đang hoạt động,Không,Không,0343222861,kh000020@email.vn
KH000135,Vũ Tuấn Bình,2006-02-13,Nam,84763667657,Hà Nội,Công chức,Phổ thông,Cá nhân,CN Cầu Giấy,2025-08-02,Tại quầy,Đang hoạt động,Không,Không,0544037844,kh000135@email.vn
KH000192,Hoàng Xuân Cường,1965-05-02,Nữ,26029105051,Thái Bình,Công nhân,Phổ thông,Cá nhân,CN Bình Dương,2016-09-05,Trực tuyến,Đang hoạt động,Không,Không,0622976916,kh000192@email.vn
KH000127,Hoàng Ngọc Nga,1999-11-22,Nữ,50293843570,Thái Bình,Lái xe,Phổ thông,Cá nhân,CN TP Hồ Chí Minh,2023-04-03,Trực tuyến,Đang hoạt động,Không,Không,0374073875,kh000127@email.vn
KH000116,Đỗ Thị Hùng,1960-07-09,Nam,70746066219,Đồng Nai,Công chức,Phổ thông,Cá nhân,CN TP Hồ Chí Minh,2015-06-07,Trực tuyến,Đang hoạt động,Không,Không,0511705945,kh000116@email.vn
KH000181,Tô Ngọc Linh,1955-01-04,Nam,57406799469,Đồng Nai,Bác sĩ,Phổ thông,Cá nhân,CN Hoàn Kiếm,2016-05-06,Tại quầy,Đang hoạt động,Không,Không,0693077378,kh000181@email.vn
KH000079,Huỳnh Khánh Quân,1984-10-19,Nữ,36381060494,Quảng Ninh,Kế toán,Phổ thông,Cá nhân,CN Hải Phòng,2020-01-04,Trực tuyến,Đang hoạt động,Không,Không,0494265181,kh000079@email.vn
KH000176,Lê Quang Dũng,1976-07-04,Nữ,85353695753,Thanh Hóa,Hưu trí,Phổ thông,Cá nhân,CN Hải Phòng,2024-06-02,Trực tuyến,Đang hoạt động,Không,Không,0800876415,kh000176@email.vn
KH000120,Phạm Xuân Mai,1979-08-02,Nam,29401998027,Thanh Hóa,Kinh doanh tự do,Phổ thông,Cá nhân,CN Hải Phòng,2026-10-01,Trực tuyến,Đang hoạt động,Không,Không,0671372115,kh000120@email.vn
KH000189,Trần Thị Đạt,1982-07-21,Nam,33885723409,Thái Bình,Hưu trí,Phổ thông,Cá nhân,CN Bình Dương,2018-03-06,Tại quầy,Đang hoạt động,Không,Không,0538271043,kh000189@email.vn
KH000190,Đặng Tuấn Hiếu,1970-06-22,Nam,22532667250,Hà Nội,Công nhân,Phổ thông,Cá nhân,CN Thanh Xuân,2017-01-04,Tại quầy,Đang hoạt động,Không,Không,0399310669,kh000190@email.vn
KH000179,Tô Ngọc Việt,1952-10-04,Nữ,61494537887,Hà Nội,Kế toán,Phổ thông,Cá nhân,CN Quận 1,2015-02-05,Tại quầy,Đang hoạt động,Không,Không,0608632361,kh000179@email.vn
KH000153,Hồ Ngọc Trang,1991-05-27,Nam,18236597658,Cần Thơ,Nhân viên văn phòng,Phổ thông,Cá nhân,CN Hải Phòng,2022-04-04,Tại quầy,Đang hoạt động,Không,Không,0478338445,kh000153@email.vn
KH000197,Hoàng Đức Cường,1988-07-14,Nam,66157259915,Quảng Ninh,Công chức,Ưu tiên,Cá nhân,CN Quận 1,2025-07-02,Tại quầy,Đang hoạt động,Không,Không,0540047473,kh000197@email.vn
KH000023,Lê Anh Bình,1981-05-27,Nữ,73424912141,Nam Định,Kỹ sư,Phổ thông,Cá nhân,CN Cần Thơ,2020-02-03,Trực tuyến,Đang hoạt động,Không,Không,0932889916,kh000023@email.vn
KH000034,Trương Bá Sơn,1992-04-15,Nữ,75688819129,Nghệ An,Nhân viên văn phòng,Phổ thông,Cá nhân,CN Bình Dương,2017-02-04,Tại quầy,Đang hoạt động,Không,Không,0483123367,kh000034@email.vn
KH000043,Ngô Đức Tâm,1974-03-07,Nữ,86554913881,Quảng Ninh,Công chức,Phổ thông,Cá nhân,CN Bình Dương,2015-08-07,Tại quầy,Đang hoạt động,Không,Không,0425802576,kh000043@email.vn
KH000106,Trương Hải Sơn,1984-01-03,Nữ,59121816761,Quảng Ninh,Kế toán,Phổ thông,Cá nhân,CN Cần Thơ,2022-07-04,Tại quầy,Đang hoạt động,Không,Không,0450791739,kh000106@email.vn
KH000098,Hồ Thanh Trung,1989-08-07,Nữ,11184142053,Đồng Nai,Kỹ sư,Phổ thông,Cá nhân,CN Thanh Xuân,2026-02-03,Tại quầy,Đang hoạt động,Không,Không,0415393542,kh000098@email.vn
KH000016,Trương Kim Nhung,1986-11-01,Nữ,48041013970,Hải Phòng,Kinh doanh tự do,Phổ thông,Cá nhân,CN Thanh Xuân,2017-01-04,Trực tuyến,Đang hoạt động,Không,Không,0677975794,kh000016@email.vn
KH000144,Võ Thanh Linh,1990-07-01,Nữ,37241938003,Thanh Hóa,Bán hàng,Ưu tiên,Cá nhân,CN Hoàn Kiếm,2020-05-04,Tại quầy,Đang hoạt động,Không,Không,0634536997,kh000144@email.vn
KH000076,Vũ Văn Hùng,1961-10-24,Nam,81828582329,TP Hồ Chí Minh,Lái xe,Phổ thông,Cá nhân,CN Thanh Xuân,2020-11-03,Tại quầy,Ngừng giao dịch,Không,Không,0997396390,kh000076@email.vn
KH000134,Đinh Hải Hà,1984-07-24,Nam,44134777241,Hải Phòng,Nhân viên văn phòng,Phổ thông,Cá nhân,CN Quận 1,2025-01-01,Trực tuyến,Đang hoạt động,Không,Không,0416927881,kh000134@email.vn
KH000102,Hồ Hữu Quân,1990-05-16,Nam,28683225435,TP Hồ Chí Minh,Công nhân,Phổ thông,Cá nhân,CN Đà Nẵng,2024-03-03,Trực tuyến,Ngừng giao dịch,Không,Không,0708635893,kh000102@email.vn
KH000025,Võ Thanh Hà,1993-04-27,Nữ,19119130523,Cần Thơ,Nhân viên văn phòng,Phổ thông,Cá nhân,CN Bình Dương,2020-03-05,Trực tuyến,Đang hoạt động,Không,Không,0384146655,kh000025@email.vn
KH000184,Trần Ngọc Lam,1999-03-25,Nữ,40145838555,Nam Định,Lái xe,Phổ thông,Cá nhân,CN Quận 1,2024-02-01,Tại quầy,Đang hoạt động,Không,Không,0486573972,kh000184@email.vn
KH000195,Tô Hải Nga,1979-07-28,Nam,11795277694,Bình Dương,Kinh doanh tự do,Phổ thông,Cá nhân,CN Bình Dương,2018-05-06,Tại quầy,Đang hoạt động,Không,Không,0758829018,kh000195@email.vn
KH000058,Trương Xuân Ngân,1955-04-06,Nữ,62424361364,Bình Dương,Kế toán,Phổ thông,Cá nhân,CN Quận 1,2017-12-05,Trực tuyến,Đang hoạt động,Không,Không,0863179105,kh000058@email.vn
KH000037,Mai Hải Đạt,1972-02-26,Nữ,12952122937,Quảng Ninh,Kỹ sư,Phổ thông,Cá nhân,CN TP Hồ Chí Minh,2017-01-04,Tại quầy,Đang hoạt động,Không,Không,0815982367,kh000037@email.vn
KH000073,Võ Đức Cường,1956-12-18,Nữ,38958907215,Thanh Hóa,Kế toán,Phổ thông,Cá nhân,CN TP Hồ Chí Minh,2020-03-05,Trực tuyến,Ngừng giao dịch,Không,Không,0859441941,kh000073@email.vn
KH000059,Lý Xuân Nam,1958-09-05,Nam,35111490973,Đồng Nai,Lái xe,Phổ thông,Cá nhân,CN Đà Nẵng,2022-10-03,Trực tuyến,Đang hoạt động,Không,Không,0390861950,kh000059@email.vn
KH000113,Huỳnh Văn Dũng,1962-12-12,Nam,70519422919,Hà Nội,Bán hàng,Phổ thông,Cá nhân,CN Thanh Xuân,2015-05-07,Tại quầy,Đang hoạt động,Không,Không,0758166454,kh000113@email.vn
KH000123,Mai Minh An,1967-08-14,Nữ,49383764910,Đà Nẵng,Giáo viên,Phổ thông,Cá nhân,CN Hải Phòng,2022-02-02,Tại quầy,Đang hoạt động,Không,Không,0989447067,kh000123@email.vn
KH000030,Phan Đức Mai,1990-05-10,Nam,83908070596,Quảng Ninh,Lái xe,Ưu tiên,Cá nhân,CN Cần Thơ,2017-02-04,Trực tuyến,Ngừng giao dịch,Không,Không,0776728313,kh000030@email.vn
KH000118,Võ Hữu Giang,1989-10-04,Nam,34685188483,Hải Phòng,Kỹ sư,Phổ thông,Cá nhân,CN Cần Thơ,2021-02-02,Tại quầy,Đang hoạt động,Không,Không,0472805479,kh000118@email.vn
KH000077,Ngô Tuấn Nhung,2002-02-06,Nam,10976675143,Đà Nẵng,Bán hàng,Phổ thông,Cá nhân,CN Cần Thơ,2023-10-03,Tại quầy,Đang hoạt động,Không,Không,0762775167,kh000077@email.vn
KH000082,Trần Tuấn Mai,1987-08-02,Nam,89060688707,TP Hồ Chí Minh,Kỹ sư,Ưu tiên,Cá nhân,CN Đà Nẵng,2016-09-05,Trực tuyến,Đang hoạt động,Không,Không,,kh000082@email.vn
KH000174,Ngô Hữu Khoa,1984-04-19,Nữ,12920509014,Thanh Hóa,Hưu trí,Ưu tiên,Cá nhân,CN Hoàn Kiếm,2021-10-03,Trực tuyến,Ngừng giao dịch,Không,Không,0891023770,kh000174@email.vn
KH000038,Vũ Quang Yến,1995-07-11,Nam,60897952534,Quảng Ninh,Bán hàng,Ưu tiên,Cá nhân,CN Hải Phòng,2020-05-04,Tại quầy,Đang hoạt động,Không,Không,0398947226,kh000038@email.vn
KH000040,Vũ Gia Tú,1965-01-20,Nam,81143598243,Hà Nội,Nội trợ,Phổ thông,Cá nhân,CN Hoàn Kiếm,2015-05-07,Trực tuyến,Đang hoạt động,Không,Không,0597015553,kh000040@email.vn
KH000185,Hoàng Xuân Linh,1984-10-05,Nữ,73174442084,Thái Bình,Nhân viên văn phòng,Phổ thông,Cá nhân,CN TP Hồ Chí Minh,2023-04-03,Tại quầy,Đang hoạt động,Không,Không,0388746183,kh000185@email.vn
KH000086,Nguyễn Kim Yến,2000-10-14,Nữ,83364980917,Đà Nẵng,Kinh doanh tự do,Phổ thông,Cá nhân,CN Hải Phòng,2023-12-25,Tại quầy,Đang hoạt động,Không,Không,0494735575,kh000086@email.vn
KH000049,Ngô Văn Vân,1986-12-28,Nam,68495060385,Đà Nẵng,Lái xe,Phổ thông,Cá nhân,CN Thanh Xuân,2026-11-01,Tại quầy,Đang hoạt động,Không,Không,0967654464,kh000049@email.vn
KH000126,Nguyễn Tuấn Lam,1959-01-18,Nam,52171747149,Nam Định,Lái xe,Phổ thông,Cá nhân,CN TP Hồ Chí Minh,2016-12-05,Tại quầy,Đã đóng,Không,Không,0599956190,kh000126@email.vn
KH000053,Bùi Thanh Nhung,1978-08-07,Nữ,69816984845,Cần Thơ,Kinh doanh tự do,Phổ thông,Cá nhân,CN Đà Nẵng,2020-03-05,Tại quầy,Đang hoạt động,Không,Không,0517510124,kh000053@email.vn
KH000017,Bùi Tuấn Hiếu,1991-09-19,Nữ,44597556356,Bình Dương,Lái xe,Phổ thông,Cá nhân,CN Bình Dương,2014-07-07,Tại quầy,Đang hoạt động,Không,Không,0559062362,kh000017@email.vn
KH000036,Dương Tuấn Cường,1957-11-17,Nữ,57815658084,Hải Phòng,Bán hàng,Phổ thông,Cá nhân,CN Hoàn Kiếm,2026-11-01,Tại quầy,Đang hoạt động,Không,Không,0977834508,kh000036@email.vn
KH000122,Đặng Thị Khoa,2004-09-23,Nữ,14838621345,TP Hồ Chí Minh,Công nhân,Phổ thông,Cá nhân,CN Cần Thơ,2026-10-01,Tại quầy,Đang hoạt động,Không,Không,0946509941,kh000122@email.vn
KH000051,Phạm Bá Đạt,1953-03-24,Nữ,33938852357,Đồng Nai,Nội trợ,Phổ thông,Cá nhân,CN Cần Thơ,2014-09-06,Trực tuyến,Đang hoạt động,Không,Không,0875031613,kh000051@email.vn
KH000111,Đinh Ngọc Tâm,2003-12-04,Nam,36922957990,Hải Phòng,Công chức,Phổ thông,Cá nhân,CN Thanh Xuân,2019-12-04,Trực tuyến,Đang hoạt động,Không,Không,0940481043,kh000111@email.vn
KH000054,Phạm Kim Hùng,1964-04-28,Nam,83142378923,Hà Nội,Bác sĩ,Phổ thông,Cá nhân,CN Đà Nẵng,2022-10-03,Trực tuyến,Đang hoạt động,Không,Không,0608626544,kh000054@email.vn
KH000152,Đỗ Văn Thảo,1994-02-20,Nam,29810687496,Đà Nẵng,Kỹ sư,Phổ thông,Cá nhân,CN Cầu Giấy,2015-06-07,Trực tuyến,Đang hoạt động,Không,Không,0999549741,kh000152@email.vn
KH000157,Nguyễn Ngọc Hiếu,1988-07-23,Nam,42548978265,TP Hồ Chí Minh,Kỹ sư,Ưu tiên,Cá nhân,CN Đà Nẵng,2019-07-05,Tại quầy,Đang hoạt động,Không,Không,0380663608,kh000157@email.vn
KH000094,Đinh Hữu Mai,1974-01-04,Nữ,32088279338,Bình Dương,Công chức,Phổ thông,Cá nhân,CN Bình Dương,2016-06-06,Trực tuyến,Đang hoạt động,Không,Không,0496166637,kh000094@email.vn
KH000145,Đỗ Đức Quân,1958-01-05,Nữ,82672155316,Nghệ An,Công chức,Ưu tiên,Cá nhân,CN Bình Dương,2024-08-02,Trực tuyến,Đang hoạt động,Không,Không,0661728957,kh000145@email.vn
KH000146,Hồ Khánh Hạnh,1975-11-19,Nữ,21266482789,Nam Định,Hưu trí,Ưu tiên,Cá nhân,CN Đà Nẵng,2021-09-03,Tại quầy,Đang hoạt động,Không,Không,0717947789,kh000146@email.vn
KH000130,Hoàng Thị Giang,1977-09-15,Nữ,39070360738,Hà Nội,Nhân viên văn phòng,Phổ thông,Cá nhân,CN Quận 1,2021-11-03,Trực tuyến,Đang hoạt động,Không,Không,0933602574,kh000130@email.vn
KH000027,Mai Văn Thảo,1994-07-14,Nam,59612407121,Cần Thơ,Giáo viên,Ưu tiên,Cá nhân,CN Thanh Xuân,2019-09-04,Tại quầy,Đang hoạt động,Không,Có,0730800604,kh000027@email.vn
KH000172,Lê Thanh Nga,2006-02-16,Nữ,23258485424,Nam Định,Kế toán,Phổ thông,Cá nhân,CN Bình Dương,2016-09-05,Trực tuyến,Đang hoạt động,Không,Không,0709876254,kh000172@email.vn
KH000075,Hoàng Thị Lam,1979-04-13,Nam,69357708672,Bình Dương,Nội trợ,Phổ thông,Cá nhân,CN TP Hồ Chí Minh,2024-05-03,Tại quầy,Đang hoạt động,Không,Không,0426851689,kh000075@email.vn
KH000161,Đặng Thanh Linh,1996-04-19,Nam,19520418102,Nghệ An,Công chức,Phổ thông,Cá nhân,CN Cần Thơ,2026-10-01,Trực tuyến,Đang hoạt động,Không,Không,0677600344,kh000161@email.vn
KH000159,Mai Gia Lam,1990-08-24,Nam,61019191813,Nam Định,Nhân viên văn phòng,Phổ thông,Cá nhân,CN Đà Nẵng,2026-09-01,Trực tuyến,Đang hoạt động,Không,Không,0666473402,kh000159@email.vn
KH000047,Vũ Thu Đạt,1960-10-21,Nam,84136812534,Bình Dương,Nhân viên văn phòng,Ưu tiên,Cá nhân,CN Hoàn Kiếm,2021-04-04,Tại quầy,Đang hoạt động,Không,Không,0818775171,kh000047@email.vn
KH000091,Bùi Tuấn Khoa,1991-06-12,Nữ,81296778958,Nghệ An,Công nhân,Phổ thông,Cá nhân,CN Thanh Xuân,2023-03-04,Trực tuyến,Đã đóng,Không,Không,,kh000091@email.vn
KH000162,Phạm Đức Hùng,1989-06-27,Nữ,81139659569,Quảng Ninh,Hưu trí,Phổ thông,Cá nhân,CN Cần Thơ,2018-06-05,Trực tuyến,Đang hoạt động,Không,Không,0991441942,kh000162@email.vn
KH000112,Nguyễn Anh Linh,2002-12-06,Nữ,45858499284,Quảng Ninh,Công chức,Phổ thông,Cá nhân,CN Hoàn Kiếm,2016-10-05,Tại quầy,Đang hoạt động,Không,Không,0950642850,kh000112@email.vn
KH000186,Bùi Hữu Bình,1967-07-13,Nam,69362803714,Hải Phòng,Lái xe,Phổ thông,Cá nhân,CN Thanh Xuân,2024-05-03,Trực tuyến,Đang hoạt động,Có,Không,0443668546,kh000186@email.vn
KH000088,Phan Bá Trung,2005-11-18,Nữ,27330243256,Đà Nẵng,Kỹ sư,Phổ thông,Cá nhân,CN Cần Thơ,2018-09-04,Tại quầy,Ngừng giao dịch,Không,Không,0527453042,kh000088@email.vn
KH000032,Trần Gia Linh,1976-05-24,Nữ,84411978945,Quảng Ninh,Hưu trí,Phổ thông,Cá nhân,CN TP Hồ Chí Minh,2023-05-04,Trực tuyến,Đang hoạt động,Không,Không,0853626728,kh000032@email.vn
KH000095,Phạm Kim Ngân,1961-08-05,Nữ,45397654900,Đồng Nai,Công chức,Phổ thông,Cá nhân,CN Cần Thơ,2024-09-01,Trực tuyến,Ngừng giao dịch,Không,Không,0782926500,kh000095@email.vn
KH000067,Đỗ Thị Yến,1979-06-15,Nam,52460237505,Đồng Nai,Bác sĩ,Phổ thông,Cá nhân,CN Bình Dương,2014-07-07,Tại quầy,Đang hoạt động,Không,Không,0336081681,kh000067@email.vn
KH000060,Phạm Bá Ngân,1999-01-26,Nam,66090812234,Thái Bình,Bác sĩ,Phổ thông,Cá nhân,CN Bình Dương,2026-11-01,Trực tuyến,Đang hoạt động,Không,Không,0372540007,kh000060@email.vn
KH000164,Lê Hải Hạnh,1997-06-22,Nam,72630452705,Bình Dương,Hưu trí,Phổ thông,Cá nhân,CN Thanh Xuân,2017-04-06,Tại quầy,Đang hoạt động,Không,Không,0305315056,kh000164@email.vn
KH000035,Huỳnh Đức Tâm,1959-07-19,Nữ,79507171261,Nghệ An,Công nhân,Phổ thông,Cá nhân,CN Cầu Giấy,2018-06-05,Trực tuyến,Đang hoạt động,Không,Không,0427975300,kh000035@email.vn
KH000006,Bùi Gia Trung,1983-10-11,Nam,74788752134,Hải Phòng,Nội trợ,Phổ thông,Cá nhân,CN Cần Thơ,2015-02-05,Trực tuyến,Đang hoạt động,Không,Không,0563902100,kh000006@email.vn
KH000165,Lý Văn An,1973-01-08,Nữ,45655980154,TP Hồ Chí Minh,Công nhân,Phổ thông,Cá nhân,CN Cầu Giấy,2022-12-03,Trực tuyến,Đang hoạt động,Không,Không,0422213843,kh000165@email.vn
KH000128,Trần Thị Dũng,2003-04-04,Nam,41371028124,Bình Dương,Kỹ sư,Phổ thông,Cá nhân,CN Hải Phòng,2017-06-05,Tại quầy,Đang hoạt động,Không,Không,0479958798,kh000128@email.vn
KH000048,Trương Minh Lam,1963-01-16,Nữ,54134692197,TP Hồ Chí Minh,Nội trợ,Phổ thông,Cá nhân,CN Quận 1,2015-10-06,Tại quầy,Đang hoạt động,Không,Không,0362546873,kh000048@email.vn
KH000160,Phan Anh An,1988-08-08,Nam,63804541937,Đồng Nai,Kỹ sư,Phổ thông,Cá nhân,CN Hải Phòng,2017-01-04,Trực tuyến,Đang hoạt động,Không,Không,0951965609,kh000160@email.vn
KH000170,Hồ Thanh Nhung,1995-06-14,Nữ,47007744107,Thanh Hóa,Bán hàng,Phổ thông,Cá nhân,CN Bình Dương,2022-10-03,Trực tuyến,Đang hoạt động,Không,Không,0686630544,kh000170@email.vn
KH000175,Hoàng Kim Dũng,1952-07-03,Nam,56277503737,Thanh Hóa,Kế toán,Phổ thông,Cá nhân,CN Đà Nẵng,2019-10-05,Tại quầy,Đang hoạt động,Không,Không,0304333065,kh000175@email.vn
KH000026,Đặng Đức Vân,1997-11-07,Nữ,73746303147,Cần Thơ,Bán hàng,Phổ thông,Cá nhân,CN Cầu Giấy,2023-01-02,Tại quầy,Ngừng giao dịch,Không,Không,0920222075,kh000026@email.vn
KH000004,Dương Xuân Giang,1989-12-02,Nữ,79903912300,Đồng Nai,Kế toán,Ưu tiên,Cá nhân,CN Đà Nẵng,2018-02-04,Trực tuyến,Ngừng giao dịch,Không,Không,0695464634,kh000004@email.vn
KH000129,Ngô Gia Yến,1994-08-16,Nam,26935463786,Nghệ An,Bán hàng,Phổ thông,Cá nhân,CN TP Hồ Chí Minh,2016-06-06,Trực tuyến,Ngừng giao dịch,Không,Không,0954357244,kh000129@email.vn
KH000104,Bùi Thu Trang,1966-04-14,Nữ,19586785935,Đà Nẵng,Bán hàng,Phổ thông,Cá nhân,CN Hoàn Kiếm,2025-09-01,Trực tuyến,Đang hoạt động,Không,Không,0718989264,kh000104@email.vn
KH000108,Hồ Đức Bình,2006-01-01,Nữ,71351756744,Quảng Ninh,Hưu trí,Phổ thông,Cá nhân,CN Cầu Giấy,2018-09-04,Trực tuyến,Đang hoạt động,Không,Không,0511823067,kh000108@email.vn
KH000005,Nguyễn Khánh Nhung,1997-02-19,Nam,35945188421,Đồng Nai,Kỹ sư,Phổ thông,Cá nhân,CN Hải Phòng,2025-07-02,Tại quầy,Đang hoạt động,Không,Không,0647002761,kh000005@email.vn
KH000138,Huỳnh Ngọc Hạnh,1974-06-11,Nam,24142510009,Hà Nội,Bác sĩ,Phổ thông,Cá nhân,CN Quận 1,2016-12-05,Trực tuyến,Đang hoạt động,Không,Không,0668389803,kh000138@email.vn
KH000155,Hồ Xuân Nhung,1995-01-02,Nữ,68179543282,Hà Nội,Kế toán,Phổ thông,Cá nhân,CN Quận 1,2025-12-01,Tại quầy,Đang hoạt động,Có,Không,0432034959,kh000155@email.vn
KH000044,Đinh Hải Khoa,1977-08-13,Nữ,77923594828,Quảng Ninh,Kỹ sư,Phổ thông,Cá nhân,CN Cần Thơ,2015-10-06,Tại quầy,Đang hoạt động,Không,Không,0495392834,kh000044@email.vn
KH000085,Lý Anh Trang,1988-09-02,Nam,74229771517,TP Hồ Chí Minh,Kinh doanh tự do,Phổ thông,Cá nhân,CN Hải Phòng,2020-11-03,Tại quầy,Đang hoạt động,Không,Không,0904455195,kh000085@email.vn
KH000131,Bùi Đức Nga,1957-04-09,Nữ,50688166797,Hải Phòng,Nhân viên văn phòng,Phổ thông,Cá nhân,CN Thanh Xuân,2019-01-04,Trực tuyến,Đang hoạt động,Không,Không,0605381052,kh000131@email.vn
KH000169,Lý Thanh Hùng,1955-03-23,Nữ,62763573418,Thái Bình,Kế toán,Phổ thông,Cá nhân,CN Quận 1,2020-08-04,Tại quầy,Đang hoạt động,Không,Không,0858366361,kh000169@email.vn
KH000121,Lý Phương Cường,2000-12-11,Nam,64729117166,Thái Bình,Công chức,Phổ thông,Cá nhân,CN Quận 1,2025-01-31,Trực tuyến,Đang hoạt động,Không,Không,0833470851,kh000121@email.vn
KH000022,Võ Tuấn Tâm,1977-10-25,Nữ,71687936297,Quảng Ninh,Bác sĩ,Ưu tiên,Cá nhân,CN Cầu Giấy,2026-09-01,Trực tuyến,Đang hoạt động,Không,Không,0826398526,kh000022@email.vn
KH000168,Mai Văn Tú,1998-09-02,Nam,41034088371,Hà Nội,Kinh doanh tự do,Phổ thông,Cá nhân,CN TP Hồ Chí Minh,2017-10-05,Trực tuyến,Đang hoạt động,Không,Không,0354430573,kh000168@email.vn
KH000042,Phạm Anh Thảo,1981-04-14,Nam,54877352955,Cần Thơ,Bác sĩ,Phổ thông,Cá nhân,CN Hải Phòng,2024-11-01,Trực tuyến,Đang hoạt động,Không,Không,0861970610,kh000042@email.vn
KH000158,Lê Minh Trung,1992-02-01,Nam,24890520062,Thái Bình,Kế toán,Phổ thông,Cá nhân,CN Hải Phòng,2023-10-03,Trực tuyến,Đang hoạt động,Không,Không,0880827513,kh000158@email.vn
KH000191,Phạm Đức Tâm,1986-12-04,Nữ,58059662192,Bình Dương,Công nhân,Phổ thông,Cá nhân,CN Thanh Xuân,2017-04-06,Tại quầy,Đang hoạt động,Không,Không,0800346880,kh000191@email.vn
KH000080,Lý Thanh Hà,1982-05-04,Nam,34054242873,Quảng Ninh,Kinh doanh tự do,Phổ thông,Cá nhân,CN Hải Phòng,2014-11-06,Trực tuyến,Ngừng giao dịch,Không,Không,0666782209,kh000080@email.vn
KH000142,Dương Thị Mai,2002-06-25,Nam,63452196421,Hải Phòng,Lái xe,Phổ thông,Cá nhân,CN Cầu Giấy,2018-08-05,Tại quầy,Đang hoạt động,Không,Không,0866239110,kh000142@email.vn
KH000003,Phạm Bá Trang,1960-03-09,Nữ,62040373006,Hà Nội,Giáo viên,Phổ thông,Cá nhân,CN Hoàn Kiếm,2018-05-06,Tại quầy,Đang hoạt động,Không,Không,0382046567,kh000003@email.vn
KH000056,Đỗ Phương Thảo,1979-07-11,Nam,89931231347,Cần Thơ,Bác sĩ,Phổ thông,Cá nhân,CN Thanh Xuân,2018-07-06,Tại quầy,Đang hoạt động,Không,Không,0713467886,kh000056@email.vn
KH000066,Trương Thị Trung,1977-11-21,Nam,73737835191,Cần Thơ,Bán hàng,Phổ thông,Cá nhân,CN TP Hồ Chí Minh,2015-06-07,Tại quầy,Đang hoạt động,Không,Không,0793994430,kh000066@email.vn
KH000062,Lý Khánh Giang,1968-07-16,Nữ,37227578799,Nghệ An,Kế toán,Phổ thông,Cá nhân,CN TP Hồ Chí Minh,2026-08-01,Trực tuyến,Đang hoạt động,Không,Không,0646110641,kh000062@email.vn
KH000041,Võ Minh Hạnh,1981-06-03,Nữ,70991264041,TP Hồ Chí Minh,Nội trợ,Phổ thông,Cá nhân,CN Thanh Xuân,2021-08-03,Tại quầy,Ngừng giao dịch,Không,Không,0582895853,kh000041@email.vn
KH000052,Trần Kim Tú,1986-04-13,Nữ,75833400305,Thanh Hóa,Hưu trí,Phổ thông,Cá nhân,CN Thanh Xuân,2024-10-02,Trực tuyến,Đang hoạt động,Không,Không,0449349769,kh000052@email.vn
KH000057,Bùi Hữu Trung,1993-06-17,Nam,57610898790,Đà Nẵng,Giáo viên,Phổ thông,Cá nhân,CN Hoàn Kiếm,2024-11-01,Trực tuyến,Đang hoạt động,Không,Không,0901279285,kh000057@email.vn
KH000008,Vũ Bá Tú,1960-12-27,Nam,27395941939,Hà Nội,Giáo viên,Phổ thông,Cá nhân,CN Bình Dương,2026-01-01,Tại quầy,Đang hoạt động,Không,Không,0856197347,kh000008@email.vn
KH000167,Hồ Quang Vân,1957-11-14,Nam,28695359144,Đồng Nai,Bác sĩ,Phổ thông,Cá nhân,CN Cầu Giấy,2024-12-01,Trực tuyến,Ngừng giao dịch,Không,Không,0605239115,kh000167@email.vn
KH000021,Hồ Thanh Việt,1962-11-21,Nam,16153163433,Đồng Nai,Hưu trí,Phổ thông,Cá nhân,CN Quận 1,2025-08-02,Trực tuyến,Đang hoạt động,Không,Không,0837628893,kh000021@email.vn
KH000150,Tô Đức Nga,1978-04-09,Nam,49810136397,Hải Phòng,Hưu trí,Phổ thông,Cá nhân,CN Bình Dương,2017-03-06,Tại quầy,Đang hoạt động,Không,Không,0684003974,kh000150@email.vn
KH000093,Tô Hữu Hiếu,1984-03-08,Nữ,44782975795,Nghệ An,Giáo viên,Phổ thông,Cá nhân,CN Bình Dương,2026-10-01,Trực tuyến,Đang hoạt động,Không,Không,0490486909,kh000093@email.vn
KH000187,Trương Thanh Đạt,1966-10-24,Nam,64674067578,Cần Thơ,Bán hàng,Phổ thông,Cá nhân,CN Cần Thơ,2016-04-06,Trực tuyến,Đang hoạt động,Không,Không,0806539071,kh000187@email.vn
KH000046,Hồ Đức Thảo,1966-10-17,Nam,60744200117,Đồng Nai,Kế toán,Phổ thông,Cá nhân,CN Cầu Giấy,2024-04-02,Tại quầy,Ngừng giao dịch,Không,Không,0367875241,kh000046@email.vn
KH000010,Trần Khánh Dũng,1968-03-05,Nữ,10627641498,Hải Phòng,Nội trợ,Phổ thông,Cá nhân,CN Hải Phòng,2025-09-01,Trực tuyến,Đang hoạt động,Không,Không,0963850623,kh000010@email.vn
KH000115,Bùi Minh Hiếu,1967-10-09,Nam,43406255939,Quảng Ninh,Hưu trí,Phổ thông,Cá nhân,CN Cầu Giấy,2016-11-05,Trực tuyến,Đang hoạt động,Không,Không,0388723340,kh000115@email.vn
KH000196,Lý Hữu Hùng,1967-03-01,Nữ,31059818759,Thanh Hóa,Nhân viên văn phòng,Phổ thông,Cá nhân,CN Thanh Xuân,2024-08-02,Tại quầy,Ngừng giao dịch,Có,Không,0772294879,kh000196@email.vn
KH000105,Võ Kim Hà,1983-08-05,Nam,53619980492,Nam Định,Bác sĩ,Phổ thông,Cá nhân,CN Bình Dương,2018-02-04,Tại quầy,Đang hoạt động,Không,Không,0353531993,kh000105@email.vn
KH000182,Hồ Minh Vân,1958-08-14,Nam,43504834424,Bình Dương,Kỹ sư,Phổ thông,Cá nhân,CN Hải Phòng,2019-06-05,Trực tuyến,Đang hoạt động,Không,Không,0899313847,kh000182@email.vn
KH000183,Lý Ngọc Dũng,1973-07-24,Nam,77115926462,Nam Định,Nhân viên văn phòng,Phổ thông,Cá nhân,CN TP Hồ Chí Minh,2017-04-06,Trực tuyến,Đang hoạt động,Không,Không,0482592578,kh000183@email.vn
KH000114,Trương Tuấn Nga,1985-05-05,Nam,72613132943,Hà Nội,Kỹ sư,Phổ thông,Cá nhân,CN Bình Dương,2015-12-06,Trực tuyến,Đang hoạt động,Không,Không,0323468906,kh000114@email.vn
KH000011,Đinh Khánh Đạt,1965-01-24,Nữ,88369049718,Thái Bình,Bác sĩ,Ưu tiên,Cá nhân,CN Hoàn Kiếm,2016-07-06,Trực tuyến,Đang hoạt động,Không,Không,0830411845,kh000011@email.vn
KH000055,Trương Tuấn Khoa,1988-06-16,Nữ,30843408315,Hải Phòng,Kế toán,Ưu tiên,Cá nhân,CN Bình Dương,2023-05-04,Tại quầy,Đang hoạt động,Không,Không,0350618857,kh000055@email.vn
KH000087,Huỳnh Hữu Việt,1956-01-15,Nữ,33740161552,TP Hồ Chí Minh,Nhân viên văn phòng,Phổ thông,Cá nhân,CN Bình Dương,2016-10-05,Trực tuyến,Đang hoạt động,Không,Không,0895306634,kh000087@email.vn
KH000139,Hồ Ngọc Hà,1991-09-03,Nữ,59570967436,Quảng Ninh,Kỹ sư,Phổ thông,Cá nhân,CN Đà Nẵng,2016-04-06,Tại quầy,Đang hoạt động,Không,Không,0423719257,kh000139@email.vn
KH000199,Bùi Hữu Hùng,1957-02-01,Nam,29012424490,Quảng Ninh,Bác sĩ,Ưu tiên,Cá nhân,CN Cần Thơ,2021-07-04,Trực tuyến,Đang hoạt động,Không,Không,0995838327,kh000199@email.vn
KH000089,Võ Thu Hạnh,1988-11-04,Nữ,14209524828,Quảng Ninh,Công nhân,Phổ thông,Cá nhân,CN Hải Phòng,2021-02-02,Tại quầy,Đang hoạt động,Không,Không,0675742950,kh000089@email.vn
KH000140,Bùi Đức Đạt,1959-09-09,Nữ,65473411555,Đồng Nai,Bác sĩ,Phổ thông,Cá nhân,CN Cần Thơ,2023-01-02,Trực tuyến,Đang hoạt động,Không,Không,0705040590,kh000140@email.vn
KH000024,Hoàng Thanh Mai,1965-09-12,Nam,53336720354,Nghệ An,Lái xe,Phổ thông,Cá nhân,CN Thanh Xuân,2016-11-05,Trực tuyến,Đang hoạt động,Có,Không,0584768588,kh000024@email.vn
KH000078,Ngô Hải Thảo,1956-09-15,Nữ,79322436979,Đồng Nai,Giáo viên,Phổ thông,Cá nhân,CN Bình Dương,2021-02-02,Trực tuyến,Đang hoạt động,Không,Không,0902702251,kh000078@email.vn
KH000117,Trương Gia An,1983-09-07,Nam,45191351854,Thái Bình,Lái xe,Phổ thông,Cá nhân,CN Cần Thơ,2022-10-03,Tại quầy,Đang hoạt động,Không,Không,0975476906,kh000117@email.vn
KH000194,Lý Xuân Lam,1980-03-03,Nam,23050737019,Đồng Nai,Bán hàng,Phổ thông,Cá nhân,CN Hải Phòng,2023-03-04,Trực tuyến,Đang hoạt động,Không,Không,0490344621,kh000194@email.vn
KH000173,Hồ Văn Hạnh,1958-06-28,Nữ,78641445675,Quảng Ninh,Công nhân,Phổ thông,Cá nhân,CN Hoàn Kiếm,2019-03-06,Tại quầy,Đang hoạt động,Không,Không,0551935860,kh000173@email.vn
KH000096,Hoàng Hữu Phúc,1961-08-17,Nữ,11473818039,Bình Dương,Nhân viên văn phòng,Ưu tiên,Cá nhân,CN Cần Thơ,2021-03-04,Trực tuyến,Đang hoạt động,Không,Không,0674174969,kh000096@email.vn
KH000107,Đinh Hữu Hà,1987-10-17,Nam,39295371632,Đà Nẵng,Lái xe,Phổ thông,Cá nhân,CN Hoàn Kiếm,2021-01-03,Tại quầy,Đang hoạt động,Không,Không,0857472188,kh000107@email.vn
KH000029,Đặng Xuân Khoa,2000-06-23,Nữ,27849824799,TP Hồ Chí Minh,Nhân viên văn phòng,Phổ thông,Cá nhân,CN Hải Phòng,2014-10-07,Trực tuyến,Đang hoạt động,Không,Không,0486781367,kh000029@email.vn
KH000103,Tô Quang Long,1990-01-01,Nữ,56081169467,Thanh Hóa,Công chức,Phổ thông,Cá nhân,CN Hoàn Kiếm,2014-07-07,Trực tuyến,Đang hoạt động,Không,Không,0906430656,kh000103@email.vn
KH000097,Võ Xuân Nga,1965-11-28,Nữ,67046455825,TP Hồ Chí Minh,Nhân viên văn phòng,Phổ thông,Cá nhân,CN Bình Dương,2021-12-03,Trực tuyến,Đang hoạt động,Không,Không,0937736024,kh000097@email.vn
KH000147,Phạm Ngọc Tâm,1961-05-04,Nam,88882672778,Thái Bình,Nội trợ,Phổ thông,Cá nhân,CN Cần Thơ,2015-12-06,Tại quầy,Đang hoạt động,Không,Không,0971349003,kh000147@email.vn
KH000072,Trần Đức Dũng,2003-11-10,Nam,57338714120,Cần Thơ,Công chức,Phổ thông,Cá nhân,CN Hải Phòng,2019-05-06,Tại quầy,Đã đóng,Không,Không,0466222946,kh000072@email.vn
KH000015,Đặng Đức Dũng,1977-10-02,Nữ,74795045624,Hà Nội,Kinh doanh tự do,Phổ thông,Cá nhân,CN TP Hồ Chí Minh,2018-02-04,Trực tuyến,Đang hoạt động,Không,Không,0815479785,kh000015@email.vn
KH000171,Võ Thu Sơn,1994-08-04,Nữ,77532809237,Thái Bình,Kế toán,Phổ thông,Cá nhân,CN Cần Thơ,2022-11-02,Trực tuyến,Đang hoạt động,Không,Không,0302663694,kh000171@email.vn
KH000045,Lê Hải Lam,1989-03-15,Nam,76985149200,Thái Bình,Giáo viên,Phổ thông,Cá nhân,CN Quận 1,2021-01-03,Trực tuyến,Đang hoạt động,Không,Không,0621784720,kh000045@email.vn
KH000007,Lê Gia Ngân,1992-02-17,Nữ,79443457645,Đồng Nai,Nhân viên văn phòng,Phổ thông,Cá nhân,CN Cần Thơ,2016-06-06,Tại quầy,Đã đóng,Không,Không,0778116869,kh000007@email.vn
KH000137,Nguyễn Kim Ngân,1975-05-14,Nữ,81380826240,Hà Nội,Bác sĩ,Phổ thông,Cá nhân,CN Thanh Xuân,2025-05-02,Trực tuyến,Đang hoạt động,Không,Không,0646925172,kh000137@email.vn
KH000083,Bùi Văn Nhung,1983-06-12,Nam,83576854523,Cần Thơ,Kỹ sư,Phổ thông,Cá nhân,CN Bình Dương,2020-10-03,Tại quầy,Đang hoạt động,Không,Không,0665328906,kh000083@email.vn
KH000028,Lê Khánh An,1990-05-26,Nữ,43923668661,Hà Nội,Kế toán,Phổ thông,Cá nhân,CN Thanh Xuân,2019-02-03,Tại quầy,Đang hoạt động,Không,Không,0418931740,kh000028@email.vn
KH000031,Võ Hữu Quân,1982-10-16,Nữ,66732253569,Bình Dương,Bán hàng,Phổ thông,Cá nhân,CN TP Hồ Chí Minh,2021-12-03,Trực tuyến,Đang hoạt động,Không,Không,0724839630,kh000031@email.vn
KH000193,Lý Khánh Yến,1987-05-10,Nữ,89739504551,Nghệ An,Lái xe,Phổ thông,Cá nhân,CN Hải Phòng,2025-01-01,Trực tuyến,Đang hoạt động,Không,Không,0945651455,kh000193@email.vn
KH000132,Hồ Văn Trung,1981-02-08,Nữ,42373084908,TP Hồ Chí Minh,Công nhân,Ưu tiên,Cá nhân,CN Cần Thơ,2022-03-04,Tại quầy,Đang hoạt động,Không,Không,0326214124,kh000132@email.vn
KH000119,Bùi Phương Khoa,2003-01-16,Nam,17915242956,Đà Nẵng,Công nhân,Phổ thông,Cá nhân,CN Cầu Giấy,2020-09-03,Tại quầy,Đang hoạt động,Không,Không,0866411133,kh000119@email.vn
KH000124,Ngô Xuân Mai,1958-05-05,Nam,61806645554,Hải Phòng,Giáo viên,Phổ thông,Cá nhân,CN Đà Nẵng,2026-01-01,Trực tuyến,Ngừng giao dịch,Không,Không,0571248637,kh000124@email.vn
KH000148,Phạm Thu Hạnh,1966-07-18,Nam,59166586320,Bình Dương,Kỹ sư,Phổ thông,Cá nhân,CN Quận 1,2023-12-03,Trực tuyến,Đang hoạt động,Không,Không,0365096657,kh000148@email.vn
KH000188,Lý Đức Sơn,1993-06-25,Nam,35651821450,Nghệ An,Kế toán,Phổ thông,Cá nhân,CN Bình Dương,2015-08-07,Trực tuyến,Đang hoạt động,Không,Không,0590391071,kh000188@email.vn
KH000019,Dương Phương Quân,1963-08-14,Nam,81614198776,TP Hồ Chí Minh,Lái xe,Ưu tiên,Cá nhân,CN Quận 1,2021-07-04,Tại quầy,Đang hoạt động,Không,Không,0982251443,kh000019@email.vn
KH000061,Đinh Anh Giang,2002-03-15,Nữ,14539246388,Đồng Nai,Hưu trí,Phổ thông,Cá nhân,CN Đà Nẵng,2017-12-05,Trực tuyến,Đang hoạt động,Không,Không,0707184230,kh000061@email.vn
KH000064,Nguyễn Ngọc Yến,1974-01-06,Nữ,16190682222,Hải Phòng,Bác sĩ,Phổ thông,Cá nhân,CN TP Hồ Chí Minh,2026-10-01,Tại quầy,Đang hoạt động,Không,Không,0436439730,kh000064@email.vn
KH000065,Vũ Hải Hùng,1988-09-09,Nữ,80181099869,Đồng Nai,Hưu trí,Ưu tiên,Cá nhân,CN Cần Thơ,2024-06-02,Tại quầy,Đang hoạt động,Không,Không,0881551007,kh000065@email.vn
KH000163,Phan Tuấn Hiếu,2002-04-25,Nam,44696968952,Đồng Nai,Bán hàng,Phổ thông,Cá nhân,CN Hoàn Kiếm,2020-07-04,Trực tuyến,Đang hoạt động,Không,Không,0349987701,kh000163@email.vn
KH000109,Mai Tuấn Nhung,1968-09-25,Nam,84203122820,Thái Bình,Nhân viên văn phòng,Phổ thông,Cá nhân,CN Thanh Xuân,2023-04-03,Trực tuyến,Đang hoạt động,Không,Không,0942760087,kh000109@email.vn
KH000050,Ngô Xuân Hạnh,2003-04-23,Nữ,73998390192,Đồng Nai,Kinh doanh tự do,Ưu tiên,Cá nhân,CN TP Hồ Chí Minh,2020-12-03,Trực tuyến,Đang hoạt động,Không,Không,0784537335,kh000050@email.vn
KH000092,Lý Hải Hùng,1958-03-28,Nữ,72167181983,Nam Định,Bán hàng,Phổ thông,Cá nhân,CN Đà Nẵng,2016-08-05,Tại quầy,Đang hoạt động,Không,Không,0751311807,kh000092@email.vn
KH000110,Bùi Tuấn Thảo,1990-03-28,Nam,79050938632,Thanh Hóa,Bán hàng,Ưu tiên,Cá nhân,CN Hải Phòng,2024-03-03,Tại quầy,Đang hoạt động,Không,Không,0322156895,kh000110@email.vn
KH000177,Đặng Hữu Linh,1975-02-21,Nam,41911305910,Thái Bình,Công chức,Phổ thông,Cá nhân,CN Thanh Xuân,2019-10-05,Tại quầy,Đang hoạt động,Không,Không,0794161736,kh000177@email.vn
KH000154,Trương Khánh Trung,1969-09-05,Nữ,20072910822,Thanh Hóa,Bác sĩ,Phổ thông,Cá nhân,CN Cần Thơ,2022-06-03,Trực tuyến,Đang hoạt động,Không,Không,0357597535,kh000154@email.vn
KH000200,Đỗ Ngọc Khoa,2005-07-21,Nữ,11841420952,TP Hồ Chí Minh,Nội trợ,Ưu tiên,Cá nhân,CN Quận 1,2017-02-04,Trực tuyến,Đang hoạt động,Không,Không,0397464238,kh000200@email.vn
KH000063,Phạm Xuân Đạt,1985-12-04,Nữ,54285575761,Quảng Ninh,Bán hàng,Phổ thông,Cá nhân,CN Đà Nẵng,2016-05-06,Trực tuyến,Đang hoạt động,Không,Không,0653474879,kh000063@email.vn
KH000180,Mai Xuân Yến,1995-12-24,Nữ,61832670104,Hải Phòng,Công chức,Phổ thông,Cá nhân,CN Hoàn Kiếm,2021-10-03,Tại quầy,Đang hoạt động,Không,Không,0839768761,kh000180@email.vn
KH000101,Phạm Ngọc Yến,1956-01-09,Nữ,27744995960,Bình Dương,Công nhân,Phổ thông,Cá nhân,CN Cần Thơ,2023-09-02,Tại quầy,Đang hoạt động,Không,Không,0748491795,kh000101@email.vn
KH000151,Vũ Phương Giang,1997-01-06,Nam,40942244383,Bình Dương,Bán hàng,Phổ thông,Cá nhân,CN Bình Dương,2021-03-04,Trực tuyến,Đang hoạt động,Không,Không,0374527530,kh000151@email.vn
KH000149,Tô Hữu Lam,1967-04-21,Nam,76796359553,Bình Dương,Bán hàng,Phổ thông,Cá nhân,CN Đà Nẵng,2017-04-06,Tại quầy,Ngừng giao dịch,Không,Không,0650416823,kh000149@email.vn
KH000133,Đỗ Bá Hà,1958-07-19,Nữ,31095549440,Cần Thơ,Bán hàng,Phổ thông,Cá nhân,CN Quận 1,2014-10-07,Tại quầy,Đang hoạt động,Không,Không,0639829228,kh000133@email.vn
KH000033,Đỗ Tuấn Hùng,1969-04-20,Nam,86814582252,Quảng Ninh,Bác sĩ,Phổ thông,Cá nhân,CN Hải Phòng,2022-07-04,Tại quầy,Ngừng giao dịch,Không,Không,0754572776,kh000033@email.vn
KH000136,Nguyễn Quang An,1989-01-26,Nữ,77556822350,Hà Nội,Kỹ sư,Phổ thông,Cá nhân,CN Hải Phòng,2018-06-05,Tại quầy,Đang hoạt động,Không,Không,0543353002,kh000136@email.vn
KH000002,Hồ Xuân Việt,1966-12-20,Nữ,26461339510,Nam Định,Bán hàng,Phổ thông,Cá nhân,CN Cầu Giấy,2024-03-03,Trực tuyến,Ngừng giao dịch,Không,Không,0661409778,kh000002@email.vn
KH000014,Phan Tuấn Trung,1971-08-13,Nữ,16074485950,Bình Dương,Kế toán,Phổ thông,Cá nhân,CN Cần Thơ,2021-05-04,Trực tuyến,Đang hoạt động,Không,Không,0639182066,kh000014@email.vn
KH000074,Ngô Đức Bình,1984-10-25,Nam,78245343198,Hải Phòng,Kinh doanh tự do,Phổ thông,Cá nhân,CN Cần Thơ,2014-08-07,Trực tuyến,Đang hoạt động,Không,Không,0546472236,kh000074@email.vn
KH000039,Vũ Phương Ngân,1971-07-09,Nữ,77491044400,Quảng Ninh,Công chức,Phổ thông,Cá nhân,CN Đà Nẵng,2019-08-05,Trực tuyến,Đang hoạt động,Không,Không,0859709085,kh000039@email.vn
KH000090,Đặng Gia Phúc,1957-09-15,Nam,18995910855,Hà Nội,Công nhân,Phổ thông,Cá nhân,CN TP Hồ Chí Minh,2019-02-03,Trực tuyến,Đang hoạt động,Không,Không,0758205901,kh000090@email.vn
KH000081,Tô Khánh Vân,1983-05-17,Nam,84046574836,Cần Thơ,Công chức,Phổ thông,Cá nhân,CN Cầu Giấy,2023-01-02,Trực tuyến,Đang hoạt động,Không,Không,0423480548,kh000081@email.vn
KH000143,Võ Kim Lam,1975-07-26,Nữ,10609213688,Đà Nẵng,Hưu trí,Ưu tiên,Cá nhân,CN Bình Dương,2021-03-04,Tại quầy,Ngừng giao dịch,Không,Không,0929935805,kh000143@email.vn
KH000012,Lý Xuân Tú,2006-06-22,Nữ,76973893655,Thanh Hóa,Giáo viên,Phổ thông,Cá nhân,CN Cầu Giấy,2017-11-04,Trực tuyến,Đang hoạt động,Không,Không,0614577223,kh000012@email.vn
KH000084,Lê Thu Trung,1986-12-02,Nữ,24336914747,Nghệ An,Kế toán,Phổ thông,Cá nhân,CN Đà Nẵng,2025-04-01,Tại quầy,Đang hoạt động,Không,Không,0956692868,kh000084@email.vn
KH000001,Đinh Thanh Thảo,1991-09-08,Nam,11702399098,Nghệ An,Công chức,Phổ thông,Cá nhân,CN Hoàn Kiếm,2026-01-02,Tại quầy,Đã đóng,Không,Không,0919731178,kh000001@email.vn
KH000068,Phạm Kim Hạnh,1991-03-07,Nam,55531554081,Bình Dương,Công nhân,Phổ thông,Cá nhân,CN TP Hồ Chí Minh,2021-04-04,Trực tuyến,Đang hoạt động,Không,Không,0674171220,kh000068@email.vn
KH000100,Bùi Thanh Ngân,2005-09-20,Nam,12836876797,Thái Bình,Bác sĩ,Phổ thông,Cá nhân,CN Quận 1,2024-10-02,Tại quầy,Đã đóng,Không,Không,0860936381,kh000100@email.vn
KH000198,Phan Kim Linh,1959-03-11,Nam,20957499046,Nam Định,Giáo viên,Phổ thông,Cá nhân,CN Hải Phòng,2020-12-03,Tại quầy,Đang hoạt động,Không,Không,0612299071,kh000198@email.vn
KH000156,Võ Hải Tâm,1956-12-23,Nam,84264248605,Đồng Nai,Kế toán,Ưu tiên,Cá nhân,CN Thanh Xuân,2017-09-05,Trực tuyến,Đang hoạt động,Không,Không,0886357962,kh000156@email.vn
KH000099,Tô Hữu Lam,1995-12-24,Nam,24486609265,Thanh Hóa,Giáo viên,Phổ thông,Cá nhân,CN Bình Dương,2019-03-06,Tại quầy,Đang hoạt động,Không,Không,0421861629,kh000099@email.vn
KH000178,Đặng Khánh Trang,1957-01-17,Nữ,35590118489,Đà Nẵng,Kỹ sư,Phổ thông,Cá nhân,CN Đà Nẵng,2022-07-04,Trực tuyến,Đang hoạt động,Không,Không,0758223538,kh000178@email.vn
KH000166,Phạm Quang Nam,1966-12-21,Nữ,54712849841,Đà Nẵng,Kỹ sư,Phổ thông,Cá nhân,CN Hải Phòng,2021-10-03,Tại quầy,Đang hoạt động,Không,Không,0600364122,kh000166@email.vn
KH000013,Trần Hữu Khoa,1978-02-01,Nam,57489228905,TP Hồ Chí Minh,Hưu trí,Ưu tiên,Cá nhân,CN Hoàn Kiếm,2016-10-05,Tại quầy,Đang hoạt động,Không,Không,0411228996,kh000013@email.vn
KH000141,Nguyễn Ngọc Lam,1981-04-24,Nam,28735731158,Nam Định,Công nhân,Phổ thông,Cá nhân,CN TP Hồ Chí Minh,2017-10-05,Tại quầy,Đang hoạt động,Không,Không,0931660295,kh000141@email.vn
KH000009,Hồ Kim Khoa,1999-06-10,Nam,79299659934,Hà Nội,Hưu trí,Phổ thông,Cá nhân,CN Bình Dương,2026-08-01,Tại quầy,Đang hoạt động,Không,Không,0438765377,kh000009@email.vn
KH000069,Dương Gia Phúc,1959-12-19,Nam,12270073354,TP Hồ Chí Minh,Công nhân,Phổ thông,Cá nhân,CN Hải Phòng,2015-09-06,Tại quầy,Đã đóng,Không,Không,0958861110,kh000069@email.vn
KH000071,Đinh Anh Mai,1960-10-23,Nam,89640797282,Hà Nội,Nhân viên văn phòng,Phổ thông,Cá nhân,CN TP Hồ Chí Minh,2017-08-05,Tại quầy,Đang hoạt động,Không,Không,0321520784,kh000071@email.vn
KH000070,Đinh Thị Quân,1984-09-11,Nữ,65164762972,Đồng Nai,Kế toán,Ưu tiên,Cá nhân,CN Hải Phòng,2019-03-06,Trực tuyến,Đang hoạt động,Không,Không,0563844135,kh000070@email.vn
KH000125,Hồ Quang Đạt,1968-11-09,Nam,24941082126,Thái Bình,Hưu trí,Phổ thông,Cá nhân,CN Quận 1,2022-02-02,Tại quầy,Đang hoạt động,Không,Không,0740649562,kh000125@email.vn
KH000018,Dương Kim Phúc,2006-03-27,Nam,54368652791,Quảng Ninh,Nhân viên văn phòng,Phổ thông,Cá nhân,CN Đà Nẵng,2021-11-03,Trực tuyến,Đang hoạt động,Không,Không,0987815906,kh000018@email.vn
