ma_ho_so,ma_kh,ngay_de_nghi,san_pham,muc_dich,so_tien_de_nghi,ky_han_thang,lai_suat_nam_pct,thu_nhap_khai_bao,thu_nhap_khac_xac_minh,hinh_thuc_xac_minh,ngay_sinh,so_giay_to,trang_thai,canh_bao_gian_lan,ngay_bao_cao,so_tctd_khac_dang_vay,du_no_tctd_khac,nghia_vu_tra_no_thang_tctd_khac,nhom_no_hien_tai,nhom_no_cao_nhat_con_luu,so_lan_hoi_tin_6_thang,tuoi,tuoi_ket_thuc,DK01,DK02,DK03,DK04,DK06,so_thang_luong,luong_bq_thang,thu_nhap,nghia_vu_hien_co,tra_moi,dti,diem_thu_nhap,diem_dti,DK05,ly_do_dung,ket_qua_so_bo,nghe_nghiep,ngay_mo_quan_he,nhom_no,tien_gui,tong_tai_san_bq3,thang_gd_cuoi,co_vay_fta,qua_han_max,nhom_max,da_vay,diem_lich_su,diem_tien_gui,diem_nghe,tham_nien_nam,diem_tham_nien,diem_tin_dung,hang_tin_dung
HSCN00001,KH000002,2026-11-27,Vay tiêu dùng tín chấp,Chi phí học tập,70000000.0,24,17.06,11300000.0,0.0,Lương qua FTA,1966-12-20,26461339510,Ngừng giao dịch,Không,2026-12-31,0,0.0,0.0,1,1,2,60.03011635865845,62.03011635865845,False,False,False,False,False,7,9687529.42857143,9687529.42857143,0.0,3462976.9110536706,0.3574674984563467,40,80,False,,Tiếp tục,Bán hàng,2024-03-03,1.0,0.0,94452376.0,7,False,0.0,1,False,60,60,60,2.8281998631074607,60,60.0,B
HSCN00002,KH000004,2026-12-19,Vay mua nhà,Mua nhà ở riêng lẻ,750000000.0,180,9.82,24800000.0,0.0,Lương qua FTA,1989-12-02,79903912300,Ngừng giao dịch,Không,2026-12-31,0,0.0,0.0,1,1,1,37.07871321013005,52.07871321013005,False,False,False,False,False,7,19880265.85714286,19880265.85714286,0.0,7977150.510257477,0.4012597501250887,60,60,False,,Tiếp tục,Kế toán,2018-02-04,1.0,391000000.0,584547746.0,7,False,0.0,1,False,60,80,80,8.903490759753593,100,67.0,BB
HSCN00003,KH000006,2026-12-14,Vay cầm cố sổ tiết kiệm,Bổ sung vốn kinh doanh ngắn hạn,301000000.0,3,7.54,5300000.0,3400000.0,Sao kê ngân hàng khác,1983-10-11,74788752134,Đang hoạt động,Không,2026-12-31,1,53000000.0,1370000.0,1,1,0,43.22245037645448,43.47245037645448,False,False,False,False,False,0,0.0,3400000.0,1370000.0,101596821.40168963,30.284359235791072,20,20,False,,Tiếp tục,Nội trợ,2015-02-05,1.0,799000000.0,799742599.3333334,11,False,0.0,1,True,100,60,20,11.901437371663244,100,46.0,CC
HSCN00004,KH000008,2026-12-04,Vay cầm cố sổ tiết kiệm,Bổ sung vốn kinh doanh ngắn hạn,1437000000.0,6,7.81,42700000.0,0.0,Lương qua FTA,1960-12-27,27395941939,Đang hoạt động,Không,2026-12-31,0,0.0,0.0,1,2,1,66.00958247775496,66.50958247775496,False,False,False,False,False,12,40270619.833333336,40270619.833333336,0.0,244985102.8884197,6.083469882071132,100,20,False,,Tiếp tục,Giáo viên,2026-01-01,1.0,3750000000.0,3770070673.6666665,12,False,0.0,2,True,40,100,80,0.9965776865160849,20,62.0,BB
HSCN00005,KH000010,2026-12-01,Vay tiêu dùng tín chấp,Mua sắm đồ dùng gia đình,20000000.0,12,17.39,25700000.0,8900000.0,Lương qua FTA và sao kê ngân hàng khác,1968-03-05,10627641498,Đang hoạt động,Không,2026-12-31,2,119000000.0,5790000.0,1,1,1,58.8227241615332,59.8227241615332,False,False,False,False,False,12,13304688.666666666,22204688.666666664,5790000.0,1827798.718767484,0.3430716292907635,80,100,False,,Tiếp tục,Nội trợ,2025-09-01,1.0,248000000.0,250419308.66666663,12,False,0.0,1,True,100,80,20,1.3305954825462012,40,81.0,A
HSCN00006,KH000011,2026-12-12,Vay tiêu dùng tín chấp,Sửa chữa nhà,25000000.0,12,14.22,26000000.0,10600000.0,Lương qua FTA và sao kê ngân hàng khác,1965-01-24,88369049718,Đang hoạt động,Không,2026-12-31,0,0.0,0.0,1,1,3,61.93292265571527,62.93292265571527,False,False,False,False,False,12,11704038.75,22304038.75,0.0,2247266.611274996,0.1007560395883456,80,100,False,,Tiếp tục,Bác sĩ,2016-07-06,1.0,25000000.0,149118180.3333333,12,True,0.0,1,True,100,80,80,10.485968514715948,100,90.0,AA
HSCN00007,KH000012,2026-12-04,Vay mua nhà,Mua nhà ở riêng lẻ,610000000.0,300,9.0,25900000.0,0.0,Lương qua FTA,2006-06-22,76973893655,Đang hoạt động,Không,2026-12-31,3,36000000.0,1640000.0,1,1,1,20.525667351129364,45.52566735112936,False,False,False,False,False,12,11044972.416666666,11044972.416666666,2828000.0,5119097.818172534,0.7195217442264052,60,20,False,,Tiếp tục,Giáo viên,2017-11-04,1.0,25000000.0,151306722.6666667,12,True,0.0,1,True,100,80,80,9.155373032169747,100,65.0,BB
HSCN00008,KH000013,2026-12-22,Vay tiêu dùng tín chấp,Chi phí học tập,20000000.0,24,15.5,20700000.0,10700000.0,Sao kê ngân hàng khác,1978-02-01,57489228905,Đang hoạt động,Không,2026-12-31,1,111000000.0,4420000.0,1,1,0,48.91170431211499,50.91170431211499,False,False,False,False,False,0,0.0,10700000.0,4420000.0,974490.8495711606,0.5041580233244076,60,20,False,,Tiếp tục,Hưu trí,2016-10-05,1.0,4607000000.0,4608475771.333333,11,False,0.0,1,True,100,100,60,10.236824093086927,100,66.0,BB
HSCN00009,KH000014,2026-12-24,Vay tiêu dùng tín chấp,Chi phí học tập,1620000000.0,60,13.54,76200000.0,0.0,Lương qua FTA,1971-08-13,16074485950,Đang hoạt động,Không,2026-12-31,0,0.0,0.0,1,1,0,55.38398357289528,60.38398357289528,False,False,False,False,False,12,64699723.66666666,64699723.66666666,0.0,37309342.66564761,0.5766538178411016,100,20,False,,Tiếp tục,Kế toán,2021-05-04,1.0,1948000000.0,1961296176.0,12,False,0.0,1,False,60,100,80,5.6591375770020536,100,70.0,BBB
HSCN00010,KH000015,2026-11-22,Vay mua nhà,Mua nhà ở riêng lẻ,1370000000.0,180,10.7,73200000.0,0.0,Lương qua FTA,1977-10-02,74795045624,Đang hoạt động,Không,2026-12-31,0,0.0,0.0,1,1,2,49.24572210814511,64.24572210814512,False,False,False,False,False,4,67494006.5,67494006.5,0.0,15314272.957837936,0.2268982647790798,100,100,False,,Tiếp tục,Kinh doanh tự do,2018-02-04,1.0,6248000000.0,6260147661.666667,11,False,0.0,1,False,60,100,60,8.903490759753593,100,88.0,AA
HSCN00011,KH000016,2026-11-29,Vay tiêu dùng tín chấp,Chi phí khám chữa bệnh,110000000.0,24,14.44,36800000.0,29800000.0,"Giấy tờ kinh doanh, sổ sách thuế",1986-11-01,48041013970,Đang hoạt động,Không,2026-12-31,1,54000000.0,2630000.0,1,1,1,40.16427104722793,42.16427104722793,False,False,False,False,False,0,0.0,29800000.0,2630000.0,5304310.770054271,0.2662520392635661,80,100,False,,Tiếp tục,Kinh doanh tự do,2017-01-04,1.0,1374000000.0,1374239540.3333333,12,False,0.0,1,True,100,100,60,9.987679671457906,100,91.0,AA
HSCN00012,KH000017,2026-11-28,Vay mua ô tô,Mua ô tô mới phục vụ đi lại,425000000.0,60,8.67,30100000.0,8800000.0,Lương qua FTA và sao kê ngân hàng khác,1991-09-19,44597556356,Đang hoạt động,Không,2026-12-31,0,0.0,0.0,1,1,0,35.28268309377139,40.28268309377139,False,False,False,False,False,4,16442399.25,25242399.25,0.0,8754389.027420396,0.3468128738760994,80,100,False,,Tiếp tục,Lái xe,2014-07-07,1.0,619000000.0,649655286.0,11,False,0.0,1,False,60,80,60,12.484599589322382,100,80.0,A
HSCN00013,KH000019,2026-11-22,Vay tiêu dùng tín chấp,Mua sắm đồ dùng gia đình,20000000.0,36,18.1,11800000.0,0.0,Lương qua FTA,1963-08-14,81614198776,Đang hoạt động,Không,2026-12-31,3,211000000.0,10570000.0,1,1,2,63.38124572210815,66.38124572210815,False,False,False,False,False,12,9578198.916666666,9578198.916666666,10570000.0,724051.604589215,1.17914147564182,40,20,False,,Tiếp tục,Lái xe,2021-07-04,1.0,0.0,1658985.0,12,False,0.0,1,True,100,60,60,5.492128678986996,100,55.0,B
HSCN00014,KH000021,2026-12-07,Vay tiêu dùng tín chấp,Chi phí học tập,25000000.0,60,17.1,9200000.0,0.0,Lương qua FTA,1962-11-21,16153163433,Đang hoạt động,Không,2026-12-31,0,0.0,0.0,1,1,1,64.10951403148529,69.10951403148529,False,False,False,False,False,12,8226614.5,8226614.5,4950000.0,622659.4233854952,0.6773940146807044,40,20,False,,Tiếp tục,Hưu trí,2025-08-02,1.0,0.0,89457246.66666667,12,True,0.0,1,True,100,60,60,1.4127310061601643,40,52.0,CCC
HSCN00015,KH000025,2026-12-10,Vay mua ô tô,Mua ô tô mới phục vụ đi lại,295000000.0,48,11.16,26700000.0,23600000.0,Sao kê ngân hàng khác,1993-04-27,19119130523,Đang hoạt động,Không,2026-12-31,3,133000000.0,6430000.0,1,1,1,33.67830253251198,37.67830253251198,False,False,False,False,False,0,0.0,23600000.0,6430000.0,7647371.202356637,0.5964987797608744,80,20,False,,Tiếp tục,Nhân viên văn phòng,2020-03-05,1.0,196000000.0,196258897.66666663,12,False,0.0,1,True,100,60,80,6.822724161533197,100,67.0,BB
HSCN00016,KH000026,2026-11-26,Vay tiêu dùng tín chấp,Sửa chữa nhà,30000000.0,60,17.2,8000000.0,0.0,Chưa xác minh,1997-11-07,73746303147,Ngừng giao dịch,Không,2026-12-31,0,0.0,0.0,1,1,0,29.14715947980835,34.14715947980835,False,False,False,False,False,0,0.0,0.0,0.0,748807.2412742928,,20,20,True,DK05,Dừng,Bán hàng,2023-01-02,1.0,1939000000.0,1939419222.0,7,False,0.0,1,False,60,100,60,3.994524298425736,80,47.0,CCC
HSCN00017,KH000027,2026-12-14,Vay mua nhà,Nhận chuyển nhượng quyền sử dụng đất ở,530000000.0,120,10.73,18900000.0,0.0,Lương qua FTA,1994-07-14,59612407121,Đang hoạt động,Không,2026-12-31,0,0.0,0.0,1,1,5,32.46543463381246,42.46543463381246,False,False,False,False,False,12,16519383.916666666,16519383.916666666,2970000.0,7219983.502829861,0.6168500928505588,60,20,False,,Tiếp tục,Giáo viên,2019-09-04,1.0,834000000.0,846073209.6666666,12,True,0.0,1,True,100,80,80,7.323750855578371,100,65.0,BB
HSCN00018,KH000030,2026-11-27,Vay sản xuất kinh doanh,Mua hàng hóa kinh doanh,310000000.0,24,9.17,13800000.0,0.0,Lương qua FTA,1990-05-10,83908070596,Ngừng giao dịch,Không,2026-12-31,2,39000000.0,1710000.0,1,1,3,36.64339493497605,38.64339493497605,False,False,False,False,False,7,11833813.714285716,11833813.714285716,1710000.0,14186462.074771795,1.3433084598570009,60,20,False,,Tiếp tục,Lái xe,2017-02-04,1.0,0.0,157655400.0,7,False,0.0,1,True,100,60,60,9.902806297056811,100,60.0,B
HSCN00019,KH000031,2026-12-23,Vay tiêu dùng tín chấp,Mua sắm đồ dùng gia đình,25000000.0,60,17.13,8400000.0,0.0,Chưa xác minh,1982-10-16,66732253569,Đang hoạt động,Không,2026-12-31,0,0.0,0.0,1,1,2,44.20807665982204,49.20807665982204,False,False,False,False,False,0,0.0,0.0,522000.0,623063.2406674727,,20,20,True,DK05,Dừng,Bán hàng,2021-12-03,1.0,0.0,172136.33333333334,12,True,0.0,1,True,100,40,60,5.075975359342916,100,47.0,CCC
HSCN00020,KH000032,2026-12-18,Vay mua ô tô,Mua ô tô mới phục vụ đi lại,275000000.0,36,10.18,14100000.0,0.0,Lương qua FTA,1976-05-24,84411978945,Đang hoạt động,Không,2026-12-31,0,0.0,0.0,1,1,0,50.60369609856263,53.60369609856263,False,False,False,False,False,12,11486120.583333334,11486120.583333334,954000.0,8896734.59776981,0.8576206845733003,60,20,False,,Tiếp tục,Hưu trí,2023-05-04,1.0,0.0,123762897.0,12,True,0.0,1,True,100,60,60,3.6605065023956196,80,59.0,B
HSCN00021,KH000033,2026-12-10,Vay cầm cố sổ tiết kiệm,Nhu cầu tiêu dùng ngắn hạn,19000000.0,6,7.06,11900000.0,0.0,Lương qua FTA,1969-04-20,86814582252,Ngừng giao dịch,Không,2026-12-31,2,112000000.0,4560000.0,1,1,3,57.6974674880219,58.1974674880219,False,False,False,False,False,7,10662777.0,10662777.0,4560000.0,3232192.362741244,0.7307845191493026,60,20,False,,Tiếp tục,Bác sĩ,2022-07-04,1.0,24000000.0,95742280.0,7,False,0.0,1,True,100,80,80,4.492813141683778,80,64.0,BB
HSCN00022,KH000035,2026-12-21,Vay cầm cố sổ tiết kiệm,Bổ sung vốn kinh doanh ngắn hạn,124000000.0,6,7.91,26000000.0,22600000.0,Sao kê ngân hàng khác,1959-07-19,79507171261,Đang hoạt động,Không,2026-12-31,0,0.0,0.0,1,1,0,67.45242984257358,67.95242984257358,False,False,False,False,False,0,0.0,22600000.0,0.0,21146074.29875034,0.935667004369484,80,20,False,,Tiếp tục,Công nhân,2018-06-05,1.0,147000000.0,149168988.33333334,12,False,0.0,1,False,60,60,60,8.572210814510608,100,57.0,B
HSCN00023,KH000037,2026-12-28,Vay mua nhà,Mua căn hộ chung cư,790000000.0,300,10.1,32000000.0,28600000.0,Sao kê ngân hàng khác,1972-02-26,12952122937,Đang hoạt động,Không,2026-12-31,0,0.0,0.0,1,1,1,54.84462696783025,79.84462696783025,True,False,False,False,False,0,0.0,28600000.0,0.0,7234501.168179609,0.2529545862999863,80,100,False,DK01,Dừng,Kỹ sư,2017-01-04,1.0,1310000000.0,1324670791.3333333,12,False,0.0,1,False,60,100,80,9.987679671457906,100,85.0,AA
HSCN00024,KH000038,2026-12-16,Vay mua nhà,Mua căn hộ chung cư,420000000.0,180,9.06,12100000.0,0.0,Lương qua FTA,1995-07-11,60897952534,Đang hoạt động,Không,2026-12-31,0,0.0,0.0,2,2,4,31.47433264887064,46.47433264887064,False,False,False,False,False,12,11516517.166666666,11516517.166666666,1770000.0,4274923.6543651465,0.5248916462228299,60,20,False,,Tiếp tục,Bán hàng,2020-05-04,2.0,51000000.0,156977940.3333333,12,True,50.0,2,True,40,80,60,6.658453114305271,100,51.0,CCC
HSCN00025,KH000039,2026-12-12,Vay sản xuất kinh doanh,Mua hàng hóa kinh doanh,520000000.0,12,9.66,9900000.0,0.0,Lương qua FTA,1971-07-09,77491044400,Đang hoạt động,Không,2026-12-31,0,0.0,0.0,1,1,2,55.4798083504449,56.4798083504449,False,False,False,False,False,4,8222908.0,8222908.0,0.0,45634074.14300336,5.549627229564451,40,20,False,,Tiếp tục,Công chức,2019-08-05,1.0,38000000.0,112267423.0,11,False,0.0,1,False,60,80,80,7.405886379192334,100,52.0,CCC
HSCN00026,KH000040,2026-12-26,Vay mua nhà,Mua nhà ở riêng lẻ,520000000.0,240,9.68,11100000.0,0.0,Lương qua FTA,1965-01-20,81143598243,Đang hoạt động,Không,2026-12-31,1,99000000.0,3730000.0,1,1,0,61.94387405886379,81.9438740588638,True,False,False,False,False,12,10461937.75,10461937.75,20380000.0,4908367.166264495,2.41717813377971,60,20,False,DK01,Dừng,Nội trợ,2015-05-07,1.0,150000000.0,169410231.33333334,12,True,0.0,1,True,100,80,20,11.652292950034223,100,59.0,B
HSCN00027,KH000041,2026-12-17,Vay mua nhà,Nhận chuyển nhượng quyền sử dụng đất ở,730000000.0,300,9.97,55600000.0,0.0,Lương qua FTA,1981-06-03,70991264041,Ngừng giao dịch,Không,2026-12-31,0,0.0,0.0,1,1,0,45.57700205338809,70.5770020533881,False,False,False,False,False,7,51601036.28571428,51601036.28571428,0.0,6618083.540385123,0.1282548572036592,100,100,False,,Tiếp tục,Nội trợ,2021-08-03,1.0,759000000.0,917567210.0,7,False,0.0,1,False,60,80,20,5.409993155373032,100,81.0,A
HSCN00028,KH000042,2026-12-25,Vay sản xuất kinh doanh,Mua hàng hóa kinh doanh,90000000.0,36,11.11,11900000.0,0.0,Lương qua FTA,1981-04-14,54877352955,Đang hoạt động,Không,2026-12-31,2,259000000.0,7370000.0,1,1,2,45.71389459274469,48.71389459274469,False,False,False,False,False,12,11127795.0,11127795.0,10190000.0,2951175.030811256,1.180932523542288,60,20,False,,Tiếp tục,Bác sĩ,2024-11-01,1.0,54000000.0,94051223.0,12,True,0.0,1,True,100,80,80,2.16290212183436,60,63.0,BB
HSCN00029,KH000044,2026-11-24,Vay tiêu dùng tín chấp,Chi phí học tập,115000000.0,12,14.33,28700000.0,23500000.0,Sao kê ngân hàng khác,1977-08-13,77923594828,Đang hoạt động,Không,2026-12-31,0,0.0,0.0,1,1,0,49.38261464750171,50.38261464750171,False,False,False,False,False,0,0.0,23500000.0,0.0,10343383.178065067,0.4401439650240454,80,40,False,,Tiếp tục,Kỹ sư,2015-10-06,1.0,652000000.0,653972095.3333334,12,False,0.0,1,False,60,60,80,11.236139630390143,100,64.0,BB
HSCN00030,KH000045,2026-11-30,Vay sản xuất kinh doanh,Bổ sung vốn kinh doanh hộ gia đình,130000000.0,12,11.85,12200000.0,0.0,Lương qua FTA,1989-03-15,76985149200,Đang hoạt động,Không,2026-12-31,0,0.0,0.0,1,2,3,37.79603011635866,38.79603011635866,False,False,False,False,False,12,10755804.666666666,10755804.666666666,0.0,11541222.238663072,1.0730226697432037,60,20,False,,Tiếp tục,Giáo viên,2021-01-03,1.0,0.0,67150841.0,12,False,0.0,2,True,40,60,80,5.990417522245037,100,50.0,CCC
HSCN00031,KH000047,2026-12-24,Vay tiêu dùng tín chấp,Chi phí học tập,295000000.0,36,18.38,30500000.0,11400000.0,Lương qua FTA và sao kê ngân hàng khác,1960-10-21,84136812534,Đang hoạt động,Không,2026-12-31,0,0.0,0.0,1,1,2,66.19301848049281,69.19301848049281,False,False,False,False,False,12,10617363.083333334,22017363.083333336,0.0,10721275.774618303,0.4869464038013743,80,40,False,,Tiếp tục,Nhân viên văn phòng,2021-04-04,1.0,39000000.0,191959342.3333333,12,False,0.0,1,False,60,80,80,5.7412731006160165,100,67.0,BB
HSCN00032,KH000048,2026-12-10,Vay tiêu dùng tín chấp,Chi phí học tập,20000000.0,24,14.59,5800000.0,3300000.0,Sao kê ngân hàng khác,1963-01-16,54134692197,Đang hoạt động,Không,2026-12-31,0,0.0,0.0,1,1,0,63.95619438740589,65.95619438740589,False,False,False,False,False,0,0.0,3300000.0,0.0,965841.5566682828,0.2926792595964493,20,100,True,DK05,Dừng,Nội trợ,2015-10-06,1.0,192000000.0,192785048.3333333,11,False,0.0,1,False,60,60,20,11.236139630390143,100,58.0,B
HSCN00033,KH000049,2026-12-23,Vay mua nhà,Nhận chuyển nhượng quyền sử dụng đất ở,470000000.0,180,10.73,13300000.0,3400000.0,Lương qua FTA và sao kê ngân hàng khác,1986-12-28,68495060385,Đang hoạt động,Không,2026-12-31,0,0.0,0.0,1,1,1,40.0082135523614,55.0082135523614,False,False,False,False,False,2,8727756.5,3400000.0,0.0,5262591.726191325,1.547821095938625,20,20,True,DK05,Dừng,Lái xe,2026-11-01,1.0,57000000.0,79184065.5,12,False,0.0,1,False,60,60,60,0.16427104722792607,20,38.0,C
HSCN00034,KH000053,2026-12-08,Vay sản xuất kinh doanh,Mua hàng hóa kinh doanh,950000000.0,36,9.68,72000000.0,8000000.0,Lương qua FTA và sao kê ngân hàng khác,1978-08-07,69816984845,Đang hoạt động,Không,2026-12-31,0,0.0,0.0,1,2,4,48.39972621492129,51.39972621492129,False,False,False,False,False,4,62738966.0,70738966.0,0.0,30511299.867431805,0.4313223898046772,100,40,False,,Tiếp tục,Kinh doanh tự do,2020-03-05,1.0,4638000000.0,4661368666.0,11,False,0.0,2,True,40,100,60,6.822724161533197,100,69.0,BB
HSCN00035,KH000054,2026-11-30,Vay tiêu dùng tín chấp,Sửa chữa nhà,55000000.0,36,18.46,57200000.0,14300000.0,Lương qua FTA và sao kê ngân hàng khác,1964-04-28,83142378923,Đang hoạt động,Không,2026-12-31,2,128000000.0,3380000.0,1,1,1,62.67488021902806,65.67488021902807,False,False,False,False,False,4,9575466.5,23875466.5,3380000.0,2001096.4851704196,0.2253818364206797,80,100,False,,Tiếp tục,Bác sĩ,2022-10-03,1.0,141000000.0,158381415.66666666,11,False,0.0,1,True,100,80,80,4.243668720054757,80,89.0,AA
HSCN00036,KH000056,2026-12-06,Vay tiêu dùng tín chấp,Chi phí học tập,80000000.0,24,17.68,21600000.0,6300000.0,Lương qua FTA và sao kê ngân hàng khác,1979-07-11,89931231347,Đang hoạt động,Không,2026-12-31,0,0.0,0.0,1,1,1,47.47433264887064,49.47433264887064,False,False,False,False,False,12,11380361.333333334,17680361.333333336,495000.0,3981569.77709822,0.2531944733877357,60,100,False,,Tiếp tục,Bác sĩ,2018-07-06,1.0,41000000.0,149464226.6666667,12,True,0.0,1,True,100,80,80,8.487337440109513,100,85.0,AA
HSCN00037,KH000059,2026-11-30,Vay mua nhà,Mua nhà ở riêng lẻ,760000000.0,300,9.11,97600000.0,0.0,Lương qua FTA,1958-09-05,35111490973,Đang hoạt động,Không,2026-12-31,3,2055000000.0,85980000.0,3,3,0,68.32032854209446,93.32032854209446,True,False,True,False,False,12,80648204.91666667,80648204.91666667,85980000.0,6435237.843801951,1.145905701674254,100,20,False,DK01,Dừng,Lái xe,2022-10-03,1.0,1630000000.0,1660830356.6666667,12,False,0.0,3,True,20,100,60,4.243668720054757,80,59.0,B
HSCN00038,KH000060,2026-12-08,Vay tiêu dùng tín chấp,Chi phí khám chữa bệnh,30000000.0,12,16.47,17700000.0,0.0,Lương qua FTA,1999-01-26,66090812234,Đang hoạt động,Không,2026-12-31,0,0.0,0.0,1,1,2,27.928815879534564,28.928815879534564,False,False,False,False,False,2,8363956.0,0.0,0.0,2728602.608653361,,20,20,True,DK05,Dừng,Bác sĩ,2026-11-01,1.0,93000000.0,119162237.5,12,False,0.0,1,False,60,60,80,0.16427104722792607,20,40.0,CC
HSCN00039,KH000062,2026-12-09,Vay sản xuất kinh doanh,Bổ sung vốn kinh doanh hộ gia đình,350000000.0,36,9.27,29600000.0,24900000.0,Sao kê ngân hàng khác,1968-07-16,37227578799,Đang hoạt động,Không,2026-12-31,1,616000000.0,16140000.0,3,3,2,58.458590006844624,61.458590006844624,False,False,True,False,False,0,0.0,24900000.0,16140000.0,11173940.072187535,1.0969453844252022,80,20,False,DK03,Dừng,Kế toán,2026-08-01,1.0,39000000.0,46439290.66666666,12,False,0.0,3,True,20,60,80,0.4161533196440794,20,47.0,CCC
HSCN00040,KH000063,2026-11-23,Vay mua nhà,Nhận chuyển nhượng quyền sử dụng đất ở,410000000.0,180,8.92,41400000.0,13900000.0,Lương qua FTA và sao kê ngân hàng khác,1985-12-04,54285575761,Đang hoạt động,Không,2026-12-31,0,0.0,0.0,1,2,1,41.073237508555785,56.073237508555785,False,False,False,False,False,12,10228461.5,24128461.5,0.0,4139003.5802019294,0.1715403023189824,80,100,False,,Tiếp tục,Bán hàng,2016-05-06,1.0,0.0,98358679.0,12,False,0.0,2,True,40,60,60,10.652977412731007,100,73.0,BBB
HSCN00041,KH000064,2026-11-22,Vay mua ô tô,Mua ô tô mới phục vụ đi lại,305000000.0,84,8.94,14800000.0,12500000.0,Sao kê ngân hàng khác,1974-01-06,16190682222,Đang hoạt động,Không,2026-12-31,0,0.0,0.0,1,1,4,52.98288843258042,59.98288843258042,False,False,False,False,False,0,0.0,12500000.0,0.0,4897886.693461987,0.3918309354769589,60,80,False,,Tiếp tục,Bác sĩ,2026-10-01,1.0,0.0,1578964.3333333333,12,False,0.0,1,False,60,40,80,0.24914442162902123,20,62.0,BB
HSCN00042,KH000066,2026-11-29,Vay tiêu dùng tín chấp,Mua sắm đồ dùng gia đình,20000000.0,12,19.2,11600000.0,0.0,Lương qua FTA,1977-11-21,73737835191,Đang hoạt động,Không,2026-12-31,0,0.0,0.0,1,1,1,49.1088295687885,50.1088295687885,False,False,False,False,False,12,11035455.083333334,11035455.083333334,1854000.0,1845041.128803941,0.3351960658505639,60,100,False,,Tiếp tục,Bán hàng,2015-06-07,1.0,0.0,147869807.66666666,12,True,0.0,1,True,100,60,60,11.567419575633128,100,80.0,A
HSCN00043,KH000067,2026-11-25,Vay tiêu dùng tín chấp,Sửa chữa nhà,290000000.0,48,14.38,22700000.0,21800000.0,Sao kê ngân hàng khác,1979-06-15,52460237505,Đang hoạt động,Không,2026-12-31,0,0.0,0.0,1,1,5,47.54551676933607,51.54551676933607,False,False,False,False,False,0,0.0,21800000.0,0.0,7980068.644570313,0.3660581947050602,80,80,False,,Tiếp tục,Bác sĩ,2014-07-07,1.0,1478000000.0,1478711132.3333333,12,False,0.0,1,False,60,100,80,12.484599589322382,100,80.0,A
HSCN00044,KH000068,2026-11-25,Vay mua ô tô,Mua ô tô mới phục vụ đi lại,350000000.0,84,10.74,6900000.0,0.0,Chưa xác minh,1991-03-07,55531554081,Đang hoạt động,Không,2026-12-31,0,0.0,0.0,1,1,2,35.81930184804928,42.81930184804928,False,False,False,False,False,0,0.0,0.0,0.0,5945112.776501821,,20,20,True,DK05,Dừng,Công nhân,2021-04-04,1.0,716000000.0,750330089.0,11,False,0.0,1,False,60,60,60,5.7412731006160165,100,42.0,CC
HSCN00045,KH000070,2026-12-26,Vay tiêu dùng tín chấp,Sửa chữa nhà,30000000.0,12,19.65,32200000.0,6700000.0,Lương qua FTA và sao kê ngân hàng khác,1984-09-11,65164762972,Đang hoạt động,Không,2026-12-31,0,0.0,0.0,1,1,2,42.3025325119781,43.3025325119781,False,False,False,False,False,4,9502579.75,16202579.75,0.0,2774012.3596187467,0.1712080670128315,60,100,False,,Tiếp tục,Kế toán,2019-03-06,1.0,24000000.0,111889187.33333331,11,False,0.0,1,False,60,80,80,7.822039698836414,100,77.0,BBB
HSCN00046,KH000071,2026-12-19,Vay tiêu dùng tín chấp,Mua sắm đồ dùng gia đình,255000000.0,60,17.79,23800000.0,21000000.0,Sao kê ngân hàng khác,1960-10-23,89640797282,Đang hoạt động,Không,2026-12-31,0,0.0,0.0,1,1,3,66.18754277891856,71.18754277891856,False,False,False,False,False,0,0.0,21000000.0,0.0,6446228.190684974,0.3069632471754749,80,100,False,,Tiếp tục,Nhân viên văn phòng,2017-08-05,1.0,615000000.0,615587904.6666666,12,False,0.0,1,False,60,60,80,9.404517453798768,100,79.0,A
HSCN00047,KH000073,2026-12-22,Vay mua ô tô,Mua ô tô mới phục vụ đi lại,345000000.0,36,9.09,107300000.0,3200000.0,Lương qua FTA và sao kê ngân hàng khác,1956-12-18,38958907215,Ngừng giao dịch,Không,2026-12-31,0,0.0,0.0,1,1,0,70.03422313483915,73.03422313483915,False,False,False,False,False,7,47614143.0,50814143.0,828000.0,10985364.54576902,0.2324818219559271,100,100,False,,Tiếp tục,Kế toán,2020-03-05,1.0,859000000.0,1003272812.0,7,True,0.0,1,True,100,100,80,6.822724161533197,100,98.0,AAA
HSCN00048,KH000075,2026-12-05,Vay mua ô tô,Mua ô tô mới phục vụ đi lại,270000000.0,72,10.3,11500000.0,0.0,Lương qua FTA,1979-04-13,69357708672,Đang hoạt động,Không,2026-12-31,0,0.0,0.0,1,1,1,47.71800136892539,53.71800136892539,False,False,False,False,False,4,7992595.25,7992595.25,0.0,5042919.436519085,0.6309489319528704,40,20,False,,Tiếp tục,Nội trợ,2024-05-03,1.0,301000000.0,315220552.6666667,11,False,0.0,1,False,60,80,20,2.6611909650924024,60,44.0,CC
HSCN00049,KH000076,2026-12-09,Vay cầm cố sổ tiết kiệm,Nhu cầu tiêu dùng ngắn hạn,34000000.0,12,6.32,60800000.0,27000000.0,Sao kê ngân hàng khác,1961-10-24,81828582329,Ngừng giao dịch,Không,2026-12-31,0,0.0,0.0,1,1,2,65.1854893908282,66.1854893908282,False,False,False,False,False,0,0.0,27000000.0,0.0,2931261.7931603165,0.1085652515985302,80,100,False,,Tiếp tục,Lái xe,2020-11-03,1.0,44000000.0,45560341.0,7,False,0.0,1,False,60,60,60,6.157426420260096,100,77.0,BBB
HSCN00050,KH000078,2026-12-10,Vay mua ô tô,Mua ô tô mới phục vụ đi lại,335000000.0,60,10.89,22900000.0,0.0,Lương qua FTA,1956-09-15,79322436979,Đang hoạt động,Không,2026-12-31,1,137000000.0,7520000.0,1,1,2,70.29158110882958,75.29158110882958,True,False,False,False,False,12,22039237.58333333,22039237.58333333,7520000.0,7265347.782864157,0.6708647577738913,80,20,False,DK01,Dừng,Giáo viên,2021-02-02,1.0,622000000.0,679180222.0,12,False,0.0,1,True,100,80,80,5.908281998631074,100,70.0,BBB
HSCN00051,KH000079,2026-12-25,Vay tiêu dùng tín chấp,Chi phí học tập,75000000.0,36,13.65,53200000.0,0.0,Lương qua FTA,1984-10-19,36381060494,Đang hoạt động,Không,2026-12-31,3,412000000.0,23960000.0,1,1,2,42.19849418206708,45.19849418206708,False,False,False,False,False,12,31301217.33333333,31301217.33333333,23960000.0,2550591.329751579,0.8469508085719046,100,20,False,,Tiếp tục,Kế toán,2020-01-04,1.0,1749000000.0,1757321649.6666667,12,False,0.0,1,True,100,100,80,6.9897330595482545,100,78.0,A
HSCN00052,KH000080,2026-12-22,Vay tiêu dùng tín chấp,Mua vàng miếng,35000000.0,48,13.52,13700000.0,0.0,Lương qua FTA,1982-05-04,34054242873,Ngừng giao dịch,Không,2026-12-31,2,209000000.0,11580000.0,1,1,0,44.65982203969884,48.65982203969884,False,False,False,False,True,7,11479418.57142857,11479418.57142857,11580000.0,948020.6277805415,1.0913462689619022,60,20,False,DK06,Dừng,Kinh doanh tự do,2014-11-06,1.0,0.0,98512423.0,7,False,0.0,1,True,100,60,60,12.150581793292266,100,60.0,B
HSCN00053,KH000082,2026-11-23,Vay mua nhà,Mua nhà ở riêng lẻ,480000000.0,180,10.39,11200000.0,0.0,Lương qua FTA,1987-08-02,89060688707,Đang hoạt động,Không,2026-12-31,3,85000000.0,2970000.0,1,1,1,39.41409993155373,54.41409993155373,False,False,False,False,False,12,10489425.833333334,10489425.833333334,5880000.0,5273228.55783556,1.0632830371318125,60,20,False,,Tiếp tục,Kỹ sư,2016-09-05,1.0,53000000.0,59450532.66666666,12,True,0.0,1,True,100,80,80,10.318959616700889,100,65.0,BB
HSCN00054,KH000083,2026-12-19,Vay tiêu dùng tín chấp,Chi phí khám chữa bệnh,20000000.0,24,17.62,16600000.0,0.0,Lương qua FTA,1983-06-12,83576854523,Đang hoạt động,Không,2026-12-31,3,111000000.0,4740000.0,1,1,0,43.553730321697465,45.553730321697465,False,False,False,False,False,12,8863883.583333334,8863883.583333334,6450000.0,994813.75600398,0.8399042796548438,40,20,False,,Tiếp tục,Kỹ sư,2020-10-03,1.0,0.0,97917739.0,12,True,0.0,1,True,100,60,80,6.242299794661191,100,57.0,B
HSCN00055,KH000084,2026-12-03,Vay mua ô tô,Mua ô tô mới phục vụ đi lại,190000000.0,36,8.82,15400000.0,0.0,Lương qua FTA,1986-12-02,24336914747,Đang hoạt động,Không,2026-12-31,0,0.0,0.0,3,3,1,40.07939767282683,43.07939767282683,False,False,True,False,False,12,8705543.5,8705543.5,330000.0,6026044.670728204,0.7301146299169263,40,20,False,DK03,Dừng,Kế toán,2025-04-01,3.0,29000000.0,38663014.333333336,12,True,174.0,3,True,20,80,80,1.7494866529774127,40,41.0,CC
HSCN00056,KH000085,2026-11-30,Vay sản xuất kinh doanh,Mua hàng hóa kinh doanh,320000000.0,24,11.17,31400000.0,19200000.0,"Giấy tờ kinh doanh, sổ sách thuế",1988-09-02,74229771517,Đang hoạt động,Không,2026-12-31,0,0.0,0.0,1,1,0,38.32717316906229,40.32717316906229,False,False,False,False,False,0,0.0,19200000.0,0.0,14939777.308821255,0.7781134015011071,60,20,False,,Tiếp tục,Kinh doanh tự do,2020-11-03,1.0,2723000000.0,2725376855.6666665,12,False,0.0,1,False,60,100,60,6.157426420260096,100,58.0,B
HSCN00057,KH000086,2026-12-20,Vay sản xuất kinh doanh,Bổ sung vốn kinh doanh hộ gia đình,530000000.0,36,11.41,44400000.0,0.0,Lương qua FTA,2000-10-14,83364980917,Đang hoạt động,Không,2026-12-31,0,0.0,0.0,1,2,0,26.21218343600274,29.21218343600274,False,False,False,False,False,4,42057844.5,42057844.5,0.0,17454606.319051947,0.4150142863135068,100,60,False,,Tiếp tục,Kinh doanh tự do,2023-12-25,1.0,2171000000.0,2203355931.6666665,11,True,0.0,2,True,40,100,60,3.0171115674195756,80,73.0,BBB
HSCN00058,KH000087,2026-12-19,Vay cầm cố sổ tiết kiệm,Nhu cầu tiêu dùng ngắn hạn,145000000.0,3,6.39,8800000.0,0.0,Chưa xác minh,1956-01-15,33740161552,Đang hoạt động,Không,2026-12-31,0,0.0,0.0,1,2,0,70.9596167008898,71.2096167008898,False,False,False,False,False,0,0.0,0.0,1854000.0,48848994.58622485,,20,20,False,,Tiếp tục,Nhân viên văn phòng,2016-10-05,1.0,572000000.0,572324759.3333334,12,True,0.0,2,True,40,60,80,10.236824093086927,100,40.0,CC
HSCN00059,KH000091,2026-11-24,Vay mua ô tô,Mua ô tô mới phục vụ đi lại,275000000.0,60,9.54,50300000.0,0.0,Lương qua FTA,1991-06-12,81296778958,Đã đóng,Không,2026-12-31,1,345000000.0,16790000.0,1,1,0,35.553730321697465,40.553730321697465,False,False,False,True,False,7,42593064.571428575,42593064.571428575,16790000.0,5780888.938629182,0.5299193463944769,100,20,False,DK04,Dừng,Công nhân,2023-03-04,1.0,816000000.0,1043410557.0,7,False,0.0,1,True,100,100,60,3.8275154004106775,80,75.0,BBB
HSCN00060,KH000092,2026-12-05,Vay cầm cố sổ tiết kiệm,Bổ sung vốn kinh doanh ngắn hạn,84000000.0,12,6.06,22600000.0,8400000.0,Lương qua FTA và sao kê ngân hàng khác,1958-03-28,72167181983,Đang hoạt động,Không,2026-12-31,2,1577000000.0,82790000.0,1,1,1,68.76112251882273,69.76112251882273,False,False,False,False,False,12,11353847.25,19753847.25,86048000.0,7231896.849929235,4.722112896257676,60,20,False,,Tiếp tục,Bán hàng,2016-08-05,1.0,107000000.0,112492440.66666669,12,True,0.0,1,True,100,80,60,10.403832991101986,100,63.0,BB
HSCN00061,KH000093,2026-12-20,Vay tiêu dùng tín chấp,Chi phí khám chữa bệnh,35000000.0,36,19.6,17400000.0,16600000.0,Sao kê ngân hàng khác,1984-03-08,44782975795,Đang hoạt động,Không,2026-12-31,1,213000000.0,6820000.0,1,1,1,42.8145106091718,45.8145106091718,False,False,False,False,False,0,0.0,16600000.0,6820000.0,1293603.028058611,0.4887712667505187,60,40,False,,Tiếp tục,Giáo viên,2026-10-01,1.0,610000000.0,629205370.6666666,12,False,0.0,1,True,100,60,80,0.24914442162902123,20,63.0,BB
HSCN00062,KH000094,2026-11-30,Vay tiêu dùng tín chấp,Mua sắm đồ dùng gia đình,75000000.0,48,13.06,9000000.0,0.0,Lương qua FTA,1974-01-04,32088279338,Đang hoạt động,Không,2026-12-31,0,0.0,0.0,1,2,2,52.988364134154686,56.988364134154686,False,False,False,False,False,12,8371687.333333333,8371687.333333333,0.0,2014296.3737650232,0.2406081705589685,40,100,False,,Tiếp tục,Công chức,2016-06-06,1.0,0.0,66513025.66666666,12,False,0.0,2,True,40,60,80,10.568104038329912,100,65.0,BB
HSCN00063,KH000096,2026-12-28,Vay sản xuất kinh doanh,Bổ sung vốn kinh doanh hộ gia đình,250000000.0,12,10.0,32000000.0,0.0,Lương qua FTA,1961-08-17,11473818039,Đang hoạt động,Không,2026-12-31,0,0.0,0.0,1,2,1,65.37166324435319,66.37166324435319,False,False,False,False,False,12,30247977.33333333,30247977.33333333,80550000.0,21978971.807502467,3.3896141443651286,100,20,False,,Tiếp tục,Nhân viên văn phòng,2021-03-04,1.0,1244000000.0,1250419897.6666667,12,True,0.0,2,True,40,100,80,5.8261464750171115,100,66.0,BB
HSCN00064,KH000097,2026-12-04,Vay tiêu dùng tín chấp,Mua sắm đồ dùng gia đình,70000000.0,60,18.55,34300000.0,14900000.0,Sao kê ngân hàng khác,1965-11-28,67046455825,Đang hoạt động,Không,2026-12-31,0,0.0,0.0,1,1,0,61.08966461327858,66.08966461327859,False,False,False,False,False,0,0.0,14900000.0,0.0,1798550.1305432485,0.120708062452567,60,100,False,,Tiếp tục,Nhân viên văn phòng,2021-12-03,1.0,0.0,350849.0,12,False,0.0,1,False,60,40,80,5.075975359342916,100,71.0,BBB
HSCN00065,KH000099,2026-11-30,Vay tiêu dùng tín chấp,Sửa chữa nhà,40000000.0,24,18.49,11900000.0,0.0,Lương qua FTA,1995-12-24,24486609265,Đang hoạt động,Không,2026-12-31,2,39000000.0,1240000.0,1,1,0,31.019849418206707,33.019849418206704,False,False,False,False,False,12,10818515.666666666,10818515.666666666,1642000.0,2006447.213557436,0.3372410158630913,60,100,False,,Tiếp tục,Giáo viên,2019-03-06,1.0,0.0,59574577.333333336,12,True,0.0,1,True,100,60,80,7.822039698836414,100,82.0,A
HSCN00066,KH000101,2026-11-28,Vay sản xuất kinh doanh,Mua máy móc phục vụ sản xuất,220000000.0,24,8.74,16900000.0,0.0,Lương qua FTA,1956-01-09,27744995960,Đang hoạt động,Không,2026-12-31,2,79000000.0,3840000.0,1,1,3,70.97604380561259,72.97604380561259,False,False,False,False,False,12,16339358.916666666,16339358.916666666,3840000.0,10024419.220843527,0.8485289595237043,60,20,False,,Tiếp tục,Công nhân,2023-09-02,1.0,233000000.0,331791543.0,12,False,0.0,1,True,100,80,60,3.3292265571526354,80,62.0,BB
HSCN00067,KH000103,2026-11-26,Vay tiêu dùng tín chấp,Sửa chữa nhà,20000000.0,24,19.94,9700000.0,8800000.0,Sao kê ngân hàng khác,1990-01-01,56081169467,Đang hoạt động,Không,2026-12-31,2,69000000.0,3930000.0,1,1,1,36.99657768651608,38.99657768651608,False,False,False,False,False,0,0.0,8800000.0,3930000.0,1017329.9269982568,0.5621965826134383,40,20,False,,Tiếp tục,Công chức,2014-07-07,1.0,26000000.0,26485885.666666668,11,False,0.0,1,True,100,60,80,12.484599589322382,100,57.0,B
HSCN00068,KH000106,2026-12-28,Vay mua nhà,Mua nhà ở riêng lẻ,440000000.0,120,10.02,13800000.0,0.0,Lương qua FTA,1984-01-03,59121816761,Đang hoạt động,Không,2026-12-31,0,0.0,0.0,1,1,1,42.992470910335385,52.992470910335385,False,False,False,False,False,4,9532937.0,9532937.0,0.0,5819506.557251022,0.6104631298046994,40,20,False,,Tiếp tục,Kế toán,2022-07-04,1.0,0.0,43586440.0,11,False,0.0,1,False,60,60,80,4.492813141683778,80,48.0,CCC
HSCN00069,KH000107,2026-11-30,Vay tiêu dùng tín chấp,Chi phí khám chữa bệnh,210000000.0,60,18.45,19900000.0,0.0,Lương qua FTA,1987-10-17,39295371632,Đang hoạt động,Không,2026-12-31,0,0.0,0.0,1,2,0,39.20602327173169,44.20602327173169,False,False,False,False,False,12,9720453.5,9720453.5,0.0,5384160.738857846,0.5539001589645839,40,20,False,,Tiếp tục,Lái xe,2021-01-03,1.0,0.0,110081692.0,12,False,0.0,2,True,40,60,60,5.990417522245037,100,43.0,CC
HSCN00070,KH000108,2026-12-13,Vay mua nhà,Nhận chuyển nhượng quyền sử dụng đất ở,570000000.0,300,7.9,25900000.0,0.0,Lương qua FTA,2006-01-01,71351756744,Đang hoạt động,Không,2026-12-31,1,48000000.0,1410000.0,1,1,2,20.996577686516083,45.99657768651608,False,False,False,False,False,12,11481077.916666666,11481077.916666666,1410000.0,4361659.779302617,0.50271061839273,60,20,False,,Tiếp tục,Hưu trí,2018-09-04,1.0,0.0,123325797.33333331,12,False,0.0,1,True,100,60,60,8.323066392881588,100,60.0,B
HSCN00071,KH000109,2026-12-07,Vay tiêu dùng tín chấp,Chi phí học tập,55000000.0,24,18.59,12200000.0,0.0,Chưa xác minh,1968-09-25,84203122820,Đang hoạt động,Không,2026-12-31,3,74000000.0,1980000.0,2,2,4,58.26420260095825,60.26420260095825,False,False,False,False,False,0,0.0,0.0,1980000.0,2761530.342263058,,20,20,True,DK05,Dừng,Nhân viên văn phòng,2023-04-03,1.0,174000000.0,177355662.33333334,11,True,0.0,2,True,40,60,80,3.7453798767967146,80,39.0,C
HSCN00072,KH000110,2026-11-22,Vay mua ô tô,Mua ô tô mới phục vụ đi lại,305000000.0,60,8.12,20400000.0,7900000.0,Lương qua FTA và sao kê ngân hàng khác,1990-03-28,79050938632,Đang hoạt động,Không,2026-12-31,3,139000000.0,5150000.0,1,1,3,36.76112251882272,41.76112251882272,False,False,False,False,False,12,10346910.833333334,18246910.833333336,5582000.0,6201831.293311511,0.645798699897458,60,20,False,,Tiếp tục,Bán hàng,2024-03-03,1.0,41000000.0,100057887.66666666,12,True,0.0,1,True,100,80,60,2.8281998631074607,60,61.0,B
HSCN00073,KH000111,2026-12-26,Vay sản xuất kinh doanh,Bổ sung vốn kinh doanh hộ gia đình,150000000.0,36,11.62,50600000.0,0.0,Lương qua FTA,2003-12-04,36922957990,Đang hoạt động,Không,2026-12-31,0,0.0,0.0,1,1,0,23.07460643394935,26.07460643394935,False,False,False,False,False,12,44518459.91666666,44518459.91666666,0.0,4954966.023606055,0.1113013799866655,100,100,False,,Tiếp tục,Công chức,2019-12-04,1.0,2973000000.0,3015976401.6666665,12,True,0.0,1,True,100,100,80,7.0746064339493495,100,98.0,AAA
HSCN00074,KH000112,2026-11-23,Vay tiêu dùng tín chấp,Mua sắm đồ dùng gia đình,60000000.0,24,13.76,19900000.0,0.0,Lương qua FTA,2002-12-06,45858499284,Đang hoạt động,Không,2026-12-31,0,0.0,0.0,1,1,4,24.0684462696783,26.0684462696783,False,False,False,False,False,4,8928799.5,8928799.5,0.0,2873974.911234718,0.3218769680330169,40,100,False,,Tiếp tục,Công chức,2016-10-05,1.0,50000000.0,83706962.0,11,False,0.0,1,False,60,80,80,10.236824093086927,100,72.0,BBB
HSCN00075,KH000113,2026-12-20,Vay tiêu dùng tín chấp,Chi phí khám chữa bệnh,55000000.0,24,19.56,39300000.0,8200000.0,Lương qua FTA và sao kê ngân hàng khác,1962-12-12,70519422919,Đang hoạt động,Không,2026-12-31,0,0.0,0.0,1,1,1,64.05201916495551,66.05201916495551,False,False,False,False,False,12,8036694.0,16236694.0,0.0,2787461.190047988,0.1716766473549349,60,100,False,,Tiếp tục,Bán hàng,2015-05-07,1.0,125000000.0,135518345.66666666,12,True,0.0,1,True,100,80,60,11.652292950034223,100,83.0,A
HSCN00076,KH000115,2026-12-24,Vay tiêu dùng tín chấp,Chi phí khám chữa bệnh,20000000.0,12,13.81,19100000.0,0.0,Lương qua FTA,1967-10-09,43406255939,Đang hoạt động,Không,2026-12-31,1,119000000.0,4710000.0,2,2,1,59.22792607802874,60.22792607802874,False,False,False,False,False,12,11716841.916666666,11716841.916666666,15060000.0,1793954.8697513426,1.4384383598943475,60,20,False,,Tiếp tục,Hưu trí,2016-11-05,2.0,119000000.0,157877558.66666666,12,True,13.0,2,True,40,80,60,10.151950718685832,100,51.0,CCC
HSCN00077,KH000117,2026-11-23,Vay tiêu dùng tín chấp,Mua sắm đồ dùng gia đình,40000000.0,24,16.81,18400000.0,0.0,Lương qua FTA,1983-09-07,45191351854,Đang hoạt động,Không,2026-12-31,0,0.0,0.0,1,2,1,43.31553730321698,45.31553730321698,False,False,False,False,False,12,11673760.083333334,11673760.083333334,0.0,1974040.7255973376,0.1691006763464055,60,100,False,,Tiếp tục,Lái xe,2022-10-03,1.0,0.0,124675885.66666669,12,True,0.0,2,True,40,60,60,4.243668720054757,80,67.0,BB
HSCN00078,KH000118,2026-11-30,Vay mua ô tô,Mua ô tô mới phục vụ đi lại,220000000.0,36,10.0,32500000.0,0.0,Lương qua FTA,1989-10-04,34685188483,Đang hoạt động,Không,2026-12-31,0,0.0,0.0,1,1,1,37.24024640657084,40.24024640657084,False,False,False,False,False,12,14464687.833333334,14464687.833333334,39465000.0,7098781.182644269,3.219134883460103,60,20,False,,Tiếp tục,Kỹ sư,2021-02-02,1.0,901000000.0,911809424.0,12,True,0.0,1,True,100,80,80,5.908281998631074,100,65.0,BB
HSCN00079,KH000120,2026-12-11,Vay sản xuất kinh doanh,Bổ sung vốn kinh doanh hộ gia đình,220000000.0,24,9.49,9700000.0,0.0,Lương qua FTA,1979-08-02,29401998027,Đang hoạt động,Không,2026-12-31,0,0.0,0.0,1,1,1,47.41409993155373,49.41409993155373,False,False,False,False,False,3,8915726.666666666,8915726.666666666,0.0,10100176.082173286,1.1328494535319185,40,20,False,,Tiếp tục,Kinh doanh tự do,2026-10-01,1.0,29000000.0,96469752.0,12,False,0.0,1,False,60,80,60,0.24914442162902123,20,46.0,CC
HSCN00080,KH000122,2026-12-26,Vay mua ô tô,Mua ô tô mới phục vụ đi lại,275000000.0,72,8.06,25400000.0,0.0,Lương qua FTA,2004-09-23,14838621345,Đang hoạt động,Không,2026-12-31,0,0.0,0.0,1,1,1,22.269678302532512,28.269678302532512,False,False,False,False,False,3,20506711.666666668,20506711.666666668,0.0,4829701.690496788,0.2355180961727467,80,100,False,,Tiếp tục,Công nhân,2026-10-01,1.0,664000000.0,701180307.3333334,12,False,0.0,1,False,60,80,60,0.24914442162902123,20,76.0,BBB
HSCN00081,KH000123,2026-12-17,Vay mua nhà,Mua nhà ở riêng lẻ,1870000000.0,240,8.76,166700000.0,0.0,Lương qua FTA,1967-08-14,49383764910,Đang hoạt động,Không,2026-12-31,0,0.0,0.0,1,2,0,59.38124572210815,79.38124572210815,True,False,False,False,False,12,74077859.91666667,74077859.91666667,0.0,16537324.051690292,0.2232424650265791,100,100,False,DK01,Dừng,Giáo viên,2022-02-02,1.0,1144000000.0,2218956726.666667,12,False,0.0,2,True,40,100,80,4.908966461327857,80,85.0,AA
HSCN00082,KH000124,2026-11-23,Vay mua ô tô,Mua ô tô mới phục vụ đi lại,300000000.0,72,8.91,16800000.0,14300000.0,Sao kê ngân hàng khác,1958-05-05,61806645554,Ngừng giao dịch,Không,2026-12-31,2,247000000.0,14580000.0,1,1,1,68.65708418891171,74.65708418891171,False,True,False,False,False,0,0.0,14300000.0,14580000.0,5394270.542233891,1.3968021358205518,60,20,False,DK02,Dừng,Giáo viên,2026-01-01,1.0,629000000.0,636751138.0,7,False,0.0,1,True,100,60,80,0.9965776865160849,20,58.0,B
HSCN00083,KH000125,2026-11-30,Vay sản xuất kinh doanh,Mua máy móc phục vụ sản xuất,130000000.0,36,9.03,6100000.0,0.0,Chưa xác minh,1968-11-09,24941082126,Đang hoạt động,Không,2026-12-31,0,0.0,0.0,1,2,4,58.1409993155373,61.1409993155373,False,False,False,False,False,0,0.0,0.0,0.0,4135780.594821495,,20,20,True,DK05,Dừng,Hưu trí,2022-02-02,1.0,276000000.0,276177369.3333333,12,False,0.0,2,True,40,60,60,4.908966461327857,80,37.0,C
HSCN00084,KH000128,2026-12-20,Vay tiêu dùng tín chấp,Mua sắm đồ dùng gia đình,60000000.0,36,14.5,12100000.0,0.0,Lương qua FTA,2003-04-04,41371028124,Đang hoạt động,Không,2026-12-31,0,0.0,0.0,1,1,1,23.742642026009584,26.742642026009584,False,False,False,False,False,12,9208139.416666666,9208139.416666666,312000.0,2065258.6465688392,0.2581692716626356,40,100,False,,Tiếp tục,Kỹ sư,2017-06-05,1.0,0.0,86417286.66666667,12,True,0.0,1,True,100,60,80,9.571526351813826,100,77.0,BBB
HSCN00085,KH000129,2026-12-06,Vay cầm cố sổ tiết kiệm,Nhu cầu tiêu dùng ngắn hạn,16000000.0,6,6.77,10800000.0,0.0,Chưa xác minh,1994-08-16,26935463786,Ngừng giao dịch,Không,2026-12-31,0,0.0,0.0,1,1,1,32.375085557837096,32.875085557837096,False,False,False,False,False,0,0.0,0.0,0.0,2719569.075954196,,20,20,False,,Tiếp tục,Bán hàng,2016-06-06,1.0,26000000.0,26313048.0,7,False,0.0,1,False,60,60,60,10.568104038329912,100,42.0,CC
HSCN00086,KH000130,2026-12-28,Vay mua ô tô,Mua ô tô mới phục vụ đi lại,200000000.0,36,9.23,11700000.0,0.0,Lương qua FTA,1977-09-15,39070360738,Đang hoạt động,Không,2026-12-31,3,82000000.0,3620000.0,1,1,2,49.29226557152635,52.29226557152635,False,False,False,False,False,12,11135864.25,11135864.25,4880000.0,6381377.138409901,1.0112710505078133,60,20,False,,Tiếp tục,Nhân viên văn phòng,2021-11-03,1.0,73000000.0,107466029.0,12,True,0.0,1,True,100,80,80,5.158110882956879,100,65.0,BB
HSCN00087,KH000131,2026-11-26,Vay cầm cố sổ tiết kiệm,Bổ sung vốn kinh doanh ngắn hạn,19000000.0,3,7.49,10500000.0,8700000.0,Sao kê ngân hàng khác,1957-04-09,50688166797,Đang hoạt động,Không,2026-12-31,2,75000000.0,2730000.0,1,1,2,69.72758384668036,69.97758384668036,False,False,False,False,False,0,0.0,8700000.0,2730000.0,6412558.423197295,1.0508687842755513,40,20,False,,Tiếp tục,Nhân viên văn phòng,2019-01-04,1.0,31000000.0,31294780.0,12,False,0.0,1,True,100,60,80,7.989048596851472,100,57.0,B
HSCN00088,KH000132,2026-12-08,Vay tiêu dùng tín chấp,Chi phí học tập,50000000.0,36,17.11,39900000.0,0.0,Lương qua FTA,1981-02-08,42373084908,Đang hoạt động,Không,2026-12-31,2,438000000.0,19760000.0,1,1,0,45.89185489390828,48.89185489390828,False,False,False,False,False,12,22096092.75,22096092.75,19760000.0,1785374.8403766474,0.975076231085093,80,20,False,,Tiếp tục,Công nhân,2022-03-04,1.0,561000000.0,587171780.0,12,True,0.0,1,True,100,80,60,4.826830937713894,80,67.0,BB
HSCN00089,KH000133,2026-12-26,Vay tiêu dùng tín chấp,Chi phí học tập,55000000.0,36,15.17,11200000.0,10400000.0,Sao kê ngân hàng khác,1958-07-19,31095549440,Đang hoạt động,Không,2026-12-31,0,0.0,0.0,1,1,1,68.4517453798768,71.4517453798768,False,False,False,False,False,0,0.0,10400000.0,0.0,1911174.9851796504,0.1837668254980433,60,100,False,,Tiếp tục,Bán hàng,2014-10-07,1.0,360000000.0,362545821.0,12,False,0.0,1,False,60,60,60,12.232717316906228,100,72.0,BBB
HSCN00090,KH000135,2026-12-01,Vay mua ô tô,Mua ô tô mới phục vụ đi lại,300000000.0,48,8.71,5600000.0,0.0,Chưa xác minh,2006-02-13,84763667657,Đang hoạt động,Không,2026-12-31,0,0.0,0.0,1,1,1,20.878850102669404,24.878850102669404,False,False,False,False,False,0,0.0,0.0,0.0,7424270.548606322,,20,20,True,DK05,Dừng,Công chức,2025-08-02,1.0,1296000000.0,1340353576.0,11,False,0.0,1,False,60,100,80,1.4127310061601643,40,47.0,CCC
HSCN00091,KH000136,2026-12-22,Vay tiêu dùng tín chấp,Mua sắm đồ dùng gia đình,115000000.0,36,15.45,40600000.0,0.0,Lương qua FTA,1989-01-26,77556822350,Đang hoạt động,Không,2026-12-31,3,120000000.0,6570000.0,1,1,2,37.927446954141,40.927446954141,False,False,False,False,False,12,39011841.833333336,39011841.833333336,6570000.0,4011901.587404737,0.2712484489353979,100,100,False,,Tiếp tục,Kỹ sư,2018-06-05,1.0,1374000000.0,1398471418.0,12,True,0.0,1,True,100,100,80,8.572210814510608,100,98.0,AAA
HSCN00092,KH000139,2026-11-27,Vay sản xuất kinh doanh,Bổ sung vốn kinh doanh hộ gia đình,780000000.0,12,9.66,12900000.0,10700000.0,Sao kê ngân hàng khác,1991-09-03,59570967436,Đang hoạt động,Không,2026-12-31,3,302000000.0,11290000.0,1,1,2,35.3264887063655,36.3264887063655,False,False,False,False,False,0,0.0,10700000.0,11290000.0,68451111.21450505,7.452440300421032,60,20,False,,Tiếp tục,Kỹ sư,2016-04-06,1.0,639000000.0,639374473.6666666,11,False,0.0,1,True,100,60,80,10.735112936344969,100,62.0,BB
HSCN00093,KH000140,2026-12-13,Vay tiêu dùng tín chấp,Chi phí khám chữa bệnh,20000000.0,12,13.07,5800000.0,0.0,Chưa xác minh,1959-09-09,65473411555,Đang hoạt động,Không,2026-12-31,1,330000000.0,10460000.0,1,1,0,67.31006160164272,68.31006160164272,False,False,False,False,False,0,0.0,0.0,10460000.0,1787002.4113459853,,20,20,True,DK05,Dừng,Bác sĩ,2023-01-02,1.0,24000000.0,49875402.66666667,12,True,0.0,1,True,100,60,80,3.994524298425736,80,51.0,CCC
HSCN00094,KH000141,2026-11-22,Vay tiêu dùng tín chấp,Sửa chữa nhà,50000000.0,24,17.45,9100000.0,0.0,Lương qua FTA,1981-04-24,28735731158,Đang hoạt động,Không,2026-12-31,1,18000000.0,1020000.0,1,1,0,45.686516084873375,47.686516084873375,False,False,False,False,False,4,8929362.25,8929362.25,1020000.0,2482937.968077245,0.3922943061333686,40,80,False,,Tiếp tục,Công nhân,2017-10-05,1.0,122000000.0,127769502.66666669,11,False,0.0,1,True,100,80,60,9.23750855578371,100,73.0,BBB
HSCN00095,KH000142,2026-12-01,Vay cầm cố sổ tiết kiệm,Nhu cầu tiêu dùng ngắn hạn,844000000.0,12,6.99,83300000.0,0.0,Lương qua FTA,2002-06-25,63452196421,Đang hoạt động,Không,2026-12-31,0,0.0,0.0,1,1,0,24.517453798767967,25.517453798767967,False,False,False,False,False,12,51213003.16666666,51213003.16666666,0.0,73024682.92446771,1.4259012049501865,100,20,False,,Tiếp tục,Lái xe,2018-08-05,1.0,928000000.0,994583606.6666666,12,True,0.0,1,True,100,80,60,8.405201916495551,100,73.0,BBB
HSCN00096,KH000145,2026-11-24,Vay mua ô tô,Mua ô tô mới phục vụ đi lại,335000000.0,60,9.5,12600000.0,0.0,Lương qua FTA,1958-01-05,82672155316,Đang hoạt động,Không,2026-12-31,1,424000000.0,20140000.0,3,3,2,68.98562628336755,73.98562628336755,False,False,True,False,False,12,11552912.833333334,11552912.833333334,20458000.0,7035623.538754762,2.379800136587899,60,20,False,DK03,Dừng,Công chức,2024-08-02,3.0,0.0,122757162.0,12,True,98.0,3,True,20,60,80,2.412046543463381,60,44.0,CC
HSCN00097,KH000147,2026-11-27,Vay tiêu dùng tín chấp,Mua sắm đồ dùng gia đình,35000000.0,60,18.74,18200000.0,0.0,Lương qua FTA,1961-05-04,88882672778,Đang hoạt động,Không,2026-12-31,0,0.0,0.0,1,1,0,65.65913757700206,70.65913757700206,False,False,False,False,False,12,10856672.666666666,10856672.666666666,3060000.0,902919.4682301368,0.3650215484894853,60,80,False,,Tiếp tục,Nội trợ,2015-12-06,1.0,32000000.0,170071981.33333334,12,True,0.0,1,True,100,80,20,11.069130732375086,100,74.0,BBB
HSCN00098,KH000148,2026-11-24,Vay tiêu dùng tín chấp,Mua sắm đồ dùng gia đình,25000000.0,48,14.48,9800000.0,0.0,Lương qua FTA,1966-07-18,59166586320,Đang hoạt động,Không,2026-12-31,0,0.0,0.0,1,1,2,60.45448323066393,64.45448323066393,False,False,False,False,False,12,9149722.083333334,9149722.083333334,1026000.0,689196.7111503484,0.1874588862403441,40,100,False,,Tiếp tục,Kỹ sư,2023-12-03,1.0,0.0,100580536.66666669,12,True,0.0,1,True,100,60,80,3.077344284736482,80,76.0,BBB
HSCN00099,KH000149,2026-11-24,Vay tiêu dùng tín chấp,Chi phí khám chữa bệnh,40000000.0,36,16.9,19800000.0,9300000.0,Lương qua FTA và sao kê ngân hàng khác,1967-04-21,76796359553,Ngừng giao dịch,Không,2026-12-31,3,680000000.0,30070000.0,1,1,4,59.696098562628336,62.696098562628336,False,False,False,False,False,7,9069787.285714284,18369787.285714284,30070000.0,1424119.159734561,1.7144520331069233,60,20,False,,Tiếp tục,Bán hàng,2017-04-06,1.0,422000000.0,456161738.0,7,False,0.0,1,True,100,80,60,9.735797399041752,100,63.0,BB
HSCN00100,KH000150,2026-12-27,Vay tiêu dùng tín chấp,Chi phí học tập,25000000.0,24,16.62,16500000.0,0.0,Lương qua FTA,1978-04-09,49810136397,Đang hoạt động,Không,2026-12-31,1,653000000.0,37290000.0,1,2,1,48.72826830937714,50.72826830937714,False,False,False,False,False,12,16317802.166666666,16317802.166666666,37290000.0,1231496.7286435852,2.3607037476734285,60,20,False,,Tiếp tục,Hưu trí,2017-03-06,1.0,843000000.0,873124860.0,12,False,0.0,2,True,40,80,60,9.820670773442847,100,51.0,CCC
HSCN00101,KH000151,2026-12-02,Vay sản xuất kinh doanh,Mua máy móc phục vụ sản xuất,220000000.0,36,10.37,6000000.0,0.0,Chưa xác minh,1997-01-06,40942244383,Đang hoạt động,Không,2026-12-31,0,0.0,0.0,1,2,5,29.98220396988364,32.98220396988364,False,False,False,False,False,0,0.0,0.0,0.0,7137059.365886852,,20,20,True,DK05,Dừng,Bán hàng,2021-03-04,1.0,0.0,140382.66666666666,12,False,0.0,2,True,40,40,60,5.8261464750171115,100,35.0,C
HSCN00102,KH000152,2026-12-27,Vay mua nhà,Nhận chuyển nhượng quyền sử dụng đất ở,390000000.0,180,9.98,13400000.0,0.0,Lương qua FTA,1994-02-20,29810687496,Đang hoạt động,Không,2026-12-31,2,75000000.0,3670000.0,1,1,1,32.85968514715948,47.85968514715948,False,False,False,False,False,4,11840012.5,11840012.5,3670000.0,4186189.422575672,0.6635288115258047,60,20,False,,Tiếp tục,Kỹ sư,2015-06-07,1.0,0.0,70326038.0,11,False,0.0,1,True,100,60,80,11.567419575633128,100,62.0,BB
HSCN00103,KH000153,2026-11-22,Vay tiêu dùng tín chấp,Chi phí học tập,20000000.0,12,14.24,5200000.0,0.0,Chưa xác minh,1991-05-27,18236597658,Đang hoạt động,Không,2026-12-31,1,309000000.0,15430000.0,1,1,1,35.59753593429158,36.59753593429158,False,False,False,False,False,0,0.0,0.0,15430000.0,1798001.620922118,,20,20,True,DK05,Dừng,Nhân viên văn phòng,2022-04-04,1.0,1029000000.0,1029261407.6666666,12,False,0.0,1,True,100,100,80,4.741957563312799,80,57.0,B
HSCN00104,KH000156,2026-12-27,Vay mua nhà,Nhận chuyển nhượng quyền sử dụng đất ở,570000000.0,300,8.64,8400000.0,0.0,Chưa xác minh,1956-12-23,84264248605,Đang hoạt động,Không,2026-12-31,0,0.0,0.0,1,1,1,70.02053388090349,95.02053388090349,True,False,False,False,False,0,0.0,0.0,0.0,4643695.228966181,,20,20,True,DK01,Dừng,Kế toán,2017-09-05,1.0,568000000.0,577021218.6666666,11,False,0.0,1,False,60,60,80,9.319644079397673,100,44.0,CC
HSCN00105,KH000158,2026-12-22,Vay mua nhà,Nhận chuyển nhượng quyền sử dụng đất ở,690000000.0,300,9.88,28400000.0,10500000.0,Lương qua FTA và sao kê ngân hàng khác,1992-02-01,24890520062,Đang hoạt động,Không,2026-12-31,0,0.0,0.0,1,1,0,34.91307323750856,59.91307323750856,False,False,False,False,False,12,13832414.25,24332414.25,12240000.0,6211761.33716153,0.7583202039707807,80,20,False,,Tiếp tục,Kế toán,2023-10-03,1.0,260000000.0,300358606.6666667,12,True,0.0,1,True,100,80,80,3.24435318275154,80,69.0,BB
HSCN00106,KH000159,2026-12-08,Vay cầm cố sổ tiết kiệm,Nhu cầu tiêu dùng ngắn hạn,106000000.0,3,7.94,20400000.0,0.0,Lương qua FTA,1990-08-24,61019191813,Đang hoạt động,Không,2026-12-31,1,1054000000.0,61370000.0,1,1,2,36.35318275154004,36.60318275154004,False,False,False,False,False,4,17446394.5,17446394.5,61370000.0,35801938.97562014,5.569743305736905,60,20,False,,Tiếp tục,Nhân viên văn phòng,2026-09-01,1.0,353000000.0,411814483.0,12,False,0.0,1,True,100,80,80,0.33127994524298426,20,61.0,B
HSCN00107,KH000160,2026-12-21,Vay mua ô tô,Mua ô tô mới phục vụ đi lại,260000000.0,48,8.22,13500000.0,0.0,Lương qua FTA,1988-08-08,63804541937,Đang hoạt động,Không,2026-12-31,0,0.0,0.0,1,2,3,38.39561943874059,42.39561943874059,False,False,False,False,False,12,11546152.75,11546152.75,0.0,6374243.853616196,0.552066475442757,60,20,False,,Tiếp tục,Kỹ sư,2017-01-04,1.0,56000000.0,181575900.3333333,12,False,0.0,2,True,40,80,80,9.987679671457906,100,53.0,CCC
HSCN00108,KH000163,2026-11-27,Vay mua ô tô,Mua ô tô mới phục vụ đi lại,230000000.0,60,8.34,50000000.0,0.0,Lương qua FTA,2002-04-25,44696968952,Đang hoạt động,Không,2026-12-31,0,0.0,0.0,1,1,0,24.684462696783022,29.684462696783022,False,False,False,False,False,4,41554073.0,41554073.0,0.0,4701085.856902615,0.1131317706666832,100,100,False,,Tiếp tục,Bán hàng,2020-07-04,1.0,824000000.0,854200025.6666666,11,False,0.0,1,False,60,80,60,6.491444216290212,100,85.0,AA
HSCN00109,KH000164,2026-12-02,Vay mua ô tô,Mua ô tô mới phục vụ đi lại,245000000.0,84,10.47,17400000.0,0.0,Lương qua FTA,1997-06-22,72630452705,Đang hoạt động,Không,2026-12-31,0,0.0,0.0,1,1,1,29.52498288843258,36.524982888432575,False,False,False,False,False,4,8782389.5,8782389.5,0.0,4127034.687813822,0.4699216184631554,40,40,False,,Tiếp tục,Hưu trí,2017-04-06,1.0,0.0,31750766.0,11,False,0.0,1,False,60,60,60,9.735797399041752,100,52.0,CCC
HSCN00110,KH000165,2026-11-24,Vay tiêu dùng tín chấp,Chi phí học tập,25000000.0,48,19.38,9100000.0,0.0,Lương qua FTA,1973-01-08,45655980154,Đang hoạt động,Không,2026-12-31,3,117000000.0,3700000.0,1,1,2,53.97672826830938,57.97672826830938,False,False,False,False,False,12,8973969.166666666,8973969.166666666,3700000.0,752525.2294114915,0.4961600766303232,40,40,False,,Tiếp tục,Công nhân,2022-12-03,1.0,414000000.0,441019485.6666667,12,False,0.0,1,True,100,80,60,4.076659822039699,80,62.0,BB
HSCN00111,KH000167,2026-12-04,Vay tiêu dùng tín chấp,Chi phí khám chữa bệnh,160000000.0,48,13.36,12500000.0,10200000.0,Sao kê ngân hàng khác,1957-11-14,28695359144,Ngừng giao dịch,Không,2026-12-31,0,0.0,0.0,3,3,0,69.12799452429843,73.12799452429843,False,False,True,False,False,0,0.0,10200000.0,1224000.0,4321042.801914819,0.5436316472465509,60,20,False,DK03,Dừng,Bác sĩ,2024-12-01,3.0,0.0,38459608.0,7,True,130.0,3,True,20,20,80,2.080766598220397,60,38.0,C
HSCN00112,KH000168,2026-11-22,Vay mua ô tô,Mua ô tô mới phục vụ đi lại,595000000.0,72,8.76,31400000.0,26400000.0,"Giấy tờ kinh doanh, sổ sách thuế",1998-09-02,41034088371,Đang hoạt động,Không,2026-12-31,0,0.0,0.0,1,1,4,28.32854209445585,34.328542094455855,False,False,False,False,False,0,0.0,26400000.0,0.0,10654458.975254465,0.4035779914869115,80,60,False,,Tiếp tục,Kinh doanh tự do,2017-10-05,1.0,454000000.0,460149466.6666667,11,False,0.0,1,False,60,60,60,9.23750855578371,100,67.0,BB
HSCN00113,KH000170,2026-11-26,Vay cầm cố sổ tiết kiệm,Nhu cầu tiêu dùng ngắn hạn,601000000.0,3,6.91,12200000.0,0.0,Chưa xác minh,1995-06-14,47007744107,Đang hoạt động,Không,2026-12-31,2,234000000.0,13700000.0,1,2,3,31.548254620123203,31.798254620123203,False,False,False,False,False,0,0.0,0.0,31760000.0,202644921.3185762,,20,20,False,,Tiếp tục,Bán hàng,2022-10-03,1.0,1085000000.0,1085346353.0,11,True,0.0,2,True,40,100,60,4.243668720054757,80,43.0,CC
HSCN00114,KH000171,2026-12-20,Vay sản xuất kinh doanh,Mua hàng hóa kinh doanh,400000000.0,36,9.09,7500000.0,0.0,Chưa xác minh,1994-08-04,77532809237,Đang hoạt động,Không,2026-12-31,3,26000000.0,1310000.0,1,1,0,32.407939767282684,35.407939767282684,False,False,False,False,False,0,0.0,0.0,3776000.0,12736654.545819152,,20,20,True,DK05,Dừng,Kế toán,2022-11-02,1.0,401000000.0,401191984.3333333,12,True,0.0,1,True,100,60,80,4.161533196440794,80,51.0,CCC
HSCN00115,KH000172,2026-12-22,Vay sản xuất kinh doanh,Mua máy móc phục vụ sản xuất,590000000.0,36,12.29,11300000.0,0.0,Lương qua FTA,2006-02-16,23258485424,Đang hoạt động,Không,2026-12-31,1,332000000.0,15390000.0,1,1,1,20.870636550308006,23.870636550308006,False,False,False,False,False,12,10014138.0,10014138.0,15390000.0,19678263.95664388,3.5018754441614326,60,20,False,,Tiếp tục,Kế toán,2016-09-05,1.0,175000000.0,181090258.66666663,12,False,0.0,1,True,100,80,80,10.318959616700889,100,65.0,BB
HSCN00116,KH000174,2026-12-27,Vay mua ô tô,Mua ô tô mới phục vụ đi lại,210000000.0,72,9.46,21600000.0,0.0,Lương qua FTA,1984-04-19,12920509014,Ngừng giao dịch,Không,2026-12-31,0,0.0,0.0,1,1,0,42.69952087611225,48.69952087611225,False,False,False,False,False,7,9231630.285714284,9231630.285714284,0.0,3833483.8631477305,0.4152553497598306,40,60,False,,Tiếp tục,Hưu trí,2021-10-03,1.0,36000000.0,118886767.0,7,False,0.0,1,False,60,80,60,5.242984257357974,100,60.0,B
HSCN00117,KH000176,2026-11-27,Vay tiêu dùng tín chấp,Chi phí học tập,25000000.0,24,18.99,12700000.0,0.0,Lương qua FTA,1976-07-04,85353695753,Đang hoạt động,Không,2026-12-31,2,45000000.0,1360000.0,1,1,3,50.49144421629021,52.49144421629021,False,False,False,False,False,12,11990486.833333334,11990486.833333334,1360000.0,1260093.970563417,0.2185143945348077,60,100,False,,Tiếp tục,Hưu trí,2024-06-02,1.0,0.0,73330965.0,12,False,0.0,1,True,100,60,60,2.5790554414784395,60,78.0,A
HSCN00118,KH000177,2026-12-24,Vay mua nhà,Mua căn hộ chung cư,470000000.0,180,10.42,41800000.0,0.0,Lương qua FTA,1975-02-21,41911305910,Đang hoạt động,Không,2026-12-31,0,0.0,0.0,1,1,1,51.85763175906913,66.85763175906914,False,False,False,False,False,12,36761104.91666666,36761104.91666666,33510000.0,5172089.205340657,1.0522558909213595,100,20,False,,Tiếp tục,Công chức,2019-10-05,1.0,986000000.0,1013991371.6666666,12,True,0.0,1,True,100,100,80,7.238877481177276,100,78.0,A
HSCN00119,KH000178,2026-12-05,Vay tiêu dùng tín chấp,Mua vàng miếng,55000000.0,24,15.35,9500000.0,0.0,Lương qua FTA,1957-01-17,35590118489,Đang hoạt động,Không,2026-12-31,0,0.0,0.0,1,1,3,69.95208761122518,71.95208761122518,False,False,False,False,True,4,8823191.25,8823191.25,0.0,2675920.6860553343,0.3032826343932343,40,100,False,DK06,Dừng,Kỹ sư,2022-07-04,1.0,188000000.0,213463279.3333333,11,False,0.0,1,False,60,80,80,4.492813141683778,80,71.0,BBB
HSCN00120,KH000180,2026-12-12,Vay mua nhà,Mua căn hộ chung cư,430000000.0,120,10.97,12300000.0,0.0,Lương qua FTA,1995-12-24,61832670104,Đang hoạt động,Không,2026-12-31,2,696000000.0,28080000.0,1,1,0,31.019849418206707,41.019849418206704,False,False,False,False,False,12,11679734.0,11679734.0,28080000.0,5915950.716754081,2.910678506612743,60,20,False,,Tiếp tục,Công chức,2021-10-03,1.0,32000000.0,111039316.33333331,12,False,0.0,1,True,100,80,80,5.242984257357974,100,65.0,BB
HSCN00121,KH000182,2026-12-26,Vay tiêu dùng tín chấp,Mua sắm đồ dùng gia đình,105000000.0,36,13.37,32100000.0,0.0,Lương qua FTA,1958-08-14,43504834424,Đang hoạt động,Không,2026-12-31,3,39000000.0,2220000.0,1,1,0,68.38056125941137,71.38056125941137,False,False,False,False,False,12,26570723.58333333,26570723.58333333,2220000.0,3556606.53487889,0.2174049388140226,80,100,False,,Tiếp tục,Kỹ sư,2019-06-05,1.0,480000000.0,485618994.0,12,False,0.0,1,True,100,80,80,7.572895277207392,100,90.0,AA
HSCN00122,KH000183,2026-12-24,Vay cầm cố sổ tiết kiệm,Bổ sung vốn kinh doanh ngắn hạn,1341000000.0,12,6.82,112100000.0,11700000.0,Lương qua FTA và sao kê ngân hàng khác,1973-07-24,77115926462,Đang hoạt động,Không,2026-12-31,1,1675000000.0,54660000.0,1,1,0,53.43737166324436,54.43737166324436,False,False,False,False,False,12,84039779.83333333,95739779.83333331,54660000.0,115921120.02740264,1.7817162346138185,100,20,False,,Tiếp tục,Nhân viên văn phòng,2017-04-06,1.0,4163000000.0,4197734501.3333335,12,False,0.0,1,True,100,100,80,9.735797399041752,100,78.0,A
HSCN00123,KH000184,2026-12-24,Vay mua ô tô,Mua ô tô mới phục vụ đi lại,260000000.0,72,10.53,39000000.0,0.0,Lương qua FTA,1999-03-25,40145838555,Đang hoạt động,Không,2026-12-31,0,0.0,0.0,1,1,2,27.770020533880903,33.7700205338809,False,False,False,False,False,4,38352928.25,38352928.25,0.0,4886497.420881125,0.1274087180261425,100,100,False,,Tiếp tục,Lái xe,2024-02-01,1.0,595000000.0,612709954.0,11,False,0.0,1,False,60,80,60,2.9130732375085557,60,83.0,A
HSCN00124,KH000185,2026-12-24,Vay sản xuất kinh doanh,Mua máy móc phục vụ sản xuất,220000000.0,36,9.68,27000000.0,0.0,Lương qua FTA,1984-10-05,73174442084,Đang hoạt động,Không,2026-12-31,0,0.0,0.0,1,1,1,42.23682409308692,45.23682409308692,False,False,False,False,False,12,22938912.0,22938912.0,0.0,7065774.706142101,0.3080257122108538,80,100,False,,Tiếp tục,Nhân viên văn phòng,2023-04-03,1.0,300000000.0,396628407.3333333,12,True,0.0,1,True,100,80,80,3.7453798767967146,80,89.0,AA
HSCN00125,KH000186,2026-12-21,Vay tiêu dùng tín chấp,Chi phí khám chữa bệnh,30000000.0,48,16.58,13400000.0,0.0,Lương qua FTA,1967-07-13,69362803714,Đang hoạt động,Có,2026-12-31,1,131000000.0,4300000.0,1,1,1,59.46885694729637,63.46885694729637,False,True,False,False,False,4,11605430.5,11605430.5,4300000.0,859146.2305611987,0.4445458727757836,60,40,False,DK02,Dừng,Lái xe,2024-05-03,1.0,239000000.0,244017811.0,11,False,0.0,1,True,100,80,60,2.6611909650924024,60,66.0,BB
HSCN00126,KH000188,2026-12-17,Vay mua nhà,Mua nhà ở riêng lẻ,520000000.0,180,9.38,5500000.0,0.0,Chưa xác minh,1993-06-25,35651821450,Đang hoạt động,Không,2026-12-31,0,0.0,0.0,1,1,1,33.516769336071185,48.51676933607119,False,False,False,False,False,0,0.0,0.0,0.0,5392378.621748122,,20,20,True,DK05,Dừng,Kế toán,2015-08-07,1.0,3919000000.0,3932903500.6666665,11,False,0.0,1,False,60,100,80,11.40041067761807,100,50.0,CCC
HSCN00127,KH000190,2026-12-24,Vay mua nhà,Nhận chuyển nhượng quyền sử dụng đất ở,730000000.0,120,10.91,62200000.0,0.0,Lương qua FTA,1970-06-22,22532667250,Đang hoạt động,Không,2026-12-31,1,240000000.0,11860000.0,1,1,3,56.52566735112936,66.52566735112936,False,False,False,False,False,12,56464355.66666666,56464355.66666666,11860000.0,10018596.935911572,0.3874762525418748,100,80,False,,Tiếp tục,Công nhân,2017-01-04,1.0,2833000000.0,2956638218.6666665,12,False,0.0,1,True,100,100,60,9.987679671457906,100,91.0,AA
HSCN00128,KH000191,2026-11-28,Vay tiêu dùng tín chấp,Mua sắm đồ dùng gia đình,75000000.0,24,13.54,16700000.0,0.0,Lương qua FTA,1986-12-04,58059662192,Đang hoạt động,Không,2026-12-31,0,0.0,0.0,1,1,0,40.07392197125257,42.07392197125257,False,False,False,False,False,12,14478682.25,14478682.25,0.0,3584689.434478956,0.2475839563699905,60,100,False,,Tiếp tục,Công nhân,2017-04-06,1.0,678000000.0,681616233.6666666,12,False,0.0,1,False,60,80,60,9.735797399041752,100,75.0,BBB
HSCN00129,KH000194,2026-11-29,Vay cầm cố sổ tiết kiệm,Nhu cầu tiêu dùng ngắn hạn,171000000.0,12,6.72,21700000.0,0.0,Lương qua FTA,1980-03-03,23050737019,Đang hoạt động,Không,2026-12-31,0,0.0,0.0,1,1,1,46.82819986310746,47.82819986310746,False,False,False,False,False,4,9207108.0,9207108.0,0.0,14774010.064361108,1.6046309073773335,40,20,False,,Tiếp tục,Bán hàng,2023-03-04,1.0,229000000.0,235192739.3333333,11,False,0.0,1,False,60,80,60,3.8275154004106775,80,49.0,CCC
HSCN00130,KH000198,2026-12-28,Vay mua ô tô,Mua ô tô mới phục vụ đi lại,655000000.0,72,8.0,34800000.0,28900000.0,Sao kê ngân hàng khác,1959-03-11,20957499046,Đang hoạt động,Không,2026-12-31,0,0.0,0.0,1,1,0,67.80835044490075,73.80835044490075,False,False,False,False,False,0,0.0,28900000.0,0.0,11484272.60082917,0.3973796747691754,80,80,False,,Tiếp tục,Giáo viên,2020-12-03,1.0,64000000.0,66234588.0,12,False,0.0,1,False,60,60,80,6.075290896646133,100,74.0,BBB
HSCN00131,KH000200,2026-11-24,Vay tiêu dùng tín chấp,Sửa chữa nhà,20000000.0,24,15.83,6200000.0,4200000.0,Sao kê ngân hàng khác,2005-07-21,11841420952,Đang hoạt động,Không,2026-12-31,0,0.0,0.0,1,1,1,21.44558521560575,23.44558521560575,False,False,False,False,False,0,0.0,4200000.0,0.0,977638.4371375612,0.2327710564613241,20,100,True,DK05,Dừng,Nội trợ,2017-02-04,1.0,133000000.0,133221643.66666669,11,False,0.0,1,False,60,60,20,9.902806297056811,100,58.0,B
